feature_name,source_factor,source_factor_id,usage_type,category,catalog_direction,applied_direction,direction_source,direction_source_modes,applied_direction_modes,years_evaluated,years_rank_ic_positive,years_gross_sharpe_positive,fold_id,test_year,train_start,train_end,train_rows,test_rows,score_transform,pearson_ic_mean,rank_ic_mean,rank_ic_hit_rate,rank_icir,ic_days,prediction_rows,prediction_days,strategy_days,target_r2,target_mae,strategy_coverage,gross_annual_return,gross_annual_volatility,gross_sharpe,gross_max_drawdown,gross_total_return,gross_hit_rate,net_0bps_annual_return,net_0bps_annual_volatility,net_0bps_sharpe,net_0bps_max_drawdown,net_0bps_total_return,net_0bps_hit_rate,net_3bps_annual_return,net_3bps_annual_volatility,net_3bps_sharpe,net_3bps_max_drawdown,net_3bps_total_return,net_3bps_hit_rate,net_5bps_annual_return,net_5bps_annual_volatility,net_5bps_sharpe,net_5bps_max_drawdown,net_5bps_total_return,net_5bps_hit_rate,net_10bps_annual_return,net_10bps_annual_volatility,net_10bps_sharpe,net_10bps_max_drawdown,net_10bps_total_return,net_10bps_hit_rate
amihud_20__csz,amihud_20,22,risk,trading_liquidity,-1,-1,catalog,catalog,-1,1,1,1,fold_2025,2025,2015-01-05,2024-12-23,69628,7100,cs_rank_centered,0.11473425828144901,0.11144923061957963,0.7130801687763713,0.48828230737583456,237,7100,237,48,-0.7756764771921882,0.6295438562408936,0.20253164556962025,0.21490248052444605,0.07342808816537658,2.926706739802858,-0.032296686658774054,0.2235322505999351,0.7291666666666666,0.21490248052444605,0.07342808816537658,2.926706739802858,-0.032296686658774054,0.2235322505999351,0.7291666666666666,0.18466248052444606,0.07342808816537658,2.514875235598463,-0.0334768329909827,0.18892875096094097,0.7083333333333334,0.16450248052444602,0.07342808816537656,2.2403208994621986,-0.03426319721245552,0.16639404916961742,0.6875,0.11410248052444602,0.07342808816537656,1.5539350591215395,-0.036227707766136485,0.11187112554108647,0.6041666666666666
amihud_20__missing,amihud_20,22,quality_flag,data_quality,-1,-1,catalog,catalog,-1,1,0,0,fold_2025,2025,2015-01-05,2024-12-23,69628,7100,cs_rank_centered,,,,,0,7100,237,48,,,0.20253164556962025,-0.11463893289610336,0.04364778611594944,-2.6264546978755674,-0.09923997494377523,-0.10433938546405963,0.3125,-0.11463893289610336,0.04364778611594944,-2.6264546978755674,-0.09923997494377523,-0.10433938546405963,0.3125,-0.14487893289610335,0.04364778611594944,-3.31927334209427,-0.12434947414429309,-0.1298321243064149,0.2708333333333333,-0.16503893289610339,0.04364778611594944,-3.7811524382400727,-0.14070718610248367,-0.14643113397800012,0.25,-0.21543893289610339,0.04364778611594944,-4.935850178604577,-0.18030419985038004,-0.18658407867307236,0.1875
basis_fresh__csz,basis_fresh,7,predictor,basis_spot,1,1,catalog,catalog,1,1,0,0,fold_2025,2025,2015-01-05,2024-12-23,69628,7100,cs_rank_centered,,,,,0,7100,237,48,,,0.20253164556962025,-0.11463893289610336,0.04364778611594944,-2.6264546978755674,-0.09923997494377523,-0.10433938546405963,0.3125,-0.11463893289610336,0.04364778611594944,-2.6264546978755674,-0.09923997494377523,-0.10433938546405963,0.3125,-0.14487893289610335,0.04364778611594944,-3.31927334209427,-0.12434947414429309,-0.1298321243064149,0.2708333333333333,-0.16503893289610339,0.04364778611594944,-3.7811524382400727,-0.14070718610248367,-0.14643113397800012,0.25,-0.21543893289610339,0.04364778611594944,-4.935850178604577,-0.18030419985038004,-0.18658407867307236,0.1875
basis_fresh__missing,basis_fresh,7,quality_flag,data_quality,1,1,catalog,catalog,1,1,0,0,fold_2025,2025,2015-01-05,2024-12-23,69628,7100,cs_rank_centered,,,,,0,7100,237,48,,,0.20253164556962025,-0.11463893289610336,0.04364778611594944,-2.6264546978755674,-0.09923997494377523,-0.10433938546405963,0.3125,-0.11463893289610336,0.04364778611594944,-2.6264546978755674,-0.09923997494377523,-0.10433938546405963,0.3125,-0.14487893289610335,0.04364778611594944,-3.31927334209427,-0.12434947414429309,-0.1298321243064149,0.2708333333333333,-0.16503893289610339,0.04364778611594944,-3.7811524382400727,-0.14070718610248367,-0.14643113397800012,0.25,-0.21543893289610339,0.04364778611594944,-4.935850178604577,-0.18030419985038004,-0.18658407867307236,0.1875
basis_momentum_20__csz,basis_momentum_20,9,predictor,basis_spot,1,1,catalog,catalog,1,1,0,0,fold_2025,2025,2015-01-05,2024-12-23,69628,7100,cs_rank_centered,,,,,0,7100,237,48,,,0.20253164556962025,-0.11463893289610336,0.04364778611594944,-2.6264546978755674,-0.09923997494377523,-0.10433938546405963,0.3125,-0.11463893289610336,0.04364778611594944,-2.6264546978755674,-0.09923997494377523,-0.10433938546405963,0.3125,-0.14487893289610335,0.04364778611594944,-3.31927334209427,-0.12434947414429309,-0.1298321243064149,0.2708333333333333,-0.16503893289610339,0.04364778611594944,-3.7811524382400727,-0.14070718610248367,-0.14643113397800012,0.25,-0.21543893289610339,0.04364778611594944,-4.935850178604577,-0.18030419985038004,-0.18658407867307236,0.1875
basis_momentum_20__missing,basis_momentum_20,9,quality_flag,data_quality,1,1,catalog,catalog,1,1,0,0,fold_2025,2025,2015-01-05,2024-12-23,69628,7100,cs_rank_centered,,,,,0,7100,237,48,,,0.20253164556962025,-0.11463893289610336,0.04364778611594944,-2.6264546978755674,-0.09923997494377523,-0.10433938546405963,0.3125,-0.11463893289610336,0.04364778611594944,-2.6264546978755674,-0.09923997494377523,-0.10433938546405963,0.3125,-0.14487893289610335,0.04364778611594944,-3.31927334209427,-0.12434947414429309,-0.1298321243064149,0.2708333333333333,-0.16503893289610339,0.04364778611594944,-3.7811524382400727,-0.14070718610248367,-0.14643113397800012,0.25,-0.21543893289610339,0.04364778611594944,-4.935850178604577,-0.18030419985038004,-0.18658407867307236,0.1875
basis_shock_20__csz,basis_shock_20,8,predictor,basis_spot,1,1,catalog,catalog,1,1,0,0,fold_2025,2025,2015-01-05,2024-12-23,69628,7100,cs_rank_centered,,,,,0,7100,237,48,,,0.20253164556962025,-0.11463893289610336,0.04364778611594944,-2.6264546978755674,-0.09923997494377523,-0.10433938546405963,0.3125,-0.11463893289610336,0.04364778611594944,-2.6264546978755674,-0.09923997494377523,-0.10433938546405963,0.3125,-0.14487893289610335,0.04364778611594944,-3.31927334209427,-0.12434947414429309,-0.1298321243064149,0.2708333333333333,-0.16503893289610339,0.04364778611594944,-3.7811524382400727,-0.14070718610248367,-0.14643113397800012,0.25,-0.21543893289610339,0.04364778611594944,-4.935850178604577,-0.18030419985038004,-0.18658407867307236,0.1875
basis_shock_20__missing,basis_shock_20,8,quality_flag,data_quality,1,1,catalog,catalog,1,1,0,0,fold_2025,2025,2015-01-05,2024-12-23,69628,7100,cs_rank_centered,,,,,0,7100,237,48,,,0.20253164556962025,-0.11463893289610336,0.04364778611594944,-2.6264546978755674,-0.09923997494377523,-0.10433938546405963,0.3125,-0.11463893289610336,0.04364778611594944,-2.6264546978755674,-0.09923997494377523,-0.10433938546405963,0.3125,-0.14487893289610335,0.04364778611594944,-3.31927334209427,-0.12434947414429309,-0.1298321243064149,0.2708333333333333,-0.16503893289610339,0.04364778611594944,-3.7811524382400727,-0.14070718610248367,-0.14643113397800012,0.25,-0.21543893289610339,0.04364778611594944,-4.935850178604577,-0.18030419985038004,-0.18658407867307236,0.1875
basis_surprise__csz,basis_surprise,47,predictor,basis_spot,1,1,catalog,catalog,1,1,0,0,fold_2025,2025,2015-01-05,2024-12-23,69628,7100,cs_rank_centered,,,,,0,7100,237,48,,,0.20253164556962025,-0.11463893289610336,0.04364778611594944,-2.6264546978755674,-0.09923997494377523,-0.10433938546405963,0.3125,-0.11463893289610336,0.04364778611594944,-2.6264546978755674,-0.09923997494377523,-0.10433938546405963,0.3125,-0.14487893289610335,0.04364778611594944,-3.31927334209427,-0.12434947414429309,-0.1298321243064149,0.2708333333333333,-0.16503893289610339,0.04364778611594944,-3.7811524382400727,-0.14070718610248367,-0.14643113397800012,0.25,-0.21543893289610339,0.04364778611594944,-4.935850178604577,-0.18030419985038004,-0.18658407867307236,0.1875
basis_surprise__missing,basis_surprise,47,quality_flag,data_quality,1,1,catalog,catalog,1,1,0,0,fold_2025,2025,2015-01-05,2024-12-23,69628,7100,cs_rank_centered,,,,,0,7100,237,48,,,0.20253164556962025,-0.11463893289610336,0.04364778611594944,-2.6264546978755674,-0.09923997494377523,-0.10433938546405963,0.3125,-0.11463893289610336,0.04364778611594944,-2.6264546978755674,-0.09923997494377523,-0.10433938546405963,0.3125,-0.14487893289610335,0.04364778611594944,-3.31927334209427,-0.12434947414429309,-0.1298321243064149,0.2708333333333333,-0.16503893289610339,0.04364778611594944,-3.7811524382400727,-0.14070718610248367,-0.14643113397800012,0.25,-0.21543893289610339,0.04364778611594944,-4.935850178604577,-0.18030419985038004,-0.18658407867307236,0.1875
carry_annualized__csz,carry_annualized,5,predictor,term_structure,1,1,catalog,catalog,1,1,1,1,fold_2025,2025,2015-01-05,2024-12-23,69628,7100,cs_rank_centered,0.03347605818359927,0.032220813260668134,0.5822784810126582,0.12420036594148992,237,7100,237,48,-0.9358861381406267,0.6628492194546589,0.20253164556962025,0.04596060405201428,0.10494540248004824,0.43794776108226474,-0.08218656103302746,0.039256535234061474,0.6458333333333334,0.04596060405201428,0.10494540248004824,0.43794776108226474,-0.08218656103302746,0.039256535234061474,0.6458333333333334,0.015720604052014267,0.10494540248004824,0.14979792997604635,-0.08443616771802975,0.009764186578567369,0.5833333333333334,-0.004439395947985731,0.10494540248004824,-0.04230195742809915,-0.08593360715520115,-0.00944043923193505,0.5416666666666666,-0.05483939594798573,0.10494540248004824,-0.522551675938463,-0.09270668194708254,-0.055900951082492156,0.5208333333333334
carry_annualized__missing,carry_annualized,5,quality_flag,data_quality,1,1,catalog,catalog,1,1,0,0,fold_2025,2025,2015-01-05,2024-12-23,69628,7100,cs_rank_centered,,,,,0,7100,237,48,,,0.20253164556962025,-0.11463893289610336,0.04364778611594944,-2.6264546978755674,-0.09923997494377523,-0.10433938546405963,0.3125,-0.11463893289610336,0.04364778611594944,-2.6264546978755674,-0.09923997494377523,-0.10433938546405963,0.3125,-0.14487893289610335,0.04364778611594944,-3.31927334209427,-0.12434947414429309,-0.1298321243064149,0.2708333333333333,-0.16503893289610339,0.04364778611594944,-3.7811524382400727,-0.14070718610248367,-0.14643113397800012,0.25,-0.21543893289610339,0.04364778611594944,-4.935850178604577,-0.18030419985038004,-0.18658407867307236,0.1875
carry_change_20__csz,carry_change_20,6,predictor,term_structure,1,1,catalog,catalog,1,1,0,0,fold_2025,2025,2015-01-05,2024-12-23,69628,7100,cs_rank_centered,-0.05091754046665895,-0.05124480953249049,0.41350210970464135,-0.24110853760803136,237,7100,237,48,-1.1026477649758983,0.6979949351280094,0.20253164556962025,-0.1064216323476153,0.0625939371255798,-1.700190741063399,-0.11757652962419562,-0.09815496677350821,0.4375,-0.1064216323476153,0.0625939371255798,-1.700190741063399,-0.11757652962419562,-0.09815496677350821,0.4375,-0.13666163234761533,0.0625939371255798,-2.18330462379186,-0.1394270024568337,-0.12382061998450589,0.4166666666666667,-0.15682163234761531,0.0625939371255798,-2.5053805456108336,-0.15415670183806096,-0.14053226770609384,0.4166666666666667,-0.20722163234761531,0.0625939371255798,-3.310570350158268,-0.18991195157915308,-0.18095784799237513,0.3125
carry_change_20__missing,carry_change_20,6,quality_flag,data_quality,1,1,catalog,catalog,1,1,0,0,fold_2025,2025,2015-01-05,2024-12-23,69628,7100,cs_rank_centered,,,,,0,7100,237,48,,,0.20253164556962025,-0.11463893289610336,0.04364778611594944,-2.6264546978755674,-0.09923997494377523,-0.10433938546405963,0.3125,-0.11463893289610336,0.04364778611594944,-2.6264546978755674,-0.09923997494377523,-0.10433938546405963,0.3125,-0.14487893289610335,0.04364778611594944,-3.31927334209427,-0.12434947414429309,-0.1298321243064149,0.2708333333333333,-0.16503893289610339,0.04364778611594944,-3.7811524382400727,-0.14070718610248367,-0.14643113397800012,0.25,-0.21543893289610339,0.04364778611594944,-4.935850178604577,-0.18030419985038004,-0.18658407867307236,0.1875
correlation_risk_20_120__csz,correlation_risk_20_120,57,risk,volatility_risk,-1,-1,catalog,catalog,-1,1,0,0,fold_2025,2025,2015-01-05,2024-12-23,69628,7100,cs_rank_centered,-0.010463169663601952,-0.007165455292689404,0.5147679324894515,-0.025464505106556495,237,7100,237,48,-1.0144567130352775,0.6881321862207729,0.20253164556962025,-0.09190419727546861,0.08494746752210705,-1.081894492635123,-0.11354816176803528,-0.08696317230275863,0.5,-0.09190419727546861,0.08494746752210705,-1.081894492635123,-0.11354816176803528,-0.08696317230275863,0.5,-0.12214419727546863,0.08494746752210705,-1.4378792074487845,-0.12786138117430457,-0.11294155089856761,0.4166666666666667,-0.14230419727546859,0.08494746752210705,-1.6752023506578912,-0.14118693562929396,-0.12985691381956255,0.4166666666666667,-0.19270419727546861,0.08494746752210705,-2.2685102086806594,-0.174180708199825,-0.17077558795047687,0.3958333333333333
correlation_risk_20_120__missing,correlation_risk_20_120,57,quality_flag,data_quality,-1,-1,catalog,catalog,-1,1,0,0,fold_2025,2025,2015-01-05,2024-12-23,69628,7100,cs_rank_centered,,,,,0,7100,237,48,,,0.20253164556962025,-0.11463893289610336,0.04364778611594944,-2.6264546978755674,-0.09923997494377523,-0.10433938546405963,0.3125,-0.11463893289610336,0.04364778611594944,-2.6264546978755674,-0.09923997494377523,-0.10433938546405963,0.3125,-0.14487893289610335,0.04364778611594944,-3.31927334209427,-0.12434947414429309,-0.1298321243064149,0.2708333333333333,-0.16503893289610339,0.04364778611594944,-3.7811524382400727,-0.14070718610248367,-0.14643113397800012,0.25,-0.21543893289610339,0.04364778611594944,-4.935850178604577,-0.18030419985038004,-0.18658407867307236,0.1875
csmom_60__csz,csmom_60,2,predictor,trend_momentum,1,1,catalog,catalog,1,1,1,0,fold_2025,2025,2015-01-05,2024-12-23,69628,7100,cs_rank_centered,0.0250929929892437,0.010507988704261425,0.5147679324894515,0.03192600481787171,237,7100,237,48,-0.9791922044688199,0.6675620897800597,0.20253164556962025,-0.011070636715618924,0.11249547124748106,-0.09840962123056854,-0.15148894576973937,-0.016397075541946582,0.5625,-0.011070636715618924,0.11249547124748106,-0.09840962123056854,-0.15148894576973937,-0.016397075541946582,0.5625,-0.04131063671561895,0.11249547124748106,-0.36722044236553175,-0.15715722540270383,-0.04434204535795583,0.5208333333333334,-0.06147063671561895,0.11249547124748106,-0.5464276564555071,-0.1609169319303848,-0.0625385620257205,0.5208333333333334,-0.11187063671561896,0.11249547124748106,-0.9944456916804455,-0.1777343672590267,-0.10655854357790162,0.4791666666666667
csmom_60__missing,csmom_60,2,quality_flag,data_quality,1,1,catalog,catalog,1,1,0,0,fold_2025,2025,2015-01-05,2024-12-23,69628,7100,cs_rank_centered,,,,,0,7100,237,48,,,0.20253164556962025,-0.11463893289610336,0.04364778611594944,-2.6264546978755674,-0.09923997494377523,-0.10433938546405963,0.3125,-0.11463893289610336,0.04364778611594944,-2.6264546978755674,-0.09923997494377523,-0.10433938546405963,0.3125,-0.14487893289610335,0.04364778611594944,-3.31927334209427,-0.12434947414429309,-0.1298321243064149,0.2708333333333333,-0.16503893289610339,0.04364778611594944,-3.7811524382400727,-0.14070718610248367,-0.14643113397800012,0.25,-0.21543893289610339,0.04364778611594944,-4.935850178604577,-0.18030419985038004,-0.18658407867307236,0.1875
curve_curvature__csz,curve_curvature,10,predictor,term_structure,0,-1,train_rank_ic,train_rank_ic,-1,1,0,1,fold_2025,2025,2015-01-05,2024-12-23,69628,7100,cs_rank_centered,-0.007337758336831542,-0.009604440402776599,0.4767932489451477,-0.043558060810783845,237,7100,237,48,-1.017885753101492,0.6885303684174009,0.20253164556962025,0.06232755839332445,0.052201960472590715,1.1939696867524796,-0.03501648586797179,0.05978024400654047,0.6041666666666666,0.06232755839332445,0.052201960472590715,1.1939696867524796,-0.03501648586797179,0.05978024400654047,0.6041666666666666,0.03208755839332445,0.052201960472590715,0.6146810982352363,-0.04311140143847647,0.029720091805293558,0.5833333333333334,0.011927558393324442,0.052201960472590715,0.22848870589040723,-0.04847293216101156,0.010145501982285365,0.5416666666666666,-0.03847244160667556,0.052201960472590715,-0.7369922749716651,-0.06859664261944365,-0.037210800386962783,0.375
curve_curvature__missing,curve_curvature,10,quality_flag,data_quality,0,-1,train_rank_ic,train_rank_ic,-1,1,1,0,fold_2025,2025,2015-01-05,2024-12-23,69628,7100,cs_rank_centered,-0.0007014011418083872,0.0019139882521830329,0.5066666666666667,0.008956585211701994,150,7100,237,48,-0.08025413250452007,0.5289919517102615,0.20253164556962025,-0.12674549397134072,0.04437183504263724,-2.856440213697496,-0.10961819102255699,-0.11465884806490967,0.2916666666666667,-0.12674549397134072,0.04437183504263724,-2.856440213697496,-0.10961819102255699,-0.11465884806490967,0.2916666666666667,-0.15698549397134076,0.04437183504263723,-3.537953609998149,-0.13444444099988928,-0.13986388424323104,0.22916666666666666,-0.17714549397134077,0.04437183504263724,-3.9922958741985837,-0.15061753638140407,-0.1562754691250502,0.20833333333333334,-0.22754549397134075,0.04437183504263723,-5.128151534699671,-0.18976733821261604,-0.19597471774693043,0.14583333333333334
factor_momentum__missing,factor_momentum,32,quality_flag,data_quality,0,1,train_rank_ic,train_rank_ic,1,1,0,0,fold_2025,2025,2015-01-05,2024-12-23,69628,7100,cs_rank_centered,,,,,0,7100,237,48,,,0.20253164556962025,-0.11463893289610336,0.04364778611594944,-2.6264546978755674,-0.09923997494377523,-0.10433938546405963,0.3125,-0.11463893289610336,0.04364778611594944,-2.6264546978755674,-0.09923997494377523,-0.10433938546405963,0.3125,-0.14487893289610335,0.04364778611594944,-3.31927334209427,-0.12434947414429309,-0.1298321243064149,0.2708333333333333,-0.16503893289610339,0.04364778611594944,-3.7811524382400727,-0.14070718610248367,-0.14643113397800012,0.25,-0.21543893289610339,0.04364778611594944,-4.935850178604577,-0.18030419985038004,-0.18658407867307236,0.1875
factor_momentum__tsz,factor_momentum,32,conditional,meta_factor,0,1,train_rank_ic,train_rank_ic,1,1,0,0,fold_2025,2025,2015-01-05,2024-12-23,69628,7100,cs_rank_centered,,,,,0,7100,237,48,,,0.20253164556962025,-0.11463893289610336,0.04364778611594944,-2.6264546978755674,-0.09923997494377523,-0.10433938546405963,0.3125,-0.11463893289610336,0.04364778611594944,-2.6264546978755674,-0.09923997494377523,-0.10433938546405963,0.3125,-0.14487893289610335,0.04364778611594944,-3.31927334209427,-0.12434947414429309,-0.1298321243064149,0.2708333333333333,-0.16503893289610339,0.04364778611594944,-3.7811524382400727,-0.14070718610248367,-0.14643113397800012,0.25,-0.21543893289610339,0.04364778611594944,-4.935850178604577,-0.18030419985038004,-0.18658407867307236,0.1875
fundamental_composite_news__csz,fundamental_composite_news,33,predictor,information_news,1,1,catalog,catalog,1,1,0,0,fold_2025,2025,2015-01-05,2024-12-23,69628,7100,cs_rank_centered,-0.016577094414832485,-0.013845034562281817,0.4375,-0.07905303325675861,48,7100,237,48,-0.10295060021660407,0.535386886838271,0.20253164556962025,-0.10665871051957454,0.04725053965051696,-2.257301425728957,-0.09569647476749787,-0.0976286628358578,0.3333333333333333,-0.10665871051957454,0.04725053965051696,-2.257301425728957,-0.09569647476749787,-0.0976286628358578,0.3333333333333333,-0.13689871051957453,0.04725053965051696,-2.897294116260464,-0.11778479492639471,-0.12330854806112435,0.2916666666666667,-0.15705871051957457,0.04725053965051696,-3.323955909948136,-0.13426259722772604,-0.14002947399802856,0.2916666666666667,-0.20745871051957457,0.04725053965051696,-4.3906103941673145,-0.17415051295083928,-0.18047753658998045,0.22916666666666666
fundamental_composite_news__missing,fundamental_composite_news,33,quality_flag,data_quality,1,1,catalog,catalog,1,1,0,0,fold_2025,2025,2015-01-05,2024-12-23,69628,7100,cs_rank_centered,-0.009649137733584653,-0.03283131670901366,0.4583333333333333,-0.12136398532055426,48,7100,237,48,-0.1158738552019698,0.538508027475196,0.20253164556962025,-0.08711320230890358,0.04105722942612043,-2.12175062775869,-0.07875789753896945,-0.08040673547784227,0.3541666666666667,-0.08711320230890358,0.04105722942612043,-2.12175062775869,-0.07875789753896945,-0.08040673547784227,0.3541666666666667,-0.11735320230890359,0.04105722942612043,-2.8582835215433215,-0.10347276051535703,-0.1065664298761897,0.2916666666666667,-0.13751320230890357,0.04105722942612043,-3.3493054507330755,-0.11986005019603707,-0.12359993404249547,0.2916666666666667,-0.18791320230890357,0.04105722942612043,-4.576860273707462,-0.15955697464528273,-0.16480466662612148,0.20833333333333334
fundamental_underreaction__csz,fundamental_underreaction,34,predictor,information_news,1,1,catalog,catalog,1,1,1,0,fold_2025,2025,2015-01-05,2024-12-23,69628,7100,cs_rank_centered,-0.003377081475422873,0.005683076970212799,0.5416666666666666,0.03556673435599515,48,7100,237,48,-0.09741459252595419,0.5343177131756054,0.20253164556962025,-0.0923528323288116,0.046170512728072065,-2.0002557232304743,-0.08795089217749152,-0.08518156583886438,0.3541666666666667,-0.0923528323288116,0.046170512728072065,-2.0002557232304743,-0.08795089217749152,-0.08518156583886438,0.3541666666666667,-0.1225928323288116,0.046170512728072065,-2.655219209949863,-0.10621039401678967,-0.11120832292753013,0.3125,-0.1427528323288116,0.046170512728072065,-3.091861534429456,-0.1225487952760731,-0.12815522187808126,0.3125,-0.19315283232881156,0.046170512728072065,-4.183467345628436,-0.16273582704673084,-0.1691503012306519,0.20833333333333334
fundamental_underreaction__missing,fundamental_underreaction,34,quality_flag,data_quality,1,1,catalog,catalog,1,1,0,0,fold_2025,2025,2015-01-05,2024-12-23,69628,7100,cs_rank_centered,-0.009649137733584653,-0.03283131670901366,0.4583333333333333,-0.12136398532055426,48,7100,237,48,-0.1158738552019698,0.538508027475196,0.20253164556962025,-0.08711320230890358,0.04105722942612043,-2.12175062775869,-0.07875789753896945,-0.08040673547784227,0.3541666666666667,-0.08711320230890358,0.04105722942612043,-2.12175062775869,-0.07875789753896945,-0.08040673547784227,0.3541666666666667,-0.11735320230890359,0.04105722942612043,-2.8582835215433215,-0.10347276051535703,-0.1065664298761897,0.2916666666666667,-0.13751320230890357,0.04105722942612043,-3.3493054507330755,-0.11986005019603707,-0.12359993404249547,0.2916666666666667,-0.18791320230890357,0.04105722942612043,-4.576860273707462,-0.15955697464528273,-0.16480466662612148,0.20833333333333334
idiosyncratic_volatility_60__csz,idiosyncratic_volatility_60,43,risk,volatility_risk,0,1,train_rank_ic,train_rank_ic,1,1,1,1,fold_2025,2025,2015-01-05,2024-12-23,69628,7100,cs_rank_centered,0.06217704940487074,0.050460173235974494,0.5485232067510548,0.2063282386886709,237,7100,237,48,-0.8987359674432709,0.6677243599528203,0.20253164556962025,0.09579794423155982,0.08396391435406532,1.1409418554212694,-0.041780281851382606,0.09185997606643115,0.5208333333333334,0.09579794423155982,0.08396391435406532,1.1409418554212694,-0.041780281851382606,0.09185997606643115,0.5208333333333334,0.06555794423155982,0.08396391435406532,0.7807871361869836,-0.05047296106314436,0.06090758804505936,0.5208333333333334,0.04539794423155983,0.08396391435406532,0.5406839900307933,-0.0565515005893753,0.04075171587874471,0.4791666666666667,-0.005002055768440162,0.08396391435406532,-0.05957387535968273,-0.07158863055993736,-0.008011796814688998,0.4375
idiosyncratic_volatility_60__missing,idiosyncratic_volatility_60,43,quality_flag,data_quality,0,1,train_rank_ic,train_rank_ic,1,1,0,0,fold_2025,2025,2015-01-05,2024-12-23,69628,7100,cs_rank_centered,,,,,0,7100,237,48,,,0.20253164556962025,-0.11463893289610336,0.04364778611594944,-2.6264546978755674,-0.09923997494377523,-0.10433938546405963,0.3125,-0.11463893289610336,0.04364778611594944,-2.6264546978755674,-0.09923997494377523,-0.10433938546405963,0.3125,-0.14487893289610335,0.04364778611594944,-3.31927334209427,-0.12434947414429309,-0.1298321243064149,0.2708333333333333,-0.16503893289610339,0.04364778611594944,-3.7811524382400727,-0.14070718610248367,-0.14643113397800012,0.25,-0.21543893289610339,0.04364778611594944,-4.935850178604577,-0.18030419985038004,-0.18658407867307236,0.1875
information_consistency__csz,information_consistency,35,predictor,information_news,1,1,catalog,catalog,1,1,0,0,fold_2025,2025,2015-01-05,2024-12-23,69628,7100,cs_rank_centered,-0.03680696601513199,-0.030407165675884452,0.43162393162393164,-0.18232538204464815,234,7100,237,48,-0.6198345544990473,0.6243646430305974,0.20253164556962025,-0.11184116615062714,0.05332269580464222,-2.0974402074564726,-0.10779448286003335,-0.1023429763017919,0.4375,-0.11184116615062714,0.05332269580464222,-2.0974402074564726,-0.10779448286003335,-0.1023429763017919,0.4375,-0.1420811661506271,0.05332269580464221,-2.6645533202441296,-0.12214196341416939,-0.12789160517983733,0.3958333333333333,-0.16224116615062717,0.053322695804642224,-3.0426287287692353,-0.13750560360045772,-0.14452702106464377,0.3333333333333333,-0.21264116615062714,0.05332269580464222,-3.987817250081997,-0.1762630945446676,-0.1847680817919195,0.22916666666666666
information_consistency__missing,information_consistency,35,quality_flag,data_quality,1,1,catalog,catalog,1,1,0,0,fold_2025,2025,2015-01-05,2024-12-23,69628,7100,cs_rank_centered,-0.04826371422951901,-0.0706435504290491,0.3888888888888889,-0.26518042195252106,234,7100,237,48,-0.6758094855057057,0.6425428432664955,0.20253164556962025,-0.07893832018682766,0.04808588824666562,-1.6416109396149383,-0.07881315201044714,-0.07348164254017475,0.375,-0.07893832018682766,0.04808588824666562,-1.6416109396149383,-0.07881315201044714,-0.07348164254017475,0.375,-0.10917832018682765,0.04808588824666562,-2.2704856698659057,-0.10298851075468984,-0.09983443605610365,0.3541666666666667,-0.12933832018682767,0.048085888246665626,-2.689735490033217,-0.1190321745526195,-0.1169937347819826,0.3333333333333333,-0.17973832018682767,0.048085888246665626,-3.7378600404514963,-0.15792381017948398,-0.15850297462188478,0.3125
information_divergence__csz,information_divergence,36,predictor,information_news,0,1,train_rank_ic,train_rank_ic,1,1,0,0,fold_2025,2025,2015-01-05,2024-12-23,69628,7100,cs_rank_centered,-0.03719095034346786,-0.032235231412490635,0.45726495726495725,-0.16416570787528226,234,7100,237,48,-0.622169526276098,0.6250657323249844,0.20253164556962025,-0.08985031399808749,0.056627547406075195,-1.5866891312415916,-0.10534116612584632,-0.08346092467381161,0.375,-0.08985031399808749,0.056627547406075195,-1.5866891312415916,-0.10534116612584632,-0.08346092467381161,0.375,-0.12009031399808749,0.056627547406075195,-2.1207048424139203,-0.1144826719814035,-0.10953590349730902,0.375,-0.1402503139980875,0.056627547406075195,-2.476715316528806,-0.12364474429786987,-0.1265142128212715,0.3333333333333333,-0.19065031399808752,0.056627547406075195,-3.366741501816021,-0.164012032817193,-0.16758531384237385,0.3125
information_divergence__missing,information_divergence,36,quality_flag,data_quality,0,1,train_rank_ic,train_rank_ic,1,1,0,0,fold_2025,2025,2015-01-05,2024-12-23,69628,7100,cs_rank_centered,-0.04826371422951901,-0.0706435504290491,0.3888888888888889,-0.26518042195252106,234,7100,237,48,-0.6758094855057057,0.6425428432664955,0.20253164556962025,-0.07893832018682766,0.04808588824666562,-1.6416109396149383,-0.07881315201044714,-0.07348164254017475,0.375,-0.07893832018682766,0.04808588824666562,-1.6416109396149383,-0.07881315201044714,-0.07348164254017475,0.375,-0.10917832018682765,0.04808588824666562,-2.2704856698659057,-0.10298851075468984,-0.09983443605610365,0.3541666666666667,-0.12933832018682767,0.048085888246665626,-2.689735490033217,-0.1190321745526195,-0.1169937347819826,0.3333333333333333,-0.17973832018682767,0.048085888246665626,-3.7378600404514963,-0.15792381017948398,-0.15850297462188478,0.3125
inventory_acceleration__csz,inventory_acceleration,48,predictor,inventory_fundamental,1,1,catalog,catalog,1,1,1,1,fold_2025,2025,2015-01-05,2024-12-23,69628,7100,cs_rank_centered,0.013734475200002772,0.01916782998785395,0.5864978902953587,0.11719737748835132,237,7100,237,48,-0.5831100553748205,0.6186430583501005,0.20253164556962025,0.016532173277984983,0.046309488097792895,0.35699322011665485,-0.02954355639430195,0.014848953455581793,0.5625,0.016532173277984983,0.046309488097792895,0.35699322011665485,-0.02954355639430195,0.014848953455581793,0.5625,-0.013707826722015008,0.046309488097792895,-0.29600471275061063,-0.036784558691544844,-0.013962223862291845,0.5416666666666666,-0.033867826722015014,0.046309488097792895,-0.7313366679954546,-0.0482983759320843,-0.03272310892798824,0.5416666666666666,-0.08426782672201502,0.046309488097792895,-1.8196665561075642,-0.08014724337490631,-0.07810950012744211,0.4166666666666667
inventory_acceleration__missing,inventory_acceleration,48,quality_flag,data_quality,1,1,catalog,catalog,1,1,0,0,fold_2025,2025,2015-01-05,2024-12-23,69628,7100,cs_rank_centered,-0.10708313813659068,-0.11086679102438397,0.3291139240506329,-0.4223969122666986,237,7100,237,48,-0.8487441435712297,0.6755089155623395,0.20253164556962025,-0.16375608164336494,0.05897171630352115,-2.776857990710832,-0.1421249880948645,-0.14601839272916983,0.375,-0.16375608164336494,0.05897171630352115,-2.776857990710832,-0.1421249880948645,-0.14601839272916983,0.375,-0.19399608164336496,0.05897171630352115,-3.289646186400405,-0.1655632235847886,-0.17034901927088786,0.375,-0.21415608164336494,0.05897171630352115,-3.631504983526787,-0.18083946299995335,-0.1861909690818635,0.3333333333333333,-0.2645560816433649,0.05897171630352115,-4.486151976342743,-0.2178431164836072,-0.2245113175927962,0.2916666666666667
inventory_change_5__csz,inventory_change_5,14,predictor,inventory_fundamental,1,1,catalog,catalog,1,1,0,0,fold_2025,2025,2015-01-05,2024-12-23,69628,7100,cs_rank_centered,-0.021723834550709628,-0.022572877964421454,0.4219409282700422,-0.13932383490143405,237,7100,237,48,-0.6563413122006001,0.6328818566571845,0.20253164556962025,-0.06574404596881668,0.037835021605545055,-1.737650546476266,-0.05646352991445225,-0.06136061112285829,0.4583333333333333,-0.06574404596881668,0.037835021605545055,-1.737650546476266,-0.05646352991445225,-0.06136061112285829,0.4583333333333333,-0.09598404596881667,0.037835021605545055,-2.536910034557754,-0.08218904278312889,-0.08805080687096967,0.4375,-0.11614404596881668,0.037835021605545055,-3.069749693278747,-0.09895684337161892,-0.10542991536711865,0.3958333333333333,-0.16654404596881667,0.037835021605545055,-4.401848840081227,-0.13957618107375214,-0.14747127219209522,0.2916666666666667
inventory_change_5__missing,inventory_change_5,14,quality_flag,data_quality,1,1,catalog,catalog,1,1,0,0,fold_2025,2025,2015-01-05,2024-12-23,69628,7100,cs_rank_centered,-0.10708313813659068,-0.11086679102438397,0.3291139240506329,-0.4223969122666986,237,7100,237,48,-0.8487441435712297,0.6755089155623395,0.20253164556962025,-0.16375608164336494,0.05897171630352115,-2.776857990710832,-0.1421249880948645,-0.14601839272916983,0.375,-0.16375608164336494,0.05897171630352115,-2.776857990710832,-0.1421249880948645,-0.14601839272916983,0.375,-0.19399608164336496,0.05897171630352115,-3.289646186400405,-0.1655632235847886,-0.17034901927088786,0.375,-0.21415608164336494,0.05897171630352115,-3.631504983526787,-0.18083946299995335,-0.1861909690818635,0.3333333333333333,-0.2645560816433649,0.05897171630352115,-4.486151976342743,-0.2178431164836072,-0.2245113175927962,0.2916666666666667
inventory_price_divergence__csz,inventory_price_divergence,49,predictor,information_news,1,1,catalog,catalog,1,1,0,0,fold_2025,2025,2015-01-05,2024-12-23,69628,7100,cs_rank_centered,-0.05210178317793681,-0.03469536808966867,0.3755274261603376,-0.1713427465513283,237,7100,237,48,-0.7623492454376173,0.6480629709290224,0.20253164556962025,-0.08119001275185714,0.05425125100205405,-1.4965555863178739,-0.08019709776845607,-0.07573917043251477,0.4166666666666667,-0.08119001275185714,0.05425125100205405,-1.4965555863178739,-0.08019709776845607,-0.07573917043251477,0.4166666666666667,-0.11143001275185714,0.05425125100205405,-2.053962087392938,-0.10260059984488745,-0.10202922650277424,0.375,-0.13159001275185714,0.05425125100205405,-2.4255664214429804,-0.11723956277962067,-0.1191476516505342,0.3333333333333333,-0.1819900127518571,0.05425125100205405,-3.3545772565680867,-0.15387761026472302,-0.1605579391274644,0.25
inventory_price_divergence__missing,inventory_price_divergence,49,quality_flag,data_quality,1,1,catalog,catalog,1,1,0,0,fold_2025,2025,2015-01-05,2024-12-23,69628,7100,cs_rank_centered,-0.10708313813659068,-0.11086679102438397,0.3291139240506329,-0.4223969122666986,237,7100,237,48,-0.8487441435712297,0.6755089155623395,0.20253164556962025,-0.16375608164336494,0.05897171630352115,-2.776857990710832,-0.1421249880948645,-0.14601839272916983,0.375,-0.16375608164336494,0.05897171630352115,-2.776857990710832,-0.1421249880948645,-0.14601839272916983,0.375,-0.19399608164336496,0.05897171630352115,-3.289646186400405,-0.1655632235847886,-0.17034901927088786,0.375,-0.21415608164336494,0.05897171630352115,-3.631504983526787,-0.18083946299995335,-0.1861909690818635,0.3333333333333333,-0.2645560816433649,0.05897171630352115,-4.486151976342743,-0.2178431164836072,-0.2245113175927962,0.2916666666666667
inventory_scarcity__csz,inventory_scarcity,13,predictor,inventory_fundamental,1,1,catalog,catalog,1,1,0,0,fold_2025,2025,2015-01-05,2024-12-23,69628,7100,cs_rank_centered,-0.055882476350769754,-0.04317851315168185,0.3670886075949367,-0.2486791866593226,237,7100,237,48,-0.672920170282258,0.633752667730521,0.20253164556962025,-0.12435948214471931,0.04550483860629879,-2.732884808594958,-0.10557146917528504,-0.11268268353604749,0.3125,-0.12435948214471931,0.04550483860629879,-2.732884808594958,-0.10557146917528504,-0.11268268353604749,0.3125,-0.1545994821447193,0.04550483860629879,-3.3974295235346603,-0.12998618031128273,-0.13794284845998284,0.2916666666666667,-0.17475948214471929,0.04550483860629879,-3.8404593334944623,-0.1458991847506771,-0.15439034661406403,0.2708333333333333,-0.22515948214471934,0.04550483860629879,-4.948033858393968,-0.18444639434839072,-0.19417652814515163,0.20833333333333334
inventory_scarcity__missing,inventory_scarcity,13,quality_flag,data_quality,1,1,catalog,catalog,1,1,0,0,fold_2025,2025,2015-01-05,2024-12-23,69628,7100,cs_rank_centered,-0.056506407336221004,-0.07672852422727595,0.37130801687763715,-0.2861434331374999,237,7100,237,48,-0.7047571297767175,0.6475709428987719,0.20253164556962025,-0.08250018092324132,0.0481422605918637,-1.7136748442839906,-0.08138770810350504,-0.07662666947495589,0.3958333333333333,-0.08250018092324132,0.0481422605918637,-1.7136748442839906,-0.08138770810350504,-0.07662666947495589,0.3958333333333333,-0.11274018092324133,0.0481422605918637,-2.3418131915121374,-0.1053750465893365,-0.10289184519806516,0.375,-0.13290018092324135,0.0481422605918637,-2.760572089664236,-0.12102537693214954,-0.11999406405980217,0.3541666666666667,-0.18330018092324135,0.0481422605918637,-3.80746933504448,-0.15958935968294696,-0.1613651283087728,0.2916666666666667
inventory_surprise__csz,inventory_surprise,15,predictor,information_news,1,1,catalog,catalog,1,1,0,0,fold_2025,2025,2015-01-05,2024-12-23,69628,7100,cs_rank_centered,-0.0447002836351869,-0.029857734119162416,0.37254901960784315,-0.1720541591113901,51,7100,237,48,-0.13410670852956197,0.5402630403108305,0.20253164556962025,-0.08144713200290654,0.043956036880772424,-1.8529225513170355,-0.07375399497886326,-0.0755278550887053,0.3958333333333333,-0.08144713200290654,0.043956036880772424,-1.8529225513170355,-0.07375399497886326,-0.0755278550887053,0.3958333333333333,-0.11168713200290656,0.043956036880772424,-2.540882662052766,-0.09758680646759044,-0.1018235417978669,0.3125,-0.13184713200290657,0.04395603688077242,-2.9995227358765857,-0.11407940017807328,-0.11894563901812472,0.3125,-0.18224713200290654,0.043956036880772424,-4.146122920436134,-0.15403159113486087,-0.16036482882801717,0.22916666666666666
inventory_surprise__missing,inventory_surprise,15,quality_flag,data_quality,1,1,catalog,catalog,1,1,0,0,fold_2025,2025,2015-01-05,2024-12-23,69628,7100,cs_rank_centered,-0.04471232644624434,-0.05887372082938582,0.39215686274509803,-0.20979750412726672,51,7100,237,48,-0.14321526871234314,0.5431864427946993,0.20253164556962025,-0.09067506304531725,0.04110888763061416,-2.205728937744127,-0.0813326080586092,-0.08352825548085085,0.375,-0.09067506304531725,0.04110888763061416,-2.205728937744127,-0.0813326080586092,-0.08352825548085085,0.375,-0.12091506304531724,0.04110888763061416,-2.9413362903857974,-0.10585800798366729,-0.1096009738250433,0.3125,-0.14107506304531725,0.04110888763061417,-3.431741192146911,-0.12185137949501257,-0.1265778163979796,0.3125,-0.19147506304531728,0.04110888763061416,-4.657753446549696,-0.161219293899158,-0.16764538659374562,0.1875
low_volatility_20__csz,low_volatility_20,25,risk,volatility_risk,1,1,catalog,catalog,1,1,1,1,fold_2025,2025,2015-01-05,2024-12-23,69628,7100,cs_rank_centered,0.004499613182872823,0.019586731578028066,0.540084388185654,0.07131118653596753,237,7100,237,48,-0.9612097892110549,0.6736179005064873,0.20253164556962025,0.006751597398651766,0.09813756536962129,0.06879727832275874,-0.08032271238929145,0.0018986449818076956,0.5208333333333334,0.006751597398651766,0.09813756536962129,0.06879727832275874,-0.08032271238929145,0.0018986449818076956,0.5208333333333334,-0.023488402601348247,0.09813756536962129,-0.23934160698691162,-0.08477502576663176,-0.026554471868952323,0.5,-0.043648402601348266,0.09813756536962129,-0.444767530526692,-0.08773274686047827,-0.04508205189613945,0.5,-0.09404840260134825,0.09813756536962129,-0.9583323393761422,-0.1056074603793663,-0.08990353219257763,0.4791666666666667
low_volatility_20__missing,low_volatility_20,25,quality_flag,data_quality,1,1,catalog,catalog,1,1,0,0,fold_2025,2025,2015-01-05,2024-12-23,69628,7100,cs_rank_centered,,,,,0,7100,237,48,,,0.20253164556962025,-0.11463893289610336,0.04364778611594944,-2.6264546978755674,-0.09923997494377523,-0.10433938546405963,0.3125,-0.11463893289610336,0.04364778611594944,-2.6264546978755674,-0.09923997494377523,-0.10433938546405963,0.3125,-0.14487893289610335,0.04364778611594944,-3.31927334209427,-0.12434947414429309,-0.1298321243064149,0.2708333333333333,-0.16503893289610339,0.04364778611594944,-3.7811524382400727,-0.14070718610248367,-0.14643113397800012,0.25,-0.21543893289610339,0.04364778611594944,-4.935850178604577,-0.18030419985038004,-0.18658407867307236,0.1875
momentum_carry_interaction__csz,momentum_carry_interaction,54,predictor,factor_interaction,0,1,train_rank_ic,train_rank_ic,1,1,0,0,fold_2025,2025,2015-01-05,2024-12-23,69628,7100,cs_rank_centered,-0.025044136555470595,-0.028322601199642805,0.45147679324894513,-0.12701897126693273,237,7100,237,48,-1.0548922781164323,0.6892754596544786,0.20253164556962025,-0.006748487274126925,0.06279703090556038,-0.10746506923672691,-0.07803356992611499,-0.008236001687306316,0.5,-0.006748487274126925,0.06279703090556038,-0.10746506923672691,-0.07803356992611499,-0.008236001687306316,0.5,-0.0369884872741269,0.06279703090556038,-0.5890164987219444,-0.08743756131670555,-0.036405603033919154,0.4583333333333333,-0.05714848727412693,0.06279703090556038,-0.9100507850454232,-0.09365665433070114,-0.05474850063767933,0.4375,-0.10754848727412694,0.06279703090556038,-1.7126365008541198,-0.11487956350482709,-0.09912297260821001,0.4166666666666667
momentum_carry_interaction__missing,momentum_carry_interaction,54,quality_flag,data_quality,0,-1,train_rank_ic,train_rank_ic,-1,1,0,0,fold_2025,2025,2015-01-05,2024-12-23,69628,7100,cs_rank_centered,,,,,0,7100,237,48,,,0.20253164556962025,-0.11463893289610336,0.04364778611594944,-2.6264546978755674,-0.09923997494377523,-0.10433938546405963,0.3125,-0.11463893289610336,0.04364778611594944,-2.6264546978755674,-0.09923997494377523,-0.10433938546405963,0.3125,-0.14487893289610335,0.04364778611594944,-3.31927334209427,-0.12434947414429309,-0.1298321243064149,0.2708333333333333,-0.16503893289610339,0.04364778611594944,-3.7811524382400727,-0.14070718610248367,-0.14643113397800012,0.25,-0.21543893289610339,0.04364778611594944,-4.935850178604577,-0.18030419985038004,-0.18658407867307236,0.1875
momentum_quality_60__csz,momentum_quality_60,41,predictor,trend_momentum,1,1,catalog,catalog,1,1,1,1,fold_2025,2025,2015-01-05,2024-12-23,69628,7100,cs_rank_centered,0.041887515847421834,0.025081191677683544,0.5485232067510548,0.08031819928035776,237,7100,237,48,-0.9488609964971833,0.6738483313675154,0.20253164556962025,0.03835100381341938,0.08977456176789789,0.4271923255116703,-0.10277373953939273,0.03328605527596884,0.5416666666666666,0.03835100381341938,0.08977456176789789,0.4271923255116703,-0.10277373953939273,0.03328605527596884,0.5416666666666666,0.008111003813419356,0.08977456176789789,0.09034857596285964,-0.10873648196730645,0.003960629174062147,0.5208333333333334,-0.012048996186580665,0.08977456176789789,-0.13421392373634752,-0.11269160607406292,-0.015135261443846248,0.5,-0.06244899618658064,0.08977456176789789,-0.6956201729843645,-0.13496601627403404,-0.06133258351244397,0.4791666666666667
momentum_quality_60__missing,momentum_quality_60,41,quality_flag,data_quality,1,1,catalog,catalog,1,1,0,0,fold_2025,2025,2015-01-05,2024-12-23,69628,7100,cs_rank_centered,,,,,0,7100,237,48,,,0.20253164556962025,-0.11463893289610336,0.04364778611594944,-2.6264546978755674,-0.09923997494377523,-0.10433938546405963,0.3125,-0.11463893289610336,0.04364778611594944,-2.6264546978755674,-0.09923997494377523,-0.10433938546405963,0.3125,-0.14487893289610335,0.04364778611594944,-3.31927334209427,-0.12434947414429309,-0.1298321243064149,0.2708333333333333,-0.16503893289610339,0.04364778611594944,-3.7811524382400727,-0.14070718610248367,-0.14643113397800012,0.25,-0.21543893289610339,0.04364778611594944,-4.935850178604577,-0.18030419985038004,-0.18658407867307236,0.1875
multi_horizon_trend__csz,multi_horizon_trend,4,predictor,trend_momentum,1,1,catalog,catalog,1,1,1,1,fold_2025,2025,2015-01-05,2024-12-23,69628,7100,cs_rank_centered,0.054043557721371434,0.049727193619574,0.5907172995780591,0.1771396524709909,237,7100,237,48,-0.7900626587901736,0.6477096232567822,0.20253164556962025,0.10502611491641983,0.08550297539082136,1.2283328672056277,-0.0906829150192413,0.10129778756937191,0.6666666666666666,0.10502611491641983,0.08550297539082136,1.2283328672056277,-0.0906829150192413,0.10129778756937191,0.6666666666666666,0.07478611491641984,0.08550297539082136,0.8746609644235614,-0.09454776193538983,0.07008323784554116,0.6041666666666666,0.0546261149164198,0.08550297539082136,0.6388796959021832,-0.09711649730370164,0.04975656498166292,0.6041666666666666,0.004226114916419861,0.08550297539082137,0.04942652459873962,-0.10631367791553803,0.0005795484800330541,0.5416666666666666
multi_horizon_trend__missing,multi_horizon_trend,4,quality_flag,data_quality,1,1,catalog,catalog,1,1,0,0,fold_2025,2025,2015-01-05,2024-12-23,69628,7100,cs_rank_centered,,,,,0,7100,237,48,,,0.20253164556962025,-0.11463893289610336,0.04364778611594944,-2.6264546978755674,-0.09923997494377523,-0.10433938546405963,0.3125,-0.11463893289610336,0.04364778611594944,-2.6264546978755674,-0.09923997494377523,-0.10433938546405963,0.3125,-0.14487893289610335,0.04364778611594944,-3.31927334209427,-0.12434947414429309,-0.1298321243064149,0.2708333333333333,-0.16503893289610339,0.04364778611594944,-3.7811524382400727,-0.14070718610248367,-0.14643113397800012,0.25,-0.21543893289610339,0.04364778611594944,-4.935850178604577,-0.18030419985038004,-0.18658407867307236,0.1875
nonlinear_tightness__csz,nonlinear_tightness,55,predictor,factor_interaction,1,1,catalog,catalog,1,1,0,0,fold_2025,2025,2015-01-05,2024-12-23,69628,7100,cs_rank_centered,-0.04107213231411298,-0.03198786865984903,0.4230769230769231,-0.1953082007584354,234,7100,237,48,-0.621995198632703,0.6245075695552627,0.20253164556962025,-0.12679998974809317,0.05394052552129716,-2.350737011229695,-0.11099308336769043,-0.11509801957685106,0.4166666666666667,-0.12679998974809317,0.05394052552129716,-2.350737011229695,-0.11099308336769043,-0.11509801957685106,0.4166666666666667,-0.15703998974809322,0.05394052552129716,-2.9113544636507043,-0.13422454867583777,-0.14029104127326153,0.3958333333333333,-0.1771999897480932,0.05394052552129717,-3.2850994319313758,-0.14960746608859177,-0.1566947957800754,0.3333333333333333,-0.2275999897480932,0.05394052552129717,-4.219461852633057,-0.1879911816074744,-0.19637507772691198,0.25
nonlinear_tightness__missing,nonlinear_tightness,55,quality_flag,data_quality,1,1,catalog,catalog,1,1,0,0,fold_2025,2025,2015-01-05,2024-12-23,69628,7100,cs_rank_centered,-0.04826371422951901,-0.0706435504290491,0.3888888888888889,-0.26518042195252106,234,7100,237,48,-0.6758094855057057,0.6425428432664955,0.20253164556962025,-0.07893832018682766,0.04808588824666562,-1.6416109396149383,-0.07881315201044714,-0.07348164254017475,0.375,-0.07893832018682766,0.04808588824666562,-1.6416109396149383,-0.07881315201044714,-0.07348164254017475,0.375,-0.10917832018682765,0.04808588824666562,-2.2704856698659057,-0.10298851075468984,-0.09983443605610365,0.3541666666666667,-0.12933832018682767,0.048085888246665626,-2.689735490033217,-0.1190321745526195,-0.1169937347819826,0.3333333333333333,-0.17973832018682767,0.048085888246665626,-3.7378600404514963,-0.15792381017948398,-0.15850297462188478,0.3125
oi_growth_20__csz,oi_growth_20,18,conditional,trading_liquidity,0,1,train_rank_ic,train_rank_ic,1,1,0,0,fold_2025,2025,2015-01-05,2024-12-23,69628,7100,cs_rank_centered,-0.03470084036020908,-0.03238264155854845,0.4472573839662447,-0.13633056627877294,237,7100,237,48,-1.0644194193679177,0.6937176715465205,0.20253164556962025,-0.054565952439200475,0.06836733760697493,-0.7981289655139882,-0.08330473597265264,-0.052741038827212816,0.4583333333333333,-0.054565952439200475,0.06836733760697493,-0.7981289655139882,-0.08330473597265264,-0.052741038827212816,0.4583333333333333,-0.08480595243920047,0.06836733760697493,-1.2404454437984207,-0.10079035378815404,-0.07967211627193349,0.4375,-0.10496595243920048,0.06836733760697493,-1.5353230959880426,-0.11226746135913124,-0.09720813919734383,0.4375,-0.15536595243920048,0.06836733760697493,-2.272517226462097,-0.14475778654379756,-0.13962930683997532,0.4166666666666667
oi_growth_20__missing,oi_growth_20,18,quality_flag,data_quality,0,1,train_rank_ic,train_rank_ic,1,1,0,0,fold_2025,2025,2015-01-05,2024-12-23,69628,7100,cs_rank_centered,,,,,0,7100,237,48,,,0.20253164556962025,-0.11463893289610336,0.04364778611594944,-2.6264546978755674,-0.09923997494377523,-0.10433938546405963,0.3125,-0.11463893289610336,0.04364778611594944,-2.6264546978755674,-0.09923997494377523,-0.10433938546405963,0.3125,-0.14487893289610335,0.04364778611594944,-3.31927334209427,-0.12434947414429309,-0.1298321243064149,0.2708333333333333,-0.16503893289610339,0.04364778611594944,-3.7811524382400727,-0.14070718610248367,-0.14643113397800012,0.25,-0.21543893289610339,0.04364778611594944,-4.935850178604577,-0.18030419985038004,-0.18658407867307236,0.1875
oi_surprise_60__csz,oi_surprise_60,52,conditional,trading_liquidity,0,-1,train_rank_ic,train_rank_ic,-1,1,0,1,fold_2025,2025,2015-01-05,2024-12-23,69628,7100,cs_rank_centered,-0.0007505226643783244,-0.0019288993048080143,0.4936708860759494,-0.008549515880202013,237,7100,237,48,-1.003595954386816,0.6879273988760147,0.20253164556962025,0.04281315684421884,0.07032441989232142,0.6087950232618062,-0.05048433571947464,0.039210456268788274,0.5625,0.04281315684421884,0.07032441989232142,0.6087950232618062,-0.05048433571947464,0.039210456268788274,0.5625,0.012573156844218844,0.07032441989232142,0.17878792122950285,-0.056195732635673346,0.009721258922071874,0.5208333333333334,-0.0075868431557811625,0.07032441989232142,-0.10788348012536618,-0.059986133969696986,-0.009481342227158907,0.4583333333333333,-0.057986843155781155,0.07032441989232142,-0.8245619835125384,-0.07073941790605365,-0.05593704837697133,0.375
oi_surprise_60__missing,oi_surprise_60,52,quality_flag,data_quality,0,1,train_rank_ic,train_rank_ic,1,1,0,0,fold_2025,2025,2015-01-05,2024-12-23,69628,7100,cs_rank_centered,,,,,0,7100,237,48,,,0.20253164556962025,-0.11463893289610336,0.04364778611594944,-2.6264546978755674,-0.09923997494377523,-0.10433938546405963,0.3125,-0.11463893289610336,0.04364778611594944,-2.6264546978755674,-0.09923997494377523,-0.10433938546405963,0.3125,-0.14487893289610335,0.04364778611594944,-3.31927334209427,-0.12434947414429309,-0.1298321243064149,0.2708333333333333,-0.16503893289610339,0.04364778611594944,-3.7811524382400727,-0.14070718610248367,-0.14643113397800012,0.25,-0.21543893289610339,0.04364778611594944,-4.935850178604577,-0.18030419985038004,-0.18658407867307236,0.1875
price_oi_interaction_20__csz,price_oi_interaction_20,19,predictor,trading_liquidity,1,1,catalog,catalog,1,1,0,0,fold_2025,2025,2015-01-05,2024-12-23,69628,7100,cs_rank_centered,-0.016260189729966096,-0.021336956047602756,0.4641350210970464,-0.09589916586645025,237,7100,237,48,-1.0418220486871763,0.6819913689030735,0.20253164556962025,-0.024833600473594498,0.07686336345449454,-0.32308761102155975,-0.06402973472671081,-0.026057255547521696,0.4375,-0.024833600473594498,0.07686336345449454,-0.32308761102155975,-0.06402973472671081,-0.026057255547521696,0.4375,-0.05507360047359447,0.07686336345449454,-0.7165130173648949,-0.0829731498400258,-0.053731481275501314,0.4166666666666667,-0.07523360047359448,0.07686336345449454,-0.9787966215937853,-0.09539479303488518,-0.07175164243821186,0.4166666666666667,-0.12563360047359445,0.07686336345449454,-1.6345056321660112,-0.1274644060823179,-0.11534479590614688,0.4166666666666667
price_oi_interaction_20__missing,price_oi_interaction_20,19,quality_flag,data_quality,1,1,catalog,catalog,1,1,0,0,fold_2025,2025,2015-01-05,2024-12-23,69628,7100,cs_rank_centered,,,,,0,7100,237,48,,,0.20253164556962025,-0.11463893289610336,0.04364778611594944,-2.6264546978755674,-0.09923997494377523,-0.10433938546405963,0.3125,-0.11463893289610336,0.04364778611594944,-2.6264546978755674,-0.09923997494377523,-0.10433938546405963,0.3125,-0.14487893289610335,0.04364778611594944,-3.31927334209427,-0.12434947414429309,-0.1298321243064149,0.2708333333333333,-0.16503893289610339,0.04364778611594944,-3.7811524382400727,-0.14070718610248367,-0.14643113397800012,0.25,-0.21543893289610339,0.04364778611594944,-4.935850178604577,-0.18030419985038004,-0.18658407867307236,0.1875
realized_skewness_60__csz,realized_skewness_60,26,risk,volatility_risk,-1,-1,catalog,catalog,-1,1,0,1,fold_2025,2025,2015-01-05,2024-12-23,69628,7100,cs_rank_centered,-0.004896610201313476,-0.01159837352284469,0.5021097046413502,-0.048858764351469165,237,7100,237,48,-1.0232895252489174,0.6872292236175674,0.20253164556962025,0.04722459949372971,0.0830146855976442,0.5688704251994403,-0.06256463417291347,0.04264146848407724,0.5625,0.04722459949372971,0.0830146855976442,0.5688704251994403,-0.06256463417291347,0.04264146848407724,0.5625,0.016984599493729696,0.08301468559764417,0.20459752839456263,-0.07323097039998283,0.013056367496568688,0.4791666666666667,-0.003175400506270293,0.0830146855976442,-0.03825106947535564,-0.08176881828340077,-0.006208706623665461,0.4791666666666667,-0.0535754005062703,0.08301468559764417,-0.6453725641501519,-0.10406304848440218,-0.052815627397053144,0.4166666666666667
realized_skewness_60__missing,realized_skewness_60,26,quality_flag,data_quality,-1,-1,catalog,catalog,-1,1,0,0,fold_2025,2025,2015-01-05,2024-12-23,69628,7100,cs_rank_centered,,,,,0,7100,237,48,,,0.20253164556962025,-0.11463893289610336,0.04364778611594944,-2.6264546978755674,-0.09923997494377523,-0.10433938546405963,0.3125,-0.11463893289610336,0.04364778611594944,-2.6264546978755674,-0.09923997494377523,-0.10433938546405963,0.3125,-0.14487893289610335,0.04364778611594944,-3.31927334209427,-0.12434947414429309,-0.1298321243064149,0.2708333333333333,-0.16503893289610339,0.04364778611594944,-3.7811524382400727,-0.14070718610248367,-0.14643113397800012,0.25,-0.21543893289610339,0.04364778611594944,-4.935850178604577,-0.18030419985038004,-0.18658407867307236,0.1875
realized_volatility_20__csz,realized_volatility_20,24,risk,volatility_risk,0,1,train_rank_ic,train_rank_ic,1,1,0,0,fold_2025,2025,2015-01-05,2024-12-23,69628,7100,cs_rank_centered,-0.0045588273204066115,-0.019657988956035148,0.459915611814346,-0.07159919669601524,237,7100,237,48,-1.0389302596872532,0.6881484770693125,0.20253164556962025,-0.006751597398651769,0.09813756536962129,-0.06879727832275878,-0.06208688037964849,-0.010826209920612562,0.4791666666666667,-0.006751597398651769,0.09813756536962129,-0.06879727832275878,-0.06208688037964849,-0.010826209920612562,0.4791666666666667,-0.03699159739865176,0.09813756536962129,-0.37693616363242893,-0.07275812546697813,-0.0389252358681339,0.4583333333333333,-0.05715159739865176,0.09813756536962129,-0.5823620871722092,-0.07980827651671574,-0.057222131974677626,0.4583333333333333,-0.10755159739865178,0.09813756536962129,-1.0959268960216597,-0.10468486715591085,-0.10148516477926794,0.3958333333333333
realized_volatility_20__missing,realized_volatility_20,24,quality_flag,data_quality,0,-1,train_rank_ic,train_rank_ic,-1,1,0,0,fold_2025,2025,2015-01-05,2024-12-23,69628,7100,cs_rank_centered,,,,,0,7100,237,48,,,0.20253164556962025,-0.11463893289610336,0.04364778611594944,-2.6264546978755674,-0.09923997494377523,-0.10433938546405963,0.3125,-0.11463893289610336,0.04364778611594944,-2.6264546978755674,-0.09923997494377523,-0.10433938546405963,0.3125,-0.14487893289610335,0.04364778611594944,-3.31927334209427,-0.12434947414429309,-0.1298321243064149,0.2708333333333333,-0.16503893289610339,0.04364778611594944,-3.7811524382400727,-0.14070718610248367,-0.14643113397800012,0.25,-0.21543893289610339,0.04364778611594944,-4.935850178604577,-0.18030419985038004,-0.18658407867307236,0.1875
seasonality_3y__csz,seasonality_3y,27,predictor,value_reversion,1,1,catalog,catalog,1,1,0,1,fold_2025,2025,2015-01-05,2024-12-23,69628,7100,cs_rank_centered,-0.013691901803436901,-0.010346148438169006,0.48523206751054854,-0.036475587943209695,237,7100,237,48,-1.0207348674181596,0.6813557760355236,0.20253164556962025,0.08835733098191124,0.09616292019872415,0.9188295322076081,-0.07378360500447101,0.08311579485799747,0.5,0.08835733098191124,0.09616292019872415,0.9188295322076081,-0.07378360500447101,0.08311579485799747,0.5,0.05811733098191124,0.09616292019872415,0.6043632084155689,-0.0859756003140506,0.05240564027620631,0.4791666666666667,0.037957330981911216,0.09616292019872415,0.39471899255420934,-0.09401832652766406,0.032407595413872725,0.4791666666666667,-0.012442669018088775,0.09616292019872415,-0.1293915470991891,-0.11389224258323971,-0.0159737878078845,0.3958333333333333
seasonality_3y__missing,seasonality_3y,27,quality_flag,data_quality,1,1,catalog,catalog,1,1,0,0,fold_2025,2025,2015-01-05,2024-12-23,69628,7100,cs_rank_centered,,,,,0,7100,237,48,,,0.20253164556962025,-0.11463893289610336,0.04364778611594944,-2.6264546978755674,-0.09923997494377523,-0.10433938546405963,0.3125,-0.11463893289610336,0.04364778611594944,-2.6264546978755674,-0.09923997494377523,-0.10433938546405963,0.3125,-0.14487893289610335,0.04364778611594944,-3.31927334209427,-0.12434947414429309,-0.1298321243064149,0.2708333333333333,-0.16503893289610339,0.04364778611594944,-3.7811524382400727,-0.14070718610248367,-0.14643113397800012,0.25,-0.21543893289610339,0.04364778611594944,-4.935850178604577,-0.18030419985038004,-0.18658407867307236,0.1875
sector_relative_value_60__csz,sector_relative_value_60,29,predictor,industry_chain,1,1,catalog,catalog,1,1,0,1,fold_2025,2025,2015-01-05,2024-12-23,69628,7100,cs_rank_centered,-0.005884674917032099,-0.026156495254533535,0.4767932489451477,-0.09885473184928233,237,7100,237,48,-1.0526222785892685,0.6880584749878582,0.20253164556962025,0.019005529770601062,0.08953017846737102,0.21228070909662675,-0.11030188696990617,0.014458560002186482,0.4791666666666667,0.019005529770601062,0.08953017846737102,0.21228070909662675,-0.11030188696990617,0.014458560002186482,0.4791666666666667,-0.011234470229398944,0.08953017846737102,-0.1254824956424421,-0.12098011785160001,-0.014343386038737749,0.4791666666666667,-0.03139447022939896,0.08953017846737102,-0.3506579654684881,-0.12803117605749248,-0.03309823225729547,0.4583333333333333,-0.08179447022939895,0.08953017846737102,-0.9135966400336026,-0.14542449971261406,-0.07846992064243552,0.4375
sector_relative_value_60__missing,sector_relative_value_60,29,quality_flag,data_quality,1,1,catalog,catalog,1,1,0,0,fold_2025,2025,2015-01-05,2024-12-23,69628,7100,cs_rank_centered,,,,,0,7100,237,48,,,0.20253164556962025,-0.11463893289610336,0.04364778611594944,-2.6264546978755674,-0.09923997494377523,-0.10433938546405963,0.3125,-0.11463893289610336,0.04364778611594944,-2.6264546978755674,-0.09923997494377523,-0.10433938546405963,0.3125,-0.14487893289610335,0.04364778611594944,-3.31927334209427,-0.12434947414429309,-0.1298321243064149,0.2708333333333333,-0.16503893289610339,0.04364778611594944,-3.7811524382400727,-0.14070718610248367,-0.14643113397800012,0.25,-0.21543893289610339,0.04364778611594944,-4.935850178604577,-0.18030419985038004,-0.18658407867307236,0.1875
short_reversal_5__csz,short_reversal_5,12,predictor,value_reversion,1,1,catalog,catalog,1,1,1,1,fold_2025,2025,2015-01-05,2024-12-23,69628,7100,cs_rank_centered,-0.013265705943953841,0.004505836506420512,0.5147679324894515,0.015758170838893002,237,7100,237,48,-0.9913800226656091,0.6675311454936516,0.20253164556962025,0.09555047351439755,0.0948453938689367,1.007433989324091,-0.07585030977745,0.09064042159788221,0.5416666666666666,0.09555047351439755,0.0948453938689367,1.007433989324091,-0.07585030977745,0.09064042159788221,0.5416666666666666,0.06531047351439753,0.0948453938689367,0.6885993177976323,-0.07921621657339373,0.05972134885931557,0.5416666666666666,0.045150473514397535,0.0948453938689367,0.47604287011332663,-0.08145447394227068,0.03958719043574499,0.5416666666666666,-0.005249526485602475,0.0948453938689367,-0.05534824909743745,-0.09421061087047256,-0.009123725083480694,0.4791666666666667
term_structure_acceleration__csz,term_structure_acceleration,46,predictor,term_structure,1,1,catalog,catalog,1,1,0,0,fold_2025,2025,2015-01-05,2024-12-23,69628,7100,cs_rank_centered,-0.07017441626998108,-0.07588549463297453,0.37130801687763715,-0.3700853032827653,237,7100,237,48,-1.1512998992963444,0.7135739401928813,0.20253164556962025,-0.06983347588091118,0.053814018540547154,-1.2976818638491732,-0.09723270074588142,-0.0656532118657287,0.4166666666666667,-0.06983347588091118,0.053814018540547154,-1.2976818638491732,-0.09723270074588142,-0.0656532118657287,0.4166666666666667,-0.10007347588091119,0.053814018540547154,-1.8596172260488038,-0.10966414816369219,-0.09222422196930546,0.3958333333333333,-0.1202334758809112,0.053814018540547154,-2.234240800848558,-0.11787914890865459,-0.10952567913324263,0.375,-0.17063347588091118,0.053814018540547154,-3.170799737847942,-0.1485760423516358,-0.15137904145508563,0.3541666666666667
term_structure_acceleration__missing,term_structure_acceleration,46,quality_flag,data_quality,1,1,catalog,catalog,1,1,0,0,fold_2025,2025,2015-01-05,2024-12-23,69628,7100,cs_rank_centered,-0.027204408515207577,-0.025941199337615666,0.44017094017094016,-0.10773560736044237,234,7100,237,48,-0.18120218010945366,0.5428729064039409,0.20253164556962025,-0.16635919174016098,0.07443958463017175,-2.2348216015264075,-0.13415587869154488,-0.1489456901691424,0.3541666666666667,-0.16635919174016098,0.07443958463017175,-2.2348216015264075,-0.13415587869154488,-0.1489456901691424,0.3541666666666667,-0.19659919174016094,0.07443958463017175,-2.641057076243755,-0.1578075136589837,-0.17319508665846572,0.2916666666666667,-0.21675919174016095,0.07443958463017175,-2.91188072605532,-0.17322290446796706,-0.18898411304912566,0.2708333333333333,-0.26715919174016095,0.07443958463017175,-3.5889398505842327,-0.21056384364999559,-0.2271763309830428,0.22916666666666666
term_structure_momentum__csz,term_structure_momentum,45,predictor,term_structure,1,1,catalog,catalog,1,1,0,0,fold_2025,2025,2015-01-05,2024-12-23,69628,7100,cs_rank_centered,-0.06410119092150461,-0.06990537219541154,0.35443037974683544,-0.33586141476966125,237,7100,237,48,-1.1394059873166373,0.7064433775064177,0.20253164556962025,-0.12426560980858355,0.04942190145589434,-2.5143834241076726,-0.12777541046378027,-0.1127640969912207,0.4166666666666667,-0.12426560980858355,0.04942190145589434,-2.5143834241076726,-0.12777541046378027,-0.1127640969912207,0.4166666666666667,-0.15450560980858355,0.04942190145589434,-3.1262578989695333,-0.15159691538283626,-0.13802208973374896,0.375,-0.17466560980858356,0.04942190145589434,-3.5341742155441076,-0.16712308772675666,-0.15446817132547508,0.3541666666666667,-0.22506560980858356,0.04942190145589434,-4.553965006980544,-0.20473259636808006,-0.19425091878871847,0.2708333333333333
term_structure_momentum__missing,term_structure_momentum,45,quality_flag,data_quality,1,1,catalog,catalog,1,1,0,0,fold_2025,2025,2015-01-05,2024-12-23,69628,7100,cs_rank_centered,-0.012249731256883748,-0.012642120191821581,0.460093896713615,-0.054076147363472035,213,7100,237,48,-0.12726089795432016,0.5340444182335391,0.20253164556962025,-0.14886495182560566,0.07069619165687423,-2.105699732004314,-0.12298790641302926,-0.134379395925863,0.3541666666666667,-0.14886495182560566,0.07069619165687423,-2.105699732004314,-0.12298790641302926,-0.134379395925863,0.3541666666666667,-0.17910495182560568,0.07069619165687421,-2.533445545339927,-0.14693792959515495,-0.15903510835014278,0.3125,-0.19926495182560566,0.07069619165687423,-2.8186094208970016,-0.16254790021508247,-0.1750888272637935,0.2916666666666667,-0.2496649518256056,0.07069619165687421,-3.531519109789689,-0.2003605098442296,-0.2139217710308211,0.25
term_structure_slope__csz,term_structure_slope,44,predictor,term_structure,1,1,catalog,catalog,1,1,1,0,fold_2025,2025,2015-01-05,2024-12-23,69628,7100,cs_rank_centered,0.018724311097639137,0.01717036548139815,0.569620253164557,0.0615515479044712,237,7100,237,48,-0.9654109692566655,0.6668026365087073,0.20253164556962025,-0.007653916857122616,0.11512157222209445,-0.06648551361300517,-0.10804350509817318,-0.013506232034844579,0.5833333333333334,-0.007653916857122616,0.11512157222209445,-0.06648551361300517,-0.10804350509817318,-0.013506232034844579,0.5833333333333334,-0.03789391685712262,0.11512157222209445,-0.32916434448981513,-0.11112840455959039,-0.04153185543731075,0.5833333333333334,-0.05805391685712262,0.11512157222209445,-0.5042835650743551,-0.11401201450767107,-0.05978091328215873,0.5833333333333334,-0.10845391685712263,0.11512157222209445,-0.942081616535705,-0.1254339451748745,-0.1039280775144169,0.5625
term_structure_slope__missing,term_structure_slope,44,quality_flag,data_quality,1,1,catalog,catalog,1,1,0,0,fold_2025,2025,2015-01-05,2024-12-23,69628,7100,cs_rank_centered,0.0007014011418083872,-0.0019139882521830329,0.4866666666666667,-0.008956585211701994,150,7100,237,48,-0.07622051948295483,0.5280135294525775,0.20253164556962025,-0.12836384782019106,0.04982397587192507,-2.5763469408815647,-0.11138219130088689,-0.11623760999541399,0.3333333333333333,-0.12836384782019106,0.04982397587192507,-2.5763469408815647,-0.11138219130088689,-0.11623760999541399,0.3333333333333333,-0.15860384782019105,0.04982397587192507,-3.1832836509854188,-0.13598897307757318,-0.14139874564888766,0.2708333333333333,-0.17876384782019103,0.04982397587192507,-3.587908124387988,-0.15213389773427533,-0.15778172964476667,0.22916666666666666,-0.229163847820191,0.04982397587192507,-4.59946930789441,-0.19121545347537972,-0.19741173866424333,0.20833333333333334
tightness_composite__csz,tightness_composite,17,predictor,inventory_fundamental,1,1,catalog,catalog,1,1,0,0,fold_2025,2025,2015-01-05,2024-12-23,69628,7100,cs_rank_centered,-0.04122896473692074,-0.032115310649189696,0.4230769230769231,-0.1959431921030686,234,7100,237,48,-0.6222095016448785,0.6245075695552625,0.20253164556962025,-0.12679998974809317,0.05394052552129716,-2.350737011229695,-0.11099308336769043,-0.11509801957685106,0.4166666666666667,-0.12679998974809317,0.05394052552129716,-2.350737011229695,-0.11099308336769043,-0.11509801957685106,0.4166666666666667,-0.15703998974809322,0.05394052552129716,-2.9113544636507043,-0.13422454867583777,-0.14029104127326153,0.3958333333333333,-0.1771999897480932,0.05394052552129717,-3.2850994319313758,-0.14960746608859177,-0.1566947957800754,0.3333333333333333,-0.2275999897480932,0.05394052552129717,-4.219461852633057,-0.1879911816074744,-0.19637507772691198,0.25
tightness_composite__missing,tightness_composite,17,quality_flag,data_quality,1,1,catalog,catalog,1,1,0,0,fold_2025,2025,2015-01-05,2024-12-23,69628,7100,cs_rank_centered,-0.04826371422951901,-0.0706435504290491,0.3888888888888889,-0.26518042195252106,234,7100,237,48,-0.6758094855057057,0.6425428432664955,0.20253164556962025,-0.07893832018682766,0.04808588824666562,-1.6416109396149383,-0.07881315201044714,-0.07348164254017475,0.375,-0.07893832018682766,0.04808588824666562,-1.6416109396149383,-0.07881315201044714,-0.07348164254017475,0.375,-0.10917832018682765,0.04808588824666562,-2.2704856698659057,-0.10298851075468984,-0.09983443605610365,0.3541666666666667,-0.12933832018682767,0.048085888246665626,-2.689735490033217,-0.1190321745526195,-0.1169937347819826,0.3333333333333333,-0.17973832018682767,0.048085888246665626,-3.7378600404514963,-0.15792381017948398,-0.15850297462188478,0.3125
trend_efficiency_60__csz,trend_efficiency_60,3,predictor,trend_momentum,0,1,train_rank_ic,train_rank_ic,1,1,1,0,fold_2025,2025,2015-01-05,2024-12-23,69628,7100,cs_rank_centered,0.018357458631725356,0.014029930921519981,0.4978902953586498,0.054515104183226124,237,7100,237,48,-0.9720706603896978,0.6766334004024145,0.20253164556962025,-0.05655415020667211,0.07776486927692232,-0.7272454867156223,-0.12935018692916123,-0.05515233720442181,0.4375,-0.05655415020667211,0.07776486927692232,-0.7272454867156223,-0.12935018692916123,-0.05515233720442181,0.4375,-0.08679415020667211,0.07776486927692232,-1.1161100251785463,-0.1430470751967321,-0.08201663361065592,0.4375,-0.10695415020667212,0.0777648692769223,-1.3753530508204959,-0.1543397580903526,-0.09950914504430974,0.4166666666666667,-0.1573541502066721,0.07776486927692232,-2.0234606149253684,-0.1819437987476391,-0.14182496228126162,0.375
trend_efficiency_60__missing,trend_efficiency_60,3,quality_flag,data_quality,0,-1,train_rank_ic,train_rank_ic,-1,1,0,0,fold_2025,2025,2015-01-05,2024-12-23,69628,7100,cs_rank_centered,,,,,0,7100,237,48,,,0.20253164556962025,-0.11463893289610336,0.04364778611594944,-2.6264546978755674,-0.09923997494377523,-0.10433938546405963,0.3125,-0.11463893289610336,0.04364778611594944,-2.6264546978755674,-0.09923997494377523,-0.10433938546405963,0.3125,-0.14487893289610335,0.04364778611594944,-3.31927334209427,-0.12434947414429309,-0.1298321243064149,0.2708333333333333,-0.16503893289610339,0.04364778611594944,-3.7811524382400727,-0.14070718610248367,-0.14643113397800012,0.25,-0.21543893289610339,0.04364778611594944,-4.935850178604577,-0.18030419985038004,-0.18658407867307236,0.1875
tsmom_60__csz,tsmom_60,1,predictor,trend_momentum,1,1,catalog,catalog,1,1,1,1,fold_2025,2025,2015-01-05,2024-12-23,69628,7100,cs_rank_centered,0.041871722605008765,0.02523386200875642,0.540084388185654,0.08066832447238455,237,7100,237,48,-0.9496707153998158,0.673350530770832,0.20253164556962025,0.040988590350385976,0.08979555353575346,0.45646570165710654,-0.1027379368631417,0.035881894011362325,0.5416666666666666,0.040988590350385976,0.08979555353575346,0.45646570165710654,-0.1027379368631417,0.035881894011362325,0.5416666666666666,0.010748590350385983,0.08979555353575346,0.11970069705184533,-0.10870088608045092,0.006484310926643477,0.5208333333333334,-0.009411409649614033,0.08979555353575346,-0.10480930601832907,-0.11265614745014751,-0.012658589841242351,0.5,-0.059811409649614,0.08979555353575346,-0.6660843136937643,-0.13211847873612792,-0.05896971959564612,0.4791666666666667
tsmom_60__missing,tsmom_60,1,quality_flag,data_quality,1,1,catalog,catalog,1,1,0,0,fold_2025,2025,2015-01-05,2024-12-23,69628,7100,cs_rank_centered,,,,,0,7100,237,48,,,0.20253164556962025,-0.11463893289610336,0.04364778611594944,-2.6264546978755674,-0.09923997494377523,-0.10433938546405963,0.3125,-0.11463893289610336,0.04364778611594944,-2.6264546978755674,-0.09923997494377523,-0.10433938546405963,0.3125,-0.14487893289610335,0.04364778611594944,-3.31927334209427,-0.12434947414429309,-0.1298321243064149,0.2708333333333333,-0.16503893289610339,0.04364778611594944,-3.7811524382400727,-0.14070718610248367,-0.14643113397800012,0.25,-0.21543893289610339,0.04364778611594944,-4.935850178604577,-0.18030419985038004,-0.18658407867307236,0.1875
turnover_oi__csz,turnover_oi,23,conditional,trading_liquidity,0,1,train_rank_ic,train_rank_ic,1,1,1,1,fold_2025,2025,2015-01-05,2024-12-23,69628,7100,cs_rank_centered,0.04331093183664647,0.02646196054258945,0.5822784810126582,0.11657813236397085,237,7100,237,48,-0.9461299857924277,0.6733693193644626,0.20253164556962025,0.12237602977122047,0.07318630972665979,1.6721164139615339,-0.03386402241168962,0.12064874634972278,0.625,0.12237602977122047,0.07318630972665979,1.6721164139615339,-0.03386402241168962,0.12064874634972278,0.625,0.09213602977122047,0.07318630972665979,1.2589243823788239,-0.034464022411689665,0.08889771037124783,0.625,0.07197602977122047,0.07318630972665979,0.9834630279903505,-0.039222860305260676,0.06822149614556117,0.6041666666666666,0.02157602977122047,0.07318630972665979,0.29480964201916726,-0.054518860918723044,0.018198196414464185,0.5416666666666666
value_252__csz,value_252,11,predictor,value_reversion,1,1,catalog,catalog,1,1,0,0,fold_2025,2025,2015-01-05,2024-12-23,69628,7100,cs_rank_centered,-0.059334950994710124,-0.047709182434346714,0.4388185654008439,-0.15214359464856256,237,7100,237,48,-1.0955261654008903,0.7065554707555679,0.20253164556962025,-0.08003633906305552,0.0903742886700216,-0.88560961575352,-0.1097691664608742,-0.07697503519318427,0.4166666666666667,-0.08003633906305552,0.0903742886700216,-0.88560961575352,-0.1097691664608742,-0.07697503519318427,0.4166666666666667,-0.11027633906305553,0.0903742886700216,-1.2202180585420832,-0.1204535156905786,-0.10323197272721474,0.4166666666666667,-0.13043633906305555,0.0903742886700216,-1.4432903537344586,-0.12750861574796224,-0.12032880231411613,0.3958333333333333,-0.18083633906305557,0.0903742886700216,-2.0009710917153973,-0.15672957505672247,-0.16168674501190883,0.3541666666666667
value_252__missing,value_252,11,quality_flag,data_quality,1,1,catalog,catalog,1,1,0,0,fold_2025,2025,2015-01-05,2024-12-23,69628,7100,cs_rank_centered,,,,,0,7100,237,48,,,0.20253164556962025,-0.11463893289610336,0.04364778611594944,-2.6264546978755674,-0.09923997494377523,-0.10433938546405963,0.3125,-0.11463893289610336,0.04364778611594944,-2.6264546978755674,-0.09923997494377523,-0.10433938546405963,0.3125,-0.14487893289610335,0.04364778611594944,-3.31927334209427,-0.12434947414429309,-0.1298321243064149,0.2708333333333333,-0.16503893289610339,0.04364778611594944,-3.7811524382400727,-0.14070718610248367,-0.14643113397800012,0.25,-0.21543893289610339,0.04364778611594944,-4.935850178604577,-0.18030419985038004,-0.18658407867307236,0.1875
vol_managed_momentum__csz,vol_managed_momentum,42,predictor,trend_momentum,1,1,catalog,catalog,1,1,1,1,fold_2025,2025,2015-01-05,2024-12-23,69628,7100,cs_rank_centered,0.016922494601949608,0.011269818542909173,0.5569620253164557,0.04989259875663592,237,7100,237,48,-0.9775556017979292,0.7030808020537015,0.20253164556962025,0.005110530405250807,0.05287674153261663,0.09664987397338799,-0.03336995987474012,0.0035678428587369027,0.4791666666666667,0.005110530405250807,0.05287674153261663,0.09664987397338799,-0.03336995987474012,0.0035678428587369027,0.4791666666666667,-0.025129469594749185,0.05287674153261663,-0.4752461832249678,-0.048927643474937055,-0.024929787305680073,0.4791666666666667,-0.045289469594749214,0.05287674153261663,-0.8565102213572056,-0.05916517214596562,-0.04348639640359975,0.4583333333333333,-0.09568946959474921,0.05287674153261663,-1.8096703166877988,-0.09478272608620542,-0.08837825056283766,0.4166666666666667
vol_managed_momentum__missing,vol_managed_momentum,42,quality_flag,data_quality,1,1,catalog,catalog,1,1,0,0,fold_2025,2025,2015-01-05,2024-12-23,69628,7100,cs_rank_centered,,,,,0,7100,237,48,,,0.20253164556962025,-0.11463893289610336,0.04364778611594944,-2.6264546978755674,-0.09923997494377523,-0.10433938546405963,0.3125,-0.11463893289610336,0.04364778611594944,-2.6264546978755674,-0.09923997494377523,-0.10433938546405963,0.3125,-0.14487893289610335,0.04364778611594944,-3.31927334209427,-0.12434947414429309,-0.1298321243064149,0.2708333333333333,-0.16503893289610339,0.04364778611594944,-3.7811524382400727,-0.14070718610248367,-0.14643113397800012,0.25,-0.21543893289610339,0.04364778611594944,-4.935850178604577,-0.18030419985038004,-0.18658407867307236,0.1875
volume_price_divergence_20__csz,volume_price_divergence_20,53,predictor,trading_liquidity,0,1,train_rank_ic,train_rank_ic,1,1,1,1,fold_2025,2025,2015-01-05,2024-12-23,69628,7100,cs_rank_centered,0.050012979795038735,0.03501379414766845,0.5654008438818565,0.13261206136676082,237,7100,237,48,-0.9300412620270326,0.6603936723791023,0.20253164556962025,0.09241921107051443,0.10322101339256946,0.8953526809412956,-0.05856818954543441,0.08653964358371269,0.5625,0.09241921107051443,0.10322101339256946,0.8953526809412956,-0.05856818954543441,0.08653964358371269,0.5625,0.06217921107051442,0.10322101339256946,0.6023890778327748,-0.06535827039817155,0.05573392898194118,0.5208333333333334,0.04201921107051445,0.10322101339256946,0.40708000909376146,-0.07122607302134354,0.03567363278341018,0.5208333333333334,-0.008380788929485562,0.10322101339256946,-0.08119266275377285,-0.08837391841323372,-0.012858436032724962,0.5208333333333334
volume_price_divergence_20__missing,volume_price_divergence_20,53,quality_flag,data_quality,0,1,train_rank_ic,train_rank_ic,1,1,0,0,fold_2025,2025,2015-01-05,2024-12-23,69628,7100,cs_rank_centered,,,,,0,7100,237,48,,,0.20253164556962025,-0.11463893289610336,0.04364778611594944,-2.6264546978755674,-0.09923997494377523,-0.10433938546405963,0.3125,-0.11463893289610336,0.04364778611594944,-2.6264546978755674,-0.09923997494377523,-0.10433938546405963,0.3125,-0.14487893289610335,0.04364778611594944,-3.31927334209427,-0.12434947414429309,-0.1298321243064149,0.2708333333333333,-0.16503893289610339,0.04364778611594944,-3.7811524382400727,-0.14070718610248367,-0.14643113397800012,0.25,-0.21543893289610339,0.04364778611594944,-4.935850178604577,-0.18030419985038004,-0.18658407867307236,0.1875
volume_shock_20__csz,volume_shock_20,21,conditional,trading_liquidity,0,-1,train_rank_ic,train_rank_ic,-1,1,1,1,fold_2025,2025,2015-01-05,2024-12-23,69628,7100,cs_rank_centered,0.026633269135979076,0.028810734093257077,0.5232067510548524,0.11435803721743716,237,7100,237,48,-0.9425058353921831,0.6728114896274197,0.20253164556962025,0.10391235344168843,0.07088888298366544,1.4658483681514975,-0.031017577697903254,0.10133585748488905,0.5833333333333334,0.10391235344168843,0.07088888298366544,1.4658483681514975,-0.031017577697903254,0.10133585748488905,0.5833333333333334,0.0736723534416884,0.07088888298366544,1.0392652605157335,-0.03234423251331375,0.07012097330388856,0.5833333333333334,0.05351235344168842,0.07088888298366545,0.7548765220918913,-0.03390453487228495,0.04979407156665494,0.5416666666666666,0.003112353441688425,0.07088888298366544,0.04390467603228547,-0.048485049133654146,0.0006164639581420772,0.4791666666666667
volume_shock_20__missing,volume_shock_20,21,quality_flag,data_quality,0,-1,train_rank_ic,train_rank_ic,-1,1,0,0,fold_2025,2025,2015-01-05,2024-12-23,69628,7100,cs_rank_centered,,,,,0,7100,237,48,,,0.20253164556962025,-0.11463893289610336,0.04364778611594944,-2.6264546978755674,-0.09923997494377523,-0.10433938546405963,0.3125,-0.11463893289610336,0.04364778611594944,-2.6264546978755674,-0.09923997494377523,-0.10433938546405963,0.3125,-0.14487893289610335,0.04364778611594944,-3.31927334209427,-0.12434947414429309,-0.1298321243064149,0.2708333333333333,-0.16503893289610339,0.04364778611594944,-3.7811524382400727,-0.14070718610248367,-0.14643113397800012,0.25,-0.21543893289610339,0.04364778611594944,-4.935850178604577,-0.18030419985038004,-0.18658407867307236,0.1875
warehouse_surprise__csz,warehouse_surprise,39,predictor,information_news,1,1,catalog,catalog,1,1,0,0,fold_2025,2025,2015-01-05,2024-12-23,69628,7100,cs_rank_centered,-0.010887422081144061,-0.01561414271347047,0.44017094017094016,-0.08440542908433565,234,7100,237,48,-1.018372394819592,0.6978727398876016,0.20253164556962025,-0.057891682243856726,0.04887170274332259,-1.1845644615230142,-0.05837360384852597,-0.05473104447468091,0.4166666666666667,-0.057891682243856726,0.04887170274332259,-1.1845644615230142,-0.05837360384852597,-0.05473104447468091,0.4166666666666667,-0.08813168224385673,0.04887170274332259,-1.8033274327831412,-0.071433349006364,-0.08160611603659373,0.375,-0.10829168224385674,0.04887170274332259,-2.2158360802898933,-0.0883935407587092,-0.09910566175618507,0.3541666666666667,-0.1586916822438567,0.04887170274332258,-3.247107699056772,-0.12947925479801026,-0.14143855661501759,0.2916666666666667
warehouse_surprise__missing,warehouse_surprise,39,quality_flag,data_quality,1,1,catalog,catalog,1,1,1,0,fold_2025,2025,2015-01-05,2024-12-23,69628,7100,cs_rank_centered,0.0955021346130281,0.08627459902535195,0.6875,0.43132754124724754,48,7100,237,48,-0.008732349010185825,0.5179467286477486,0.20253164556962025,-0.10241865002252093,0.039451987966353796,-2.5960326792623882,-0.0885238538690718,-0.09368393082550441,0.3333333333333333,-0.10241865002252093,0.039451987966353796,-2.5960326792623882,-0.0885238538690718,-0.09368393082550441,0.3333333333333333,-0.13265865002252092,0.039451987966353796,-3.362533977645371,-0.11392568288721894,-0.11947359881363595,0.2708333333333333,-0.15281865002252093,0.039451987966353796,-3.8735348432340264,-0.13047393210126457,-0.13626604604491588,0.2708333333333333,-0.2032186500225209,0.039451987966353796,-5.151037007205664,-0.17053250705840461,-0.17688724907621756,0.20833333333333334
warehouse_tightness__csz,warehouse_tightness,16,predictor,inventory_fundamental,1,1,catalog,catalog,1,1,1,1,fold_2025,2025,2015-01-05,2024-12-23,69628,7100,cs_rank_centered,0.05543860173397862,0.06442152915461516,0.6538461538461539,0.31653638414239244,234,7100,237,48,-0.8597326572992257,0.660659571220426,0.20253164556962025,0.057795021205606575,0.04790540561684486,1.2064404937484605,-0.03384114033624308,0.055423532009381216,0.5833333333333334,0.057795021205606575,0.04790540561684486,1.2064404937484605,-0.03384114033624308,0.055423532009381216,0.5833333333333334,0.027555021205606572,0.04790540561684486,0.5751964908928247,-0.0436687744940607,0.025484536076069153,0.5625,0.007395021205606558,0.04790540561684486,0.15436715565573386,-0.050168177581766615,0.005988878555868604,0.5625,-0.043004978794393404,0.04790540561684486,-0.8977061824369915,-0.07797913595169059,-0.041176337922962714,0.5
warehouse_tightness__missing,warehouse_tightness,16,quality_flag,data_quality,1,1,catalog,catalog,1,1,1,0,fold_2025,2025,2015-01-05,2024-12-23,69628,7100,cs_rank_centered,0.03383960535045511,0.031085651966865118,0.5675675675675675,0.13772460674930764,74,7100,237,48,-0.02942146459591477,0.5200019010615416,0.20253164556962025,-0.11663430990023775,0.04505794007299605,-2.588540659233079,-0.10100779868709053,-0.10609720114890886,0.3333333333333333,-0.11663430990023775,0.04505794007299605,-2.588540659233079,-0.10100779868709053,-0.10609720114890886,0.3333333333333333,-0.14687430990023775,0.04505794007299605,-3.2596765334210636,-0.126069083397635,-0.13154096668910098,0.2916666666666667,-0.16703430990023774,0.04505794007299605,-3.707100449546386,-0.14239536953821508,-0.14810807203400278,0.2916666666666667,-0.21743430990023774,0.04505794007299605,-4.825660239859692,-0.18191625622349517,-0.18818378471003028,0.22916666666666666
