rank,feature_name,source_factor,source_factor_id,usage_type,category,catalog_direction,direction_source_modes,applied_direction_modes,pearson_ic_mean,rank_ic_mean,rank_ic_hit_rate,rank_icir,ic_days,prediction_rows,prediction_days,strategy_days,target_r2,target_mae,strategy_coverage,gross_annual_return,gross_annual_volatility,gross_sharpe,gross_max_drawdown,gross_total_return,gross_hit_rate,net_0bps_annual_return,net_0bps_annual_volatility,net_0bps_sharpe,net_0bps_max_drawdown,net_0bps_total_return,net_0bps_hit_rate,net_3bps_annual_return,net_3bps_annual_volatility,net_3bps_sharpe,net_3bps_max_drawdown,net_3bps_total_return,net_3bps_hit_rate,net_5bps_annual_return,net_5bps_annual_volatility,net_5bps_sharpe,net_5bps_max_drawdown,net_5bps_total_return,net_5bps_hit_rate,net_10bps_annual_return,net_10bps_annual_volatility,net_10bps_sharpe,net_10bps_max_drawdown,net_10bps_total_return,net_10bps_hit_rate,years_evaluated,years_rank_ic_positive,years_gross_sharpe_positive
1,volume_shock_20__missing,volume_shock_20,21,quality_flag,data_quality,0,train_rank_ic,-1,0.10671709579299977,0.14159503557397912,0.8,0.6876951596562525,10,43234,1450,293,-6.018023358556057e-05,0.5171993826579536,0.20206896551724138,-0.003495981378446869,0.05550619894249564,-0.06298362065953575,-0.13734840770954027,-0.028825287983319292,0.49829351535836175,-0.003495981378446869,0.05550619894249564,-0.06298362065953575,-0.13734840770954027,-0.028825287983319292,0.49829351535836175,-0.03373598137844686,0.05550619894249564,-0.6077876349161885,-0.20733648942041472,-0.1854541657050065,0.45733788395904434,-0.053895981378446874,0.05550619894249564,-0.9709903110872906,-0.2919747619511449,-0.2756160548513158,0.4402730375426621,-0.10429598137844688,0.05550619894249564,-1.8789970015150455,-0.46813841752258123,-0.4598520616533208,0.3822525597269625,6,1,1
2,correlation_risk_20_120__missing,correlation_risk_20_120,57,quality_flag,data_quality,-1,catalog,-1,0.050483664497935045,0.059454013044262594,0.6333333333333333,0.3765093544971773,120,43234,1450,293,-0.004988393655422918,0.5182025179490856,0.20206896551724138,0.00032628876902996687,0.05530029084459143,0.0059003083717394066,-0.1179029018336728,-0.0069335025420238505,0.4948805460750853,0.00032628876902996687,0.05530029084459143,0.0059003083717394066,-0.1179029018336728,-0.0069335025420238505,0.4948805460750853,-0.029913711230970027,0.05530029084459143,-0.5409322586572923,-0.1894577401660439,-0.16708185446173485,0.45733788395904434,-0.05007371123097004,0.05530029084459143,-0.905487303343314,-0.2759985653920376,-0.259270733145201,0.4402730375426621,-0.10047371123097004,0.05530029084459143,-1.8168749150583672,-0.45612505549872595,-0.4476515325239713,0.3890784982935154,6,2,1
3,amihud_20__missing,amihud_20,22,quality_flag,data_quality,-1,catalog,-1,0.025985137374990846,0.05143436187401056,0.5897435897435898,0.23788174135462345,39,43234,1450,293,-0.0017521706470871035,0.5174211110868882,0.20206896551724138,-0.002341767464158984,0.05555705713995043,-0.042150675084534794,-0.1336689982919872,-0.022302103935447626,0.5017064846416383,-0.002341767464158984,0.05555705713995043,-0.042150675084534794,-0.1336689982919872,-0.022302103935447626,0.5017064846416383,-0.03258176746415897,0.05555705713995043,-0.5864559633186512,-0.20200912923351566,-0.17997973804420153,0.46075085324232085,-0.05274176746415899,0.05555705713995045,-0.9493261554747289,-0.2872143342677044,-0.2707456389387014,0.44368600682593856,-0.103141767464159,0.05555705713995045,-1.8565016358649233,-0.46455884424140226,-0.45621671894068605,0.3856655290102389,6,2,1
4,basis_surprise__missing,basis_surprise,47,quality_flag,data_quality,1,catalog,1,0.034372038551319206,0.032079259236530676,0.5219917012448133,0.12123871247820116,1205,43234,1450,293,-0.20048443732935106,0.5397888072795592,0.20206896551724138,0.03319908182547745,0.08059233666110517,0.41193844478143454,-0.10062180491996164,0.19025177031553664,0.515358361774744,0.03319908182547745,0.08059233666110517,0.41193844478143454,-0.10062180491996164,0.19025177031553664,0.515358361774744,0.002959081825477454,0.08059233666110517,0.03671666498417265,-0.13449300466589198,-0.0015933664653217106,0.4948805460750853,-0.017200918174522555,0.08059233666110517,-0.21343118821400212,-0.1633797140045744,-0.11203792110561461,0.48464163822525597,-0.06760091817452256,0.08059233666110517,-0.8388008212094387,-0.36343821349105787,-0.3377490069138698,0.44368600682593856,6,5,4
5,basis_fresh__missing,basis_fresh,7,quality_flag,data_quality,1,catalog,1,0.0343448666640012,0.03202906045238695,0.5215231788079471,0.12052501533437862,1208,43234,1450,293,-0.19812702114583836,0.5393644924443322,0.20206896551724138,0.03434014644493365,0.08144874536820777,0.42161664111204084,-0.09422869988237714,0.19770212309886048,0.515358361774744,0.03434014644493365,0.08144874536820777,0.42161664111204084,-0.09422869988237714,0.19770212309886048,0.515358361774744,0.0041001464449336575,0.08144874536820777,0.05034020384719253,-0.12833716355284952,0.004659669828309232,0.4948805460750853,-0.016059853555066353,0.08144874536820777,-0.19717742099603985,-0.15813797226662096,-0.10647450366454381,0.48464163822525597,-0.06645985355506635,0.08144874536820777,-0.8159714831041204,-0.35944615033382044,-0.33359583930881764,0.44368600682593856,6,5,4
6,basis_momentum_20__missing,basis_momentum_20,9,quality_flag,data_quality,1,catalog,1,0.03434762309509402,0.03176742720540778,0.5200333889816361,0.12006026803124893,1198,43234,1450,293,-0.1980083950467877,0.539491779931863,0.20206896551724138,0.03445645849863097,0.08151523085002199,0.422699637102502,-0.09364401390559562,0.1984752538390886,0.515358361774744,0.03445645849863097,0.08151523085002199,0.422699637102502,-0.09364401390559562,0.1984752538390886,0.515358361774744,0.0042164584986309804,0.08151523085002199,0.051726020458541626,-0.12777417275803649,0.005308560801266404,0.4948805460750853,-0.015943541501369028,0.08151523085002199,-0.19558972397076552,-0.15759402158527314,-0.10589717176629687,0.48464163822525597,-0.06634354150136902,0.08151523085002198,-0.8138790850440332,-0.3590318749513983,-0.33316484535153845,0.4402730375426621,6,5,4
7,basis_shock_20__missing,basis_shock_20,8,quality_flag,data_quality,1,catalog,1,0.033517310080308345,0.03114220848322746,0.5191986644407346,0.11717640420514291,1198,43234,1450,293,-0.1977410032095448,0.5393340703012051,0.20206896551724138,0.03564642390549848,0.0813036209243694,0.4384358716158245,-0.09465012680267293,0.20690897254488028,0.515358361774744,0.03564642390549848,0.0813036209243694,0.4384358716158245,-0.09465012680267293,0.20690897254488028,0.515358361774744,0.005406423905498478,0.0813036209243694,0.06649671741591516,-0.12874296289973453,0.012387277039464406,0.4948805460750853,-0.01475357609450153,0.0813036209243694,-0.18146271871735783,-0.15212401016545019,-0.09959892891743816,0.48464163822525597,-0.06515357609450154,0.0813036209243694,-0.8013613090505401,-0.3545121634998646,-0.3284627355788857,0.4402730375426621,6,5,4
8,fundamental_composite_news__missing,fundamental_composite_news,33,quality_flag,data_quality,1,catalog,1,0.03258932252581811,0.029782586247727533,0.5215654952076677,0.11637651694696517,1252,43234,1450,293,-0.22597101616340654,0.5446950393051642,0.20206896551724138,0.029665611649109844,0.07869830084930515,0.3769536486679022,-0.09555344222042239,0.16708170907956266,0.515358361774744,0.029665611649109844,0.07869830084930515,0.3769536486679022,-0.09555344222042239,0.16708170907956266,0.515358361774744,-0.000574388350890158,0.07869830084930515,-0.007298611846652461,-0.12961228011418224,-0.02103990673006828,0.49146757679180886,-0.02073438835089017,0.07869830084930515,-0.2634667855230224,-0.18684611584427357,-0.12933981915524628,0.48464163822525597,-0.07113438835089017,0.07869830084930515,-0.9038872197139468,-0.38210625727540193,-0.35066516402466874,0.45051194539249145,6,5,4
9,fundamental_underreaction__missing,fundamental_underreaction,34,quality_flag,data_quality,1,catalog,1,0.03258932252581811,0.029782586247727533,0.5215654952076677,0.11637651694696517,1252,43234,1450,293,-0.22597101616340654,0.5446950393051642,0.20206896551724138,0.029665611649109844,0.07869830084930515,0.3769536486679022,-0.09555344222042239,0.16708170907956266,0.515358361774744,0.029665611649109844,0.07869830084930515,0.3769536486679022,-0.09555344222042239,0.16708170907956266,0.515358361774744,-0.000574388350890158,0.07869830084930515,-0.007298611846652461,-0.12961228011418224,-0.02103990673006828,0.49146757679180886,-0.02073438835089017,0.07869830084930515,-0.2634667855230224,-0.18684611584427357,-0.12933981915524628,0.48464163822525597,-0.07113438835089017,0.07869830084930515,-0.9038872197139468,-0.38210625727540193,-0.35066516402466874,0.45051194539249145,6,5,4
10,carry_annualized__csz,carry_annualized,5,predictor,term_structure,1,catalog,1,0.02866451223971851,0.029099818573077342,0.546896551724138,0.11112202861054592,1450,43234,1450,293,-0.9417551960028843,0.6644880366873913,0.20206896551724138,0.0255275405806335,0.09155081128078907,0.2788346735927853,-0.20926372174557184,0.13201210754350923,0.5119453924914675,0.0255275405806335,0.09155081128078907,0.2788346735927853,-0.20926372174557184,0.13201210754350923,0.5119453924914675,-0.004712459419366482,0.09155081128078907,-0.051473704639418534,-0.28562183746298864,-0.05047779738374247,0.5017064846416383,-0.0248724594193665,0.09155081128078907,-0.2716792901275547,-0.35033913518545756,-0.1555336239490257,0.49146757679180886,-0.07527245941936649,0.09155081128078907,-0.8221932538478945,-0.48796116811974244,-0.3702238435182802,0.447098976109215,6,5,4
11,basis_fresh__csz,basis_fresh,7,predictor,basis_spot,1,catalog,1,0.027504624739921654,0.028522075259036057,0.5571192052980133,0.12925912957741112,1208,43234,1450,293,-0.78320821914205,0.6479012719291681,0.20206896551724138,0.03697827388545423,0.0797838283931106,0.46348081597758145,-0.14873202174640388,0.21701383955033227,0.5255972696245734,0.03697827388545423,0.0797838283931106,0.46348081597758145,-0.14873202174640388,0.21701383955033227,0.5255972696245734,0.006738273885454234,0.0797838283931106,0.08445663765661174,-0.1802799521928059,0.020868912906901738,0.5051194539249146,-0.013421726114545778,0.0797838283931106,-0.16822614789070156,-0.21720547089441622,-0.09205228922681719,0.49146757679180886,-0.06382172611454578,0.0797838283931106,-0.7999331117589846,-0.354459835997076,-0.32282830890107306,0.45051194539249145,6,5,4
12,warehouse_tightness__csz,warehouse_tightness,16,predictor,inventory_fundamental,1,catalog,1,0.02326750230654351,0.02300171022550479,0.5402379286214136,0.11267873825302563,1429,43234,1450,293,-0.9391911919799694,0.6784844061344039,0.20206896551724138,0.0538490231751872,0.06477162468440065,0.8313674921320291,-0.05656705496700121,0.350879624963083,0.5494880546075085,0.0538490231751872,0.06477162468440065,0.8313674921320291,-0.05656705496700121,0.350879624963083,0.5494880546075085,0.0236090231751872,0.06477162468440065,0.36449638696299536,-0.11269874105685285,0.133235010329531,0.5119453924914675,0.0034490231751871914,0.06477162468440065,0.053248983516972694,-0.15230090887244085,0.00792939029752282,0.49829351535836175,-0.0469509768248128,0.06477162468440065,-0.7248695250980836,-0.278046214175633,-0.24817579439889326,0.46075085324232085,6,5,5
13,information_divergence__csz,information_divergence,36,predictor,information_news,0,train_rank_ic,1,0.01968037425118655,0.02273542119134124,0.5387299371946964,0.10596712878656207,1433,43234,1450,293,-0.8723464553837135,0.6647627914730595,0.20206896551724138,0.021334256484151937,0.0750345514698775,0.284325768145846,-0.1249419770829383,0.11372257502150873,0.515358361774744,0.021334256484151937,0.0750345514698775,0.284325768145846,-0.1249419770829383,0.11372257502150873,0.515358361774744,-0.00890574351584805,0.0750345514698775,-0.11868856868456458,-0.18323559780532694,-0.06582343520911416,0.4778156996587031,-0.029065743515848053,0.0750345514698775,-0.38736479323817175,-0.25031592918552525,-0.16918409638395726,0.47440273037542663,-0.07946574351584805,0.0750345514698775,-1.0590553546221897,-0.42148272733352665,-0.38040894125119107,0.4197952218430034,6,5,3
14,inventory_price_divergence__csz,inventory_price_divergence,49,predictor,information_news,1,catalog,1,0.01664302624498259,0.021434069763360892,0.5457063711911357,0.11558397395545011,1444,43234,1450,293,-0.667143911543608,0.6361897312720818,0.20206896551724138,0.018264574046312713,0.05828868805062726,0.3133468029070894,-0.10478148975182944,0.10111546382961567,0.5426621160409556,0.018264574046312713,0.05828868805062726,0.3133468029070894,-0.10478148975182944,0.10111546382961567,0.5426621160409556,-0.011975425953687282,0.05828868805062726,-0.20545025723148716,-0.18606270603999564,-0.07640085541490071,0.5255972696245734,-0.0321354259536873,0.05828868805062726,-0.5513149639905386,-0.25847884004117194,-0.17859281262859872,0.4948805460750853,-0.08253542595368729,0.05828868805062726,-1.4159767308881663,-0.4262969485145177,-0.3874286246153338,0.4539249146757679,6,5,3
15,term_structure_slope__csz,term_structure_slope,44,predictor,term_structure,1,catalog,1,0.019525599241090333,0.02037209253028122,0.5462068965517242,0.07698023720515047,1450,43234,1450,293,-0.9540225281798094,0.668121687888865,0.20206896551724138,0.01091600809634811,0.10183782352174331,0.10719011580228285,-0.23206588785966664,0.03369286720016107,0.5051194539249146,0.01091600809634811,0.10183782352174331,0.10719011580228285,-0.23206588785966664,0.03369286720016107,0.5051194539249146,-0.01932399190365188,0.10183782352174331,-0.18975260110037637,-0.3128857062596454,-0.1329976246687692,0.49146757679180886,-0.0394839919036519,0.10183782352174331,-0.3877144123688161,-0.3620065892374169,-0.2289533568770219,0.4880546075085324,-0.08988399190365189,0.10183782352174331,-0.8826189405399149,-0.4854346718561432,-0.42503388089142535,0.46757679180887374,6,4,3
16,nonlinear_tightness__csz,nonlinear_tightness,55,predictor,factor_interaction,1,catalog,1,0.01962063673361442,0.019708918424492128,0.5240753663642708,0.09217210547566058,1433,43234,1450,293,-0.8778921511933622,0.6656656219325446,0.20206896551724138,0.03940137929166865,0.07311765326410895,0.5388764208466398,-0.1107782101880107,0.23795092956340236,0.5290102389078498,0.03940137929166865,0.07311765326410895,0.5388764208466398,-0.1107782101880107,0.23795092956340236,0.5290102389078498,0.009161379291668657,0.07311765326410895,0.12529640767567793,-0.12513441948902215,0.038444101254012875,0.4778156996587031,-0.010998620708331353,0.07311765326410895,-0.15042360110496347,-0.1407536699916806,-0.07641371696493904,0.46757679180887374,-0.061398620708331346,0.07311765326410895,-0.8397236230565664,-0.34236634780248887,-0.3111507758603307,0.4300341296928328,6,4,4
17,tightness_composite__csz,tightness_composite,17,predictor,inventory_fundamental,1,catalog,1,0.019261042517512195,0.019373073794236473,0.5247732030704815,0.09063754303261787,1433,43234,1450,293,-0.8791903580119789,0.6657620156894195,0.20206896551724138,0.038287505792531075,0.07314123622951496,0.5234735939161057,-0.1107782101880107,0.22995429243956322,0.5255972696245734,0.038287505792531075,0.07314123622951496,0.5234735939161057,-0.1107782101880107,0.22995429243956322,0.5255972696245734,0.008047505792531084,0.07314123622951497,0.1100269315557951,-0.12513441948902215,0.03173217623217406,0.47440273037542663,-0.012112494207468929,0.07314123622951496,-0.16560417668441224,-0.14630957853110116,-0.08238564927072645,0.4641638225255973,-0.06251249420746892,0.07314123622951496,-0.8546819472849301,-0.34662287396498137,-0.31560934444903577,0.42662116040955633,6,4,4
18,information_consistency__csz,information_consistency,35,predictor,information_news,1,catalog,1,0.017892327777108023,0.01896047186285729,0.5366364270760642,0.08835765420681296,1433,43234,1450,293,-0.8784140093035717,0.667272824386957,0.20206896551724138,0.023535927002418577,0.07318868264325769,0.32157877628620996,-0.10287100188757958,0.1288690458018662,0.5494880546075085,0.023535927002418577,0.07318868264325769,0.32157877628620996,-0.10287100188757958,0.1288690458018662,0.5494880546075085,-0.006704072997581426,0.07318868264325769,-0.09159985882324145,-0.17204497028403554,-0.05311072718248233,0.5017064846416383,-0.02686407299758144,0.07318868264325769,-0.36705228222954256,-0.23363153033433293,-0.15787319754488172,0.47440273037542663,-0.07726407299758144,0.07318868264325769,-1.0556833407452948,-0.4045415728814581,-0.3719647935052829,0.43686006825938567,6,4,5
19,short_reversal_5__csz,short_reversal_5,12,predictor,value_reversion,1,catalog,1,0.015550888318548579,0.018175684807703246,0.5262068965517241,0.06619445004365174,1450,43234,1450,293,-0.9637661080531148,0.6694468064333097,0.20206896551724138,0.046888404437051966,0.10710351727114698,0.43778585084510024,-0.20263629647950876,0.27074728476800725,0.5426621160409556,0.046888404437051966,0.10710351727114698,0.43778585084510024,-0.20263629647950876,0.27074728476800725,0.5426621160409556,0.016648404437051956,0.10710351727114698,0.15544218211717808,-0.2279086671409215,0.06596087680235163,0.5255972696245734,-0.003511595562948057,0.10710351727114698,-0.03278693036810341,-0.26741148828848504,-0.051936990110251324,0.5187713310580204,-0.05391159556294805,0.10710351727114698,-0.5033597115813068,-0.40588206888029865,-0.29288856096946103,0.46757679180887374,6,5,4
20,inventory_acceleration__csz,inventory_acceleration,48,predictor,inventory_fundamental,1,catalog,1,0.01788543428207949,0.017769149150579602,0.5440666204024983,0.09851052624830596,1441,43234,1450,293,-0.5823112787085076,0.622423342466053,0.20206896551724138,0.012899896910849546,0.06603797987084054,0.19534057425862558,-0.15015042163938042,0.06427623142716055,0.5494880546075085,0.012899896910849546,0.06603797987084054,0.19534057425862558,-0.15015042163938042,0.06427623142716055,0.5494880546075085,-0.017340103089150447,0.06603797987084054,-0.2625777336475896,-0.21448976808140863,-0.10732084555700938,0.5085324232081911,-0.03750010308915047,0.06603797987084054,-0.5678566055850667,-0.2738532597106721,-0.2061033979652186,0.49829351535836175,-0.08790010308915046,0.06603797987084054,-1.3310537854287587,-0.43096188490102827,-0.40796681349403086,0.41638225255972694,6,5,4
21,term_structure_acceleration__csz,term_structure_acceleration,46,predictor,term_structure,1,catalog,1,0.011677446270889402,0.01589838598678726,0.5344827586206896,0.06980576544587871,1450,43234,1450,293,-0.9504366923239429,0.6680226316353136,0.20206896551724138,0.010657581312996997,0.08354338522904284,0.12756942137044286,-0.1881100906554939,0.04264707554667124,0.5051194539249146,0.010657581312996997,0.08354338522904284,0.12756942137044286,-0.1881100906554939,0.04264707554667124,0.5051194539249146,-0.019582418687003,0.08354338522904284,-0.23439819482195715,-0.25231620456950277,-0.12547732962776004,0.48464163822525597,-0.03974241868700301,0.08354338522904282,-0.47570993895022406,-0.31476092520123133,-0.2222594237932476,0.44368600682593856,-0.090142418687003,0.08354338522904282,-1.0789892992708907,-0.4571742565701138,-0.4200311296511259,0.3890784982935154,6,5,4
22,idiosyncratic_volatility_60__csz,idiosyncratic_volatility_60,43,risk,volatility_risk,0,train_rank_ic,1,0.02180760037595053,0.015057300651098495,0.5337931034482759,0.057174755926592394,1450,43234,1450,293,-0.9700019994996549,0.6773072983004104,0.20206896551724138,0.019234056043085455,0.09986235917601555,0.19260566445445043,-0.1947844089871762,0.0864168375743195,0.5085324232081911,0.019234056043085455,0.09986235917601555,0.19260566445445043,-0.1947844089871762,0.0864168375743195,0.5085324232081911,-0.011005943956914559,0.09986235917601555,-0.11021113508359727,-0.2655361868331848,-0.08874766074682583,0.4880546075085324,-0.031165943956914566,0.09986235917601555,-0.31208900144229573,-0.3092367776196827,-0.18958408224175882,0.4778156996587031,-0.08156594395691455,0.09986235917601555,-0.8167836673390415,-0.4380865788157833,-0.3956452277892464,0.447098976109215,6,4,3
23,curve_curvature__missing,curve_curvature,10,quality_flag,data_quality,0,train_rank_ic,-1,0.01720471222304463,0.014535259632342284,0.5206611570247934,0.062331637598929526,968,43234,1450,293,-0.16417257721451106,0.5443876377070399,0.20206896551724138,-0.000655401354857029,0.055014450826098134,-0.011913258153367138,-0.14863267606705266,-0.012502639832752682,0.4778156996587031,-0.000655401354857029,0.055014450826098134,-0.011913258153367138,-0.14863267606705266,-0.012502639832752682,0.4778156996587031,-0.030895401354857025,0.055014450826098134,-0.5615870174278039,-0.20094835813561607,-0.17175563555092654,0.4539249146757679,-0.05105540135485705,0.055014450826098134,-0.9280361902774287,-0.2831183261580448,-0.26342884912610276,0.4402730375426621,-0.10145540135485703,0.055014450826098134,-1.84415912240149,-0.45977291166748824,-0.4507552213374554,0.378839590443686,6,2,2
24,realized_skewness_60__csz,realized_skewness_60,26,risk,volatility_risk,-1,catalog,-1,0.01343661473963332,0.01439088020871298,0.5413793103448276,0.06385815850776119,1450,43234,1450,293,-0.9713699435019933,0.6817498798580657,0.20206896551724138,0.011903944186116905,0.07963782979336956,0.14947599924562482,-0.14851922604929169,0.05213316761110165,0.5051194539249146,0.011903944186116905,0.07963782979336956,0.14947599924562482,-0.14851922604929169,0.05213316761110165,0.5051194539249146,-0.018336055813883072,0.07963782979336956,-0.2302430372783675,-0.19454973915519158,-0.11751510677817023,0.4948805460750853,-0.038496055813883094,0.07963782979336956,-0.4833890616276962,-0.2642499143054309,-0.21517496031432326,0.47440273037542663,-0.08889605581388309,0.07963782979336956,-1.1162541225010172,-0.4309229042712007,-0.4147418115549585,0.45051194539249145,6,4,2
25,information_consistency__missing,information_consistency,35,quality_flag,data_quality,1,catalog,1,0.015809574474129662,0.013588715271614503,0.520586182833217,0.0603950854550321,1433,43234,1450,293,-0.3157452579734794,0.5629496630974475,0.20206896551724138,0.010639676965388955,0.07515376358562378,0.1415721110662278,-0.11423171275692334,0.0465674721395235,0.5187713310580204,0.010639676965388955,0.07515376358562378,0.1415721110662278,-0.11423171275692334,0.0465674721395235,0.5187713310580204,-0.019600323034611056,0.07515376358562378,-0.26080294717749064,-0.17445578089185887,-0.1221850749662291,0.48464163822525597,-0.039760323034611064,0.07515376358562378,-0.5290529860066362,-0.25532011181167535,-0.2193291351732225,0.4709897610921502,-0.09016032303461105,0.07515376358562378,-1.1996780830794997,-0.4412903565133903,-0.41784153276001834,0.42662116040955633,6,4,4
26,information_divergence__missing,information_divergence,36,quality_flag,data_quality,0,train_rank_ic,1,0.015809574474129662,0.013588715271614503,0.520586182833217,0.0603950854550321,1433,43234,1450,293,-0.3157452579734794,0.5629496630974475,0.20206896551724138,0.010639676965388955,0.07515376358562378,0.1415721110662278,-0.11423171275692334,0.0465674721395235,0.5187713310580204,0.010639676965388955,0.07515376358562378,0.1415721110662278,-0.11423171275692334,0.0465674721395235,0.5187713310580204,-0.019600323034611056,0.07515376358562378,-0.26080294717749064,-0.17445578089185887,-0.1221850749662291,0.48464163822525597,-0.039760323034611064,0.07515376358562378,-0.5290529860066362,-0.25532011181167535,-0.2193291351732225,0.4709897610921502,-0.09016032303461105,0.07515376358562378,-1.1996780830794997,-0.4412903565133903,-0.41784153276001834,0.42662116040955633,6,4,4
27,nonlinear_tightness__missing,nonlinear_tightness,55,quality_flag,data_quality,1,catalog,1,0.015809574474129662,0.013588715271614503,0.520586182833217,0.0603950854550321,1433,43234,1450,293,-0.3157452579734794,0.5629496630974475,0.20206896551724138,0.010639676965388955,0.07515376358562378,0.1415721110662278,-0.11423171275692334,0.0465674721395235,0.5187713310580204,0.010639676965388955,0.07515376358562378,0.1415721110662278,-0.11423171275692334,0.0465674721395235,0.5187713310580204,-0.019600323034611056,0.07515376358562378,-0.26080294717749064,-0.17445578089185887,-0.1221850749662291,0.48464163822525597,-0.039760323034611064,0.07515376358562378,-0.5290529860066362,-0.25532011181167535,-0.2193291351732225,0.4709897610921502,-0.09016032303461105,0.07515376358562378,-1.1996780830794997,-0.4412903565133903,-0.41784153276001834,0.42662116040955633,6,4,4
28,tightness_composite__missing,tightness_composite,17,quality_flag,data_quality,1,catalog,1,0.015809574474129662,0.013588715271614503,0.520586182833217,0.0603950854550321,1433,43234,1450,293,-0.3157452579734794,0.5629496630974475,0.20206896551724138,0.010639676965388955,0.07515376358562378,0.1415721110662278,-0.11423171275692334,0.0465674721395235,0.5187713310580204,0.010639676965388955,0.07515376358562378,0.1415721110662278,-0.11423171275692334,0.0465674721395235,0.5187713310580204,-0.019600323034611056,0.07515376358562378,-0.26080294717749064,-0.17445578089185887,-0.1221850749662291,0.48464163822525597,-0.039760323034611064,0.07515376358562378,-0.5290529860066362,-0.25532011181167535,-0.2193291351732225,0.4709897610921502,-0.09016032303461105,0.07515376358562378,-1.1996780830794997,-0.4412903565133903,-0.41784153276001834,0.42662116040955633,6,4,4
29,inventory_change_5__csz,inventory_change_5,14,predictor,inventory_fundamental,1,catalog,1,0.011448670346340029,0.013036180251881729,0.5277008310249307,0.07076634335983915,1444,43234,1450,293,-0.5672666923679146,0.6207921965738531,0.20206896551724138,0.021955064846447638,0.05828825950894827,0.37666358596755073,-0.10095780101877416,0.12497708230529092,0.5460750853242321,0.021955064846447638,0.05828825950894827,0.37666358596755073,-0.10095780101877416,0.12497708230529092,0.5460750853242321,-0.008284935153552362,0.05828825950894827,-0.14213728842393175,-0.13051422735079243,-0.056373955208247395,0.5119453924914675,-0.02844493515355238,0.05828825950894827,-0.48800453801825366,-0.18357372939617755,-0.1607745953837223,0.49829351535836175,-0.07884493515355236,0.05828825950894827,-1.3526726620040577,-0.3851648097171516,-0.3741270942975138,0.4300341296928328,6,4,4
30,term_structure_momentum__csz,term_structure_momentum,45,predictor,term_structure,1,catalog,1,0.012812570462260026,0.012759894667376023,0.54,0.05383860377104476,1450,43234,1450,293,-0.9623662178796852,0.6693921501772362,0.20206896551724138,0.0010504144338997798,0.08851680165647992,0.011866836738817976,-0.21649718166818976,-0.01652680827980557,0.5085324232081911,0.0010504144338997798,0.08851680165647992,0.011866836738817976,-0.21649718166818976,-0.01652680827980557,0.5085324232081911,-0.029189585566100223,0.08851680165647992,-0.329763220313591,-0.277488199440159,-0.17513982841217635,0.49146757679180886,-0.04934958556610023,0.08851680165647992,-0.5575165916818638,-0.33419573792137147,-0.26644381162291086,0.46757679180887374,-0.09974958556610022,0.08851680165647992,-1.1269000201025454,-0.48004242947365927,-0.45301340069299845,0.4197952218430034,6,5,3
31,fundamental_underreaction__csz,fundamental_underreaction,34,predictor,information_news,1,catalog,1,0.010106907391043238,0.012744039616757956,0.5175718849840255,0.0555408264918961,1252,43234,1450,293,-0.8206427523652169,0.6594566426730528,0.20206896551724138,-0.008056293926372464,0.07290757518263882,-0.11050009421093566,-0.1559822666770645,-0.060417720714062706,0.49146757679180886,-0.008056293926372464,0.07290757518263882,-0.11050009421093566,-0.1559822666770645,-0.060417720714062706,0.49146757679180886,-0.03829629392637245,0.07290757518263882,-0.5252718092795904,-0.2347026381222993,-0.21197023465917453,0.46075085324232085,-0.05845629392637247,0.07290757518263882,-0.8017862859920272,-0.3142388420211807,-0.2992082209097465,0.4402730375426621,-0.10885629392637246,0.07290757518263882,-1.4930724777731184,-0.4806643776510734,-0.4774647477174132,0.4061433447098976,6,4,2
32,realized_volatility_20__csz,realized_volatility_20,24,risk,volatility_risk,0,train_rank_ic,1,0.018689764893359006,0.012671911377152869,0.5124137931034483,0.0401876945110926,1450,43234,1450,293,-0.9744564622662282,0.6748936122589362,0.20206896551724138,0.02778694649012104,0.12932031355761736,0.2148691549355148,-0.1936237217367942,0.11967880536816411,0.49146757679180886,0.02778694649012104,0.12932031355761736,0.2148691549355148,-0.1936237217367942,0.11967880536816411,0.49146757679180886,-0.0024530535098789795,0.12932031355761736,-0.01896881814152149,-0.19614778083146855,-0.06084262306361554,0.47440273037542663,-0.022613053509878984,0.12932031355761736,-0.17486080019287897,-0.23565360609741848,-0.1647634107725069,0.45733788395904434,-0.07301305350987898,0.12932031355761736,-0.5645907553212726,-0.42229750900183605,-0.3771290514014438,0.4232081911262799,6,5,5
33,value_252__csz,value_252,11,predictor,value_reversion,1,catalog,1,0.0091885925271221,0.01255774811942226,0.5075862068965518,0.04552544709826191,1450,43234,1450,293,-0.9747623077977645,0.6787004249993229,0.20206896551724138,-0.002209473252828847,0.10130696904108331,-0.02180968667548264,-0.14709144362904625,-0.04154172895580599,0.4641638225255973,-0.002209473252828847,0.10130696904108331,-0.02180968667548264,-0.14709144362904625,-0.04154172895580599,0.4641638225255973,-0.03244947325282885,0.10130696904108331,-0.32030840089263274,-0.24167669932148217,-0.19613600268583875,0.4402730375426621,-0.05260947325282886,0.10130696904108331,-0.5193075437040663,-0.3218521900071627,-0.2851251861827647,0.4334470989761092,-0.10300947325282886,0.10130696904108331,-1.0168054007326497,-0.48723998924269074,-0.46696074667494336,0.4061433447098976,6,4,2
34,amihud_20__csz,amihud_20,22,risk,trading_liquidity,-1,catalog,-1,0.01047108488363064,0.011363766214067384,0.5275862068965518,0.053234022330711186,1450,43234,1450,293,-0.9767003020527991,0.6790072653344376,0.20206896551724138,0.021558925054866295,0.08747901937115837,0.24644680758703413,-0.24403318415937625,0.10855617035876342,0.5460750853242321,0.021558925054866295,0.08747901937115837,0.24644680758703413,-0.24403318415937625,0.10855617035876342,0.5460750853242321,-0.008681074945133697,0.08747901937115837,-0.09923607977704225,-0.3035265437466901,-0.0701629300934411,0.49829351535836175,-0.02884107494513372,0.08747901937115837,-0.32969133801976014,-0.3468108523178328,-0.17304700463167333,0.4812286689419795,-0.07924107494513372,0.08747901937115837,-0.9058294836265542,-0.45238482243129297,-0.38329638658988274,0.4232081911262799,6,4,3
35,momentum_carry_interaction__missing,momentum_carry_interaction,54,quality_flag,data_quality,0,train_rank_ic,-1,0.005530533545878279,0.011291161026492252,0.5,0.0740555062440493,92,43234,1450,293,-0.005745802912760167,0.5184744941874547,0.20206896551724138,-0.006285365040988437,0.05564811804633056,-0.11294838462920659,-0.15126560044803683,-0.044493288565111144,0.4948805460750853,-0.006285365040988437,0.05564811804633056,-0.11294838462920659,-0.15126560044803683,-0.044493288565111144,0.4948805460750853,-0.036525365040988425,0.05564811804633056,-0.6563629880632937,-0.2201322001140813,-0.19860311567338473,0.4539249146757679,-0.056685365040988436,0.05564811804633056,-1.0186393903526856,-0.30340873749449593,-0.28731420891098025,0.43686006825938567,-0.10708536504098844,0.05564811804633056,-1.9243303960761646,-0.47673606985198125,-0.4685836646367797,0.3822525597269625,6,1,1
36,sector_relative_value_60__csz,sector_relative_value_60,29,predictor,industry_chain,1,catalog,1,0.013487987433636488,0.010889529743189578,0.5241379310344828,0.04365997767016582,1450,43234,1450,293,-0.9781714881746175,0.6750100809588553,0.20206896551724138,0.02978451756653174,0.0938973409588942,0.3172029927830505,-0.12025371666121143,0.1587771665601463,0.5426621160409556,0.02978451756653174,0.0938973409588942,0.3172029927830505,-0.12025371666121143,0.1587771665601463,0.5426621160409556,-0.00045548243346825874,0.0938973409588942,-0.004850855506841851,-0.13602008867587256,-0.028014727459483302,0.5187713310580204,-0.02061548243346827,0.09389734095889417,-0.2195534210334369,-0.1731343148105413,-0.1355483092794333,0.5017064846416383,-0.07101548243346827,0.0938973409588942,-0.756309834849924,-0.36189491993447753,-0.3553052898905532,0.45733788395904434,6,5,4
37,warehouse_surprise__missing,warehouse_surprise,39,quality_flag,data_quality,1,catalog,1,0.013816347466733282,0.010373306817723436,0.5145631067961165,0.05171220294572414,618,43234,1450,293,-0.04913743965535611,0.5248850670929159,0.20206896551724138,-0.005639299395521992,0.05637946224990567,-0.10002400112518682,-0.12922889011472527,-0.0411290494690526,0.4880546075085324,-0.005639299395521992,0.05637946224990567,-0.10002400112518682,-0.12922889011472527,-0.0411290494690526,0.4880546075085324,-0.03587929939552198,0.05637946224990567,-0.6363895284507084,-0.21926865816426122,-0.1957799028087911,0.4539249146757679,-0.056039299395522,0.05637946224990567,-0.9939665466677232,-0.2978777729251566,-0.28480257661933306,0.43686006825938567,-0.10643929939552199,0.05637946224990567,-1.8879090922102595,-0.4700304879142292,-0.46670911011495786,0.3856655290102389,6,4,2
38,basis_surprise__csz,basis_surprise,47,predictor,basis_spot,1,catalog,1,0.0064313632456443875,0.007375048874329378,0.5095435684647303,0.03394720991760279,1205,43234,1450,293,-0.8158862332393004,0.661108053915718,0.20206896551724138,-0.003879973507376289,0.06984209308252023,-0.055553511301443974,-0.1883053482794762,-0.03600088836660886,0.46757679180887374,-0.003879973507376289,0.06984209308252023,-0.055553511301443974,-0.1883053482794762,-0.03600088836660886,0.46757679180887374,-0.0341199735073763,0.06984209308252023,-0.4885302258490831,-0.2511259224628226,-0.19147860917646697,0.43686006825938567,-0.054279973507376296,0.06984209308252023,-0.7771813688808425,-0.2903004721183292,-0.2809772803203785,0.41638225255972694,-0.10467997350737629,0.06984209308252023,-1.4988092264602408,-0.46052735552414736,-0.46385651442463816,0.3720136518771331,6,3,2
39,realized_skewness_60__missing,realized_skewness_60,26,quality_flag,data_quality,-1,catalog,-1,0.002608817804452269,0.0063957264138496716,0.5166666666666667,0.03975176093839526,60,43234,1450,293,-0.003873691028936088,0.5180218081400979,0.20206896551724138,-0.0039114470405449825,0.05529964054915309,-0.07073187097967289,-0.13937282032482645,-0.03110437534167243,0.4948805460750853,-0.0039114470405449825,0.05529964054915309,-0.07073187097967289,-0.13937282032482645,-0.03110437534167243,0.4948805460750853,-0.03415144704054497,0.05529964054915309,-0.6175708684795059,-0.20919774306571137,-0.1873668012472105,0.4539249146757679,-0.05431144704054499,0.05529964054915309,-0.9821302001460618,-0.29363792275390255,-0.27731764247697477,0.43686006825938567,-0.10471144704054498,0.05529964054915309,-1.8935285293124504,-0.46938898298130005,-0.4611221108099982,0.3822525597269625,6,1,1
40,trend_efficiency_60__missing,trend_efficiency_60,3,quality_flag,data_quality,0,train_rank_ic,-1,0.002608817804452269,0.0063957264138496716,0.5166666666666667,0.03975176093839526,60,43234,1450,293,-0.003873691028936088,0.5180218081400979,0.20206896551724138,-0.0039114470405449825,0.05529964054915309,-0.07073187097967289,-0.13937282032482645,-0.03110437534167243,0.4948805460750853,-0.0039114470405449825,0.05529964054915309,-0.07073187097967289,-0.13937282032482645,-0.03110437534167243,0.4948805460750853,-0.03415144704054497,0.05529964054915309,-0.6175708684795059,-0.20919774306571137,-0.1873668012472105,0.4539249146757679,-0.05431144704054499,0.05529964054915309,-0.9821302001460618,-0.29363792275390255,-0.27731764247697477,0.43686006825938567,-0.10471144704054498,0.05529964054915309,-1.8935285293124504,-0.46938898298130005,-0.4611221108099982,0.3822525597269625,6,1,1
41,price_oi_interaction_20__csz,price_oi_interaction_20,19,predictor,trading_liquidity,1,catalog,1,0.0029344638325311707,0.005708240863534843,0.5110344827586207,0.02521590249990043,1450,43234,1450,293,-0.9881141838009975,0.6754316786481127,0.20206896551724138,-0.004870696396930043,0.09180452549404892,-0.05305507948239195,-0.17676588940792637,-0.05157924426217719,0.5187713310580204,-0.004870696396930043,0.09180452549404892,-0.05305507948239195,-0.17676588940792637,-0.05157924426217719,0.5187713310580204,-0.03511069639693005,0.09180452549404892,-0.3824506058713417,-0.24456813234138608,-0.20455736869106078,0.4948805460750853,-0.05527069639693006,0.09180452549404892,-0.602047623463975,-0.2888888982785681,-0.2926159815226127,0.48464163822525597,-0.10567069639693004,0.09180452549404892,-1.151040167445558,-0.4611277715663008,-0.47254933423136636,0.4300341296928328,6,4,3
42,fundamental_composite_news__csz,fundamental_composite_news,33,predictor,information_news,1,catalog,1,0.0019427220821537652,0.0043288703079753165,0.5095846645367412,0.021662105756475702,1252,43234,1450,293,-0.8352571467845566,0.6670831484224918,0.20206896551724138,-0.008110463434168349,0.058383948566492185,-0.1389159800476928,-0.11227702859263611,-0.05545006788971574,0.5051194539249146,-0.008110463434168349,0.058383948566492185,-0.1389159800476928,-0.11227702859263611,-0.05545006788971574,0.5051194539249146,-0.03835046343416834,0.05838394856649217,-0.6568665596588051,-0.20732873794640772,-0.20779865332105396,0.46075085324232085,-0.05851046343416836,0.058383948566492185,-1.0021669460662137,-0.2933830857992401,-0.29549536251126807,0.44368600682593856,-0.10891046343416835,0.05838394856649217,-1.8654179120847345,-0.46994149230806526,-0.47469054087457563,0.4129692832764505,6,3,2
43,warehouse_tightness__missing,warehouse_tightness,16,quality_flag,data_quality,1,catalog,1,0.005364051597520247,0.0022699937405732196,0.4928131416837782,0.010911850267304934,974,43234,1450,293,-0.12093887079525012,0.5348431286768373,0.20206896551724138,-0.018571412706507306,0.06415832945238774,-0.2894622236118112,-0.15631098880014327,-0.11299809092001178,0.4948805460750853,-0.018571412706507306,0.06415832945238774,-0.2894622236118112,-0.15631098880014327,-0.11299809092001178,0.4948805460750853,-0.048811412706507296,0.06415832945238774,-0.7607961915955205,-0.27979292966182623,-0.2560936080791629,0.46075085324232085,-0.06897141270650729,0.06415832945238774,-1.0750188369179936,-0.35877559865172426,-0.33846126415547906,0.45051194539249145,-0.1193714127065073,0.06415832945238774,-1.860575450224176,-0.5204838825660915,-0.5067599024922123,0.40273037542662116,6,2,0
44,warehouse_surprise__csz,warehouse_surprise,39,predictor,information_news,1,catalog,1,-0.0009670865699703003,0.0021393938917047516,0.4895251396648045,0.010556947338859745,1432,43234,1450,293,-0.9830756573921442,0.6907666916010924,0.20206896551724138,0.005112164794181106,0.06641058988725078,0.07697815668947276,-0.0966824205845761,0.017106808718549305,0.4948805460750853,0.005112164794181106,0.06641058988725078,0.07697815668947276,-0.0966824205845761,0.017106808718549305,0.4948805460750853,-0.025127835205818884,0.06641058988725078,-0.37837090814100444,-0.17123089850147388,-0.14690818166260033,0.4812286689419795,-0.045287835205818895,0.06641058988725078,-0.6819369513613229,-0.2507510704743562,-0.24132383187879336,0.46075085324232085,-0.09568783520581889,0.06641058988725078,-1.4408520594121184,-0.4347446381491513,-0.43425749147350867,0.40273037542662116,6,3,3
45,basis_shock_20__csz,basis_shock_20,8,predictor,basis_spot,1,catalog,1,0.0018531269973617798,0.0015252987345592672,0.5058430717863105,0.006818119931869084,1198,43234,1450,293,-0.8214554487538142,0.662903417684074,0.20206896551724138,-0.04648817976738117,0.07470026215044084,-0.6223295398047921,-0.34812584006932823,-0.24919777017391354,0.4812286689419795,-0.04648817976738117,0.07470026215044084,-0.6223295398047921,-0.34812584006932823,-0.24919777017391354,0.4812286689419795,-0.07672817976738118,0.07470026215044084,-1.0271473962548656,-0.41876217711614405,-0.3703855952405173,0.45051194539249145,-0.09688817976738118,0.07470026215044084,-1.2970259672215811,-0.4667873970580869,-0.44013688309383925,0.4300341296928328,-0.1472881797673812,0.07470026215044084,-1.9717223946383704,-0.584271026188885,-0.5826404265287723,0.3822525597269625,6,3,1
46,turnover_oi__csz,turnover_oi,23,conditional,trading_liquidity,0,train_rank_ic,"-1,1",0.005184955917431747,0.00046503873725391506,0.506896551724138,0.0019149236705513692,1450,43234,1450,293,-0.9988534219921241,0.6866451225227443,0.20206896551724138,-0.03537203389821007,0.07735151966320884,-0.45728945019077993,-0.264368180109835,-0.19995658463457622,0.4948805460750853,-0.03537203389821007,0.07735151966320884,-0.45728945019077993,-0.264368180109835,-0.19995658463457622,0.4948805460750853,-0.06561203389821006,0.07735151966320884,-0.8482319957498844,-0.37782161834582806,-0.32906733392243936,0.4778156996587031,-0.08577203389821007,0.07735151966320884,-1.1088603594559543,-0.4440893095721159,-0.403381105074087,0.4641638225255973,-0.13617203389821006,0.07735151966320884,-1.7604312687211288,-0.5815357124056653,-0.5552123466595617,0.4334470989761092,6,3,1
47,vol_managed_momentum__csz,vol_managed_momentum,42,predictor,trend_momentum,1,catalog,1,0.003688747992173824,-0.0005668155527512003,0.5131034482758621,-0.002538978757161638,1450,43234,1450,293,-1.0009550644923593,0.7044200064200048,0.20206896551724138,0.002045899158362,0.06552107502305193,0.03122505480324006,-0.11607584909627189,-0.0005046948122764405,0.49829351535836175,0.002045899158362,0.06552107502305193,0.03122505480324006,-0.11607584909627189,-0.0005046948122764405,0.49829351535836175,-0.02819410084163799,0.06552107502305193,-0.4303058341414364,-0.20827632333236035,-0.16168831948950335,0.4709897610921502,-0.04835410084163801,0.06552107502305193,-0.7379930934378878,-0.28983350299607813,-0.25447328790421586,0.4539249146757679,-0.09875410084163799,0.06552107502305193,-1.5072112416790153,-0.46030292922503646,-0.4440725306519532,0.378839590443686,6,2,3
48,oi_surprise_60__csz,oi_surprise_60,52,conditional,trading_liquidity,0,train_rank_ic,-1,-0.00018240961908314092,-0.0006098262466120706,0.5089655172413793,-0.0028267724145374725,1450,43234,1450,293,-1.0012303113156156,0.6862059019767911,0.20206896551724138,0.026967356928359946,0.07289749107985562,0.3699353232722171,-0.10477057317045158,0.1517372876472527,0.5665529010238908,0.026967356928359946,0.07289749107985562,0.3699353232722171,-0.10477057317045158,0.1517372876472527,0.5665529010238908,-0.0032726430716400402,0.07289749107985562,-0.044893768265015066,-0.15303976723345436,-0.03391727864866467,0.5324232081911263,-0.023432643071640058,0.07289749107985562,-0.32144649595650354,-0.21194448409497735,-0.14079634618789993,0.5255972696245734,-0.07383264307164004,0.07289749107985562,-1.012828315185224,-0.3572496618487645,-0.35921638876771766,0.49829351535836175,6,2,4
49,inventory_surprise__csz,inventory_surprise,15,predictor,information_news,1,catalog,1,-0.011814906572377647,-0.0007314131087266926,0.4869281045751634,-0.003982501887960965,306,43234,1450,293,-0.12466887473638666,0.5398384367712786,0.20206896551724138,-0.022855634394655298,0.05218003463582628,-0.4380149333776573,-0.15409213765933527,-0.13133025842700063,0.46075085324232085,-0.022855634394655298,0.05218003463582628,-0.4380149333776573,-0.15409213765933527,-0.13133025842700063,0.46075085324232085,-0.0530956343946553,0.05218003463582628,-1.017546936586362,-0.28457375285599096,-0.27147571510639357,0.41638225255972694,-0.0732556343946553,0.05218003463582628,-1.4039016053921651,-0.36175735607363957,-0.3521445915223642,0.4061433447098976,-0.1236556343946553,0.05218003463582628,-2.3697882774066734,-0.5212855752887021,-0.5169702902393405,0.3583617747440273,6,2,0
50,curve_curvature__csz,curve_curvature,10,predictor,term_structure,0,train_rank_ic,"-1,1",-0.004311391442183535,-0.002700633887091953,0.49724137931034484,-0.013125336026139347,1450,43234,1450,293,-0.9990083539733636,0.68026477215334,0.20206896551724138,0.012341783656733666,0.07401205658466618,0.16675369157746978,-0.19281666464026848,0.0574839840734096,0.5358361774744027,0.012341783656733666,0.07401205658466618,0.16675369157746978,-0.19281666464026848,0.0574839840734096,0.5358361774744027,-0.01789821634326633,0.07401205658466618,-0.24182838809230553,-0.25439616436296464,-0.11302300596349635,0.4948805460750853,-0.038058216343266345,0.07401205658466618,-0.5142164412054893,-0.3138290820098071,-0.21117756467599946,0.4709897610921502,-0.08845821634326631,0.07401205658466618,-1.1951865739884477,-0.4679475128103201,-0.41175637741232285,0.4197952218430034,6,3,3
51,trend_efficiency_60__csz,trend_efficiency_60,3,predictor,trend_momentum,0,train_rank_ic,-1,-0.00815272255307058,-0.0049974029308336,0.4903448275862069,-0.020513889228022303,1450,43234,1450,293,-1.0101826639604061,0.6877912473304031,0.20206896551724138,-0.03147769584273419,0.08831745246217912,-0.3564153512717561,-0.17961243181945608,-0.18592013738668844,0.4778156996587031,-0.03147769584273419,0.08831745246217912,-0.3564153512717561,-0.17961243181945608,-0.18592013738668844,0.4778156996587031,-0.061717695842734184,0.08831745246217912,-0.6988165319777997,-0.3043591036879191,-0.31729110936528415,0.447098976109215,-0.08187769584273419,0.08831745246217912,-0.9270839857818287,-0.37903098219099607,-0.39290628663239424,0.43686006825938567,-0.13227769584273413,0.08831745246217912,-1.497752620291901,-0.5361153837785888,-0.5473977203173537,0.3993174061433447,6,2,3
52,idiosyncratic_volatility_60__missing,idiosyncratic_volatility_60,43,quality_flag,data_quality,0,train_rank_ic,1,-0.0024596240988442254,-0.005090797531247394,0.4915254237288136,-0.031433957936123406,59,43234,1450,293,-0.00408280873380229,0.5180545430244263,0.20206896551724138,-0.004456079479333615,0.056313261477554555,-0.07913019708705253,-0.14237471471685437,-0.034483913439949054,0.4948805460750853,-0.004456079479333615,0.056313261477554555,-0.07913019708705253,-0.14237471471685437,-0.034483913439949054,0.4948805460750853,-0.0346960794793336,0.056313261477554555,-0.6161262652699104,-0.21195789429752232,-0.1902031494048947,0.4539249146757679,-0.054856079479333616,0.056313261477554555,-0.9741236440584827,-0.29610442892302014,-0.2798411365185751,0.43686006825938567,-0.10525607947933363,0.056313261477554555,-1.869117091029913,-0.471243821406497,-0.4630058474519071,0.378839590443686,6,1,1
53,basis_momentum_20__csz,basis_momentum_20,9,predictor,basis_spot,1,catalog,1,-0.004284871011233281,-0.005655615256023137,0.48414023372287146,-0.023895044731177775,1198,43234,1450,293,-0.8327022376184698,0.6579570633291284,0.20206896551724138,-0.02428776855418533,0.07319228335504313,-0.331835098467547,-0.22100875721359114,-0.14513979635888896,0.4948805460750853,-0.02428776855418533,0.07319228335504313,-0.331835098467547,-0.22100875721359114,-0.14513979635888896,0.4948805460750853,-0.054527768554185334,0.07319228335504313,-0.7449934071557865,-0.28068975822082565,-0.28306755578776166,0.4641638225255973,-0.07468776855418534,0.07319228335504313,-1.0204322796146128,-0.3579252542019886,-0.3624589578649543,0.44368600682593856,-0.12508776855418532,0.07319228335504313,-1.7090294607616787,-0.5201306247782637,-0.5246718566199284,0.41638225255972694,6,2,1
54,inventory_scarcity__csz,inventory_scarcity,13,predictor,inventory_fundamental,1,catalog,1,-0.004426924117998879,-0.0057653796982428595,0.4868421052631579,-0.03278790468097708,1444,43234,1450,293,-0.6123698410947718,0.6276238535496176,0.20206896551724138,-0.02135398665290799,0.05562425352563258,-0.38389704669147107,-0.2128390115662776,-0.12466525154537766,0.46075085324232085,-0.02135398665290799,0.05562425352563258,-0.38389704669147107,-0.2128390115662776,-0.12466525154537766,0.46075085324232085,-0.05159398665290797,0.05562425352563258,-0.9275447917540615,-0.3047139062866143,-0.26588311370308015,0.41638225255972694,-0.07175398665290798,0.05562425352563258,-1.2899766217957886,-0.3789870894982278,-0.3471695436182427,0.40955631399317405,-0.12215398665290801,0.05562425352563258,-2.1960561969001064,-0.5318799114097597,-0.5132577891228609,0.33447098976109213,6,3,2
55,volume_shock_20__csz,volume_shock_20,21,conditional,trading_liquidity,0,train_rank_ic,-1,-0.008288014241805383,-0.006353295397265016,0.48758620689655174,-0.02851694720014784,1450,43234,1450,293,-1.012930913256545,0.6919522104043864,0.20206896551724138,0.014440701315721921,0.07570217549415803,0.19075675463033842,-0.19736520029153581,0.06965008983535892,0.47440273037542663,0.014440701315721921,0.07570217549415803,0.19075675463033842,-0.19736520029153581,0.06965008983535892,0.47440273037542663,-0.015799298684278068,0.07570217549415803,-0.2087033639541483,-0.26759756661536804,-0.10281280751994293,0.4641638225255973,-0.035959298684278086,0.07570217549415803,-0.47501010967713975,-0.3304658637766077,-0.20209384237210182,0.45051194539249145,-0.08635929868427807,0.07570217549415803,-1.1407769739846176,-0.4651134177766727,-0.4049760759525788,0.40273037542662116,6,2,3
56,csmom_60__missing,csmom_60,2,quality_flag,data_quality,1,catalog,1,-0.002608817804452269,-0.0063957264138496716,0.48333333333333334,-0.03975176093839526,60,43234,1450,293,-0.004184989609887335,0.5180785296330453,0.20206896551724138,-0.004456079479333615,0.056313261477554555,-0.07913019708705253,-0.14237471471685437,-0.034483913439949054,0.4948805460750853,-0.004456079479333615,0.056313261477554555,-0.07913019708705253,-0.14237471471685437,-0.034483913439949054,0.4948805460750853,-0.0346960794793336,0.056313261477554555,-0.6161262652699104,-0.21195789429752232,-0.1902031494048947,0.4539249146757679,-0.054856079479333616,0.056313261477554555,-0.9741236440584827,-0.29610442892302014,-0.2798411365185751,0.43686006825938567,-0.10525607947933363,0.056313261477554555,-1.869117091029913,-0.471243821406497,-0.4630058474519071,0.378839590443686,6,1,1
57,momentum_quality_60__missing,momentum_quality_60,41,quality_flag,data_quality,1,catalog,1,-0.002608817804452269,-0.0063957264138496716,0.48333333333333334,-0.03975176093839526,60,43234,1450,293,-0.004184989609887335,0.5180785296330453,0.20206896551724138,-0.004456079479333615,0.056313261477554555,-0.07913019708705253,-0.14237471471685437,-0.034483913439949054,0.4948805460750853,-0.004456079479333615,0.056313261477554555,-0.07913019708705253,-0.14237471471685437,-0.034483913439949054,0.4948805460750853,-0.0346960794793336,0.056313261477554555,-0.6161262652699104,-0.21195789429752232,-0.1902031494048947,0.4539249146757679,-0.054856079479333616,0.056313261477554555,-0.9741236440584827,-0.29610442892302014,-0.2798411365185751,0.43686006825938567,-0.10525607947933363,0.056313261477554555,-1.869117091029913,-0.471243821406497,-0.4630058474519071,0.378839590443686,6,1,1
58,sector_relative_value_60__missing,sector_relative_value_60,29,quality_flag,data_quality,1,catalog,1,-0.002608817804452269,-0.0063957264138496716,0.48333333333333334,-0.03975176093839526,60,43234,1450,293,-0.004184989609887335,0.5180785296330453,0.20206896551724138,-0.004456079479333615,0.056313261477554555,-0.07913019708705253,-0.14237471471685437,-0.034483913439949054,0.4948805460750853,-0.004456079479333615,0.056313261477554555,-0.07913019708705253,-0.14237471471685437,-0.034483913439949054,0.4948805460750853,-0.0346960794793336,0.056313261477554555,-0.6161262652699104,-0.21195789429752232,-0.1902031494048947,0.4539249146757679,-0.054856079479333616,0.056313261477554555,-0.9741236440584827,-0.29610442892302014,-0.2798411365185751,0.43686006825938567,-0.10525607947933363,0.056313261477554555,-1.869117091029913,-0.471243821406497,-0.4630058474519071,0.378839590443686,6,1,1
59,tsmom_60__missing,tsmom_60,1,quality_flag,data_quality,1,catalog,1,-0.002608817804452269,-0.0063957264138496716,0.48333333333333334,-0.03975176093839526,60,43234,1450,293,-0.004184989609887335,0.5180785296330453,0.20206896551724138,-0.004456079479333615,0.056313261477554555,-0.07913019708705253,-0.14237471471685437,-0.034483913439949054,0.4948805460750853,-0.004456079479333615,0.056313261477554555,-0.07913019708705253,-0.14237471471685437,-0.034483913439949054,0.4948805460750853,-0.0346960794793336,0.056313261477554555,-0.6161262652699104,-0.21195789429752232,-0.1902031494048947,0.4539249146757679,-0.054856079479333616,0.056313261477554555,-0.9741236440584827,-0.29610442892302014,-0.2798411365185751,0.43686006825938567,-0.10525607947933363,0.056313261477554555,-1.869117091029913,-0.471243821406497,-0.4630058474519071,0.378839590443686,6,1,1
60,vol_managed_momentum__missing,vol_managed_momentum,42,quality_flag,data_quality,1,catalog,1,-0.002608817804452269,-0.0063957264138496716,0.48333333333333334,-0.03975176093839526,60,43234,1450,293,-0.004184989609887335,0.5180785296330453,0.20206896551724138,-0.004456079479333615,0.056313261477554555,-0.07913019708705253,-0.14237471471685437,-0.034483913439949054,0.4948805460750853,-0.004456079479333615,0.056313261477554555,-0.07913019708705253,-0.14237471471685437,-0.034483913439949054,0.4948805460750853,-0.0346960794793336,0.056313261477554555,-0.6161262652699104,-0.21195789429752232,-0.1902031494048947,0.4539249146757679,-0.054856079479333616,0.056313261477554555,-0.9741236440584827,-0.29610442892302014,-0.2798411365185751,0.43686006825938567,-0.10525607947933363,0.056313261477554555,-1.869117091029913,-0.471243821406497,-0.4630058474519071,0.378839590443686,6,1,1
61,momentum_carry_interaction__csz,momentum_carry_interaction,54,predictor,factor_interaction,0,train_rank_ic,"-1,1",-0.004963875769444255,-0.006471831360718704,0.4786206896551724,-0.029762892017198256,1450,43234,1450,293,-1.0116558357692131,0.6804664398185063,0.20206896551724138,-0.018999328242350903,0.0766134535380079,-0.24798945048111357,-0.1448299013809713,-0.11971490796260631,0.49829351535836175,-0.018999328242350903,0.0766134535380079,-0.24798945048111357,-0.1448299013809713,-0.11971490796260631,0.49829351535836175,-0.0492393282423509,0.0766134535380079,-0.6426981942267267,-0.25269400127249897,-0.2617324872870396,0.447098976109215,-0.06939932824235093,0.0766134535380079,-0.9058373567238025,-0.33517228235189644,-0.34347914451440986,0.43686006825938567,-0.11979932824235093,0.0766134535380079,-1.563685262966491,-0.5038115332014192,-0.5105074770197334,0.3890784982935154,6,3,3
62,tsmom_60__csz,tsmom_60,1,predictor,trend_momentum,1,catalog,1,-0.0027597333421243964,-0.006802819285841627,0.4917241379310345,-0.025403632036794698,1450,43234,1450,293,-1.0136161425134285,0.6867066899520763,0.20206896551724138,-0.019247227789227016,0.10188624705062864,-0.1889089876837137,-0.2150371892987073,-0.1325951849692676,0.5017064846416383,-0.019247227789227016,0.10188624705062864,-0.1889089876837137,-0.2150371892987073,-0.1325951849692676,0.5017064846416383,-0.049487227789227026,0.10188624705062864,-0.48571057646903176,-0.31303780573445106,-0.27254712922263524,0.4880546075085324,-0.06964722778922704,0.10188624705062864,-0.6835783023259105,-0.3780262034330464,-0.35310364297015284,0.47440273037542663,-0.12004722778922702,0.10188624705062864,-1.178247616968107,-0.5149411086612316,-0.5176970687950436,0.45051194539249145,6,2,3
63,momentum_quality_60__csz,momentum_quality_60,41,predictor,trend_momentum,1,catalog,1,-0.0026685109879245827,-0.006991504295523097,0.49448275862068963,-0.026183427503562194,1450,43234,1450,293,-1.0134957337365251,0.6867079685345323,0.20206896551724138,-0.012717214961167813,0.10286584844872225,-0.12362912621585227,-0.20472695980915123,-0.09953756058413477,0.4948805460750853,-0.012717214961167813,0.10286584844872225,-0.12362912621585227,-0.20472695980915123,-0.09953756058413477,0.4948805460750853,-0.04295721496116781,0.10286584844872225,-0.4176042448391569,-0.29794386089815583,-0.2448064987617401,0.48464163822525597,-0.06311721496116782,0.10286584844872225,-0.6135876572546934,-0.3643547592996319,-0.3284250330594237,0.4709897610921502,-0.1135172149611678,0.10286584844872225,-1.1035461882935345,-0.5042685628240557,-0.49927906732491345,0.447098976109215,6,2,3
64,seasonality_3y__missing,seasonality_3y,27,quality_flag,data_quality,1,catalog,1,-0.011091948724120509,-0.007991819183249718,0.48226950354609927,-0.0380021747522264,987,43234,1450,293,-0.11195998736338808,0.5336405803520287,0.20206896551724138,-0.016550848217237898,0.06122308755380552,-0.27033671248109287,-0.18208430909946738,-0.10156140278995252,0.4812286689419795,-0.016550848217237898,0.06122308755380552,-0.27033671248109287,-0.18208430909946738,-0.10156140278995252,0.4812286689419795,-0.04679084821723789,0.06122308755380552,-0.7642680251321213,-0.26418164481994777,-0.24649566736299944,0.4539249146757679,-0.06695084821723789,0.06122308755380552,-1.0935555668994736,-0.34291802921493664,-0.32992231318852383,0.44368600682593856,-0.11735084821723792,0.06122308755380552,-1.9167744213178548,-0.5079171801449543,-0.5003863488825082,0.4061433447098976,6,4,2
65,volume_price_divergence_20__csz,volume_price_divergence_20,53,predictor,trading_liquidity,0,train_rank_ic,1,-0.009806331447966105,-0.00856504304482966,0.48,-0.03362329745340383,1450,43234,1450,293,-1.0171877298976346,0.6845552476373844,0.20206896551724138,-0.02707796318369224,0.09777196689319932,-0.27695017338937966,-0.3003200941721812,-0.16920224018248298,0.5051194539249146,-0.02707796318369224,0.09777196689319932,-0.27695017338937966,-0.3003200941721812,-0.16920224018248298,0.5051194539249146,-0.05731796318369224,0.09777196689319932,-0.5862412816784509,-0.37886063295263284,-0.303264808175815,0.47440273037542663,-0.07747796318369224,0.09777196689319932,-0.792435353871165,-0.4344850554214925,-0.38042980840225293,0.46757679180887374,-0.12787796318369224,0.09777196689319932,-1.3079205343529505,-0.5527914252534486,-0.5380893249622475,0.4061433447098976,6,2,3
66,term_structure_momentum__missing,term_structure_momentum,45,quality_flag,data_quality,1,catalog,1,-0.008337343759891496,-0.00859776758799543,0.4809027777777778,-0.03615718006139361,1152,43234,1450,293,-0.24568946700895422,0.5580755306317643,0.20206896551724138,0.003406909597937489,0.07150071330984345,0.047648609926083954,-0.1684371975850748,0.005050626495432864,0.5085324232081911,0.003406909597937489,0.07150071330984345,0.047648609926083954,-0.1684371975850748,0.005050626495432864,0.5085324232081911,-0.0268330904020625,0.07150071330984345,-0.3752842336800633,-0.22909169122744077,-0.15702726997855387,0.47440273037542663,-0.04699309040206251,0.07150071330984345,-0.6572394627508285,-0.2735929286629246,-0.250327173759745,0.45733788395904434,-0.0973930904020625,0.07150071330984345,-1.3621275354277407,-0.4543637231736849,-0.44097906153136723,0.4061433447098976,6,3,4
67,csmom_60__csz,csmom_60,2,predictor,trend_momentum,1,catalog,1,-0.004984268884839243,-0.008673038894884818,0.49724137931034484,-0.030025874674511732,1450,43234,1450,293,-1.0173680949939272,0.6791422483708328,0.20206896551724138,-0.028925381329897422,0.11659457039097296,-0.24808514867289994,-0.283011657250568,-0.18798438460688105,0.47440273037542663,-0.028925381329897422,0.11659457039097296,-0.24808514867289994,-0.283011657250568,-0.18798438460688105,0.47440273037542663,-0.05916538132989741,0.11659457039097296,-0.5074454250442364,-0.3604224323828047,-0.3190306543987157,0.4641638225255973,-0.07932538132989744,0.11659457039097296,-0.6803522759584612,-0.4147717652116998,-0.3944581606940174,0.46075085324232085,-0.12972538132989744,0.11659457039097296,-1.112619403244022,-0.5436302553594774,-0.5485640159277099,0.4402730375426621,6,2,3
68,carry_change_20__csz,carry_change_20,6,predictor,term_structure,1,catalog,1,-0.008908161927427608,-0.009048757645130068,0.476551724137931,-0.04185801749638979,1450,43234,1450,293,-1.0180568407551713,0.6803916090690548,0.20206896551724138,-0.04329791109685343,0.08544969051890534,-0.506706470601833,-0.3019281262549939,-0.23893277321646167,0.45051194539249145,-0.04329791109685343,0.08544969051890534,-0.506706470601833,-0.3019281262549939,-0.23893277321646167,0.45051194539249145,-0.07353791109685343,0.08544969051890534,-0.86059891674603,-0.40125039555356856,-0.36177418345588797,0.42662116040955633,-0.09369791109685345,0.08544969051890534,-1.0965272141754947,-0.4596539173440982,-0.4324775223494062,0.40955631399317405,-0.14409791109685344,0.08544969051890534,-1.686347957749156,-0.5880039684853291,-0.5769269755911872,0.37542662116040953,6,2,0
69,multi_horizon_trend__csz,multi_horizon_trend,4,predictor,trend_momentum,1,catalog,1,-0.004785067527655567,-0.009523554064433098,0.49517241379310345,-0.03748161360632273,1450,43234,1450,293,-0.8565497940345641,0.6643387909029175,0.20206896551724138,0.00024991320953136095,0.08564135964282477,0.002918136874211797,-0.22365322081196826,-0.019598753514499467,0.4880546075085324,0.00024991320953136095,0.08564135964282477,0.002918136874211797,-0.22365322081196826,-0.019598753514499467,0.4880546075085324,-0.029990086790468638,0.08564135964282477,-0.35018228243392074,-0.27489822610783765,-0.1777170875055567,0.4812286689419795,-0.050150086790468666,0.08564135964282477,-0.585582561972676,-0.3178087967331906,-0.26873623927087664,0.4709897610921502,-0.10055008679046866,0.08564135964282477,-1.1740832608195635,-0.467153684903013,-0.4547236132841037,0.41638225255972694,6,2,4
70,oi_growth_20__csz,oi_growth_20,18,conditional,trading_liquidity,0,train_rank_ic,"-1,1",-0.011544670051463528,-0.010465482976168831,0.463448275862069,-0.04875313861191339,1450,43234,1450,293,-1.0207561059152832,0.6900225206571584,0.20206896551724138,-0.04115653275732204,0.08241670273230967,-0.4993712608353055,-0.32160431844754045,-0.22824534986702782,0.4641638225255973,-0.04115653275732204,0.08241670273230967,-0.4993712608353055,-0.32160431844754045,-0.22824534986702782,0.4641638225255973,-0.07139653275732205,0.08241670273230967,-0.8662871771177109,-0.40637485855261624,-0.352805780342175,0.43686006825938567,-0.09155653275732205,0.08241670273230967,-1.1108977879726476,-0.46382724502355777,-0.42449908632357714,0.4232081911262799,-0.14195653275732206,0.08241670273230967,-1.7224243151099894,-0.5946428681487461,-0.5709726130466817,0.3822525597269625,6,1,1
71,term_structure_acceleration__missing,term_structure_acceleration,46,quality_flag,data_quality,1,catalog,1,-0.013266158393499886,-0.012428831321273414,0.477491961414791,-0.05157982982562322,1244,43234,1450,293,-0.2917621532382002,0.5653001270809174,0.20206896551724138,0.005396978208348632,0.07233020479665206,0.07461582921715221,-0.15602701289763932,0.016370521848490416,0.5255972696245734,0.005396978208348632,0.07233020479665206,0.07461582921715221,-0.15602701289763932,0.016370521848490416,0.5255972696245734,-0.024843021791651366,0.07233020479665206,-0.34346676967795997,-0.21757994202581799,-0.1475273282518158,0.49829351535836175,-0.04500302179165138,0.07233020479665206,-0.6221885022747016,-0.2623395259573186,-0.2418753993925996,0.4709897610921502,-0.09540302179165137,0.07233020479665206,-1.3189928337665553,-0.44515679021616994,-0.4346705593272091,0.42662116040955633,6,2,3
72,low_volatility_20__csz,low_volatility_20,25,risk,volatility_risk,1,catalog,1,-0.0186868622074298,-0.012672587585022025,0.48758620689655174,-0.04018986483795979,1450,43234,1450,293,-1.0255455016216932,0.6872289062738629,0.20206896551724138,-0.02778694649012103,0.12932031355761736,-0.21486915493551473,-0.2856039393542509,-0.18955136831129948,0.5085324232081911,-0.02778694649012103,0.12932031355761736,-0.21486915493551473,-0.2856039393542509,-0.18955136831129948,0.5085324232081911,-0.05802694649012103,0.12932031355761736,-0.4487071280125509,-0.3596700120355103,-0.3203488279200696,0.49146757679180886,-0.07818694649012103,0.12932031355761736,-0.6045991100639084,-0.41382047553012646,-0.3956327473194321,0.4778156996587031,-0.12858694649012106,0.12932031355761736,-0.9943290651923021,-0.5561909335283152,-0.5494442013641125,0.4402730375426621,6,1,1
73,inventory_surprise__missing,inventory_surprise,15,quality_flag,data_quality,1,catalog,1,-0.01367547513725997,-0.013297756114524818,0.4542483660130719,-0.05591908376813335,306,43234,1450,293,-0.12695200426271236,0.5400726058269212,0.20206896551724138,-0.0164129895766253,0.054603819944505104,-0.30058317519371597,-0.1564677192981736,-0.09882954018236711,0.4778156996587031,-0.0164129895766253,0.054603819944505104,-0.30058317519371597,-0.1564677192981736,-0.09882954018236711,0.4778156996587031,-0.04665298957662528,0.054603819944505104,-0.8543905833701672,-0.2546885349824358,-0.2442021047659948,0.4232081911262799,-0.06681298957662529,0.054603819944505104,-1.2235955221544683,-0.33508559173604946,-0.32788126575807663,0.4061433447098976,-0.1172129895766253,0.054603819944505104,-2.1466078691152215,-0.5012602918047495,-0.4988618729466796,0.3515358361774744,6,3,1
74,seasonality_3y__csz,seasonality_3y,27,predictor,value_reversion,1,catalog,1,-0.015851639826425977,-0.013805676309577826,0.4862068965517241,-0.05630317871994846,1450,43234,1450,293,-1.026881442818131,0.6904836571732278,0.20206896551724138,0.006299082597487752,0.08631200712218773,0.07298037442890706,-0.17343061298382034,0.015237923413020438,0.5392491467576792,0.006299082597487752,0.08631200712218773,0.07298037442890706,-0.17343061298382034,0.015237923413020438,0.5392491467576792,-0.02394091740251224,0.08631200712218773,-0.2773764415954347,-0.22818478919116592,-0.14848107906271646,0.5221843003412969,-0.04410091740251225,0.08631200712218773,-0.5109476522783293,-0.27621102957940313,-0.24272584598386482,0.49829351535836175,-0.09450091740251225,0.08631200712218773,-1.0948756789855656,-0.44337839334778806,-0.4353089435339379,0.4402730375426621,6,2,2
75,term_structure_slope__missing,term_structure_slope,44,quality_flag,data_quality,1,catalog,1,-0.01720471222304463,-0.014535259632342284,0.46797520661157027,-0.062331637598929526,968,43234,1450,293,-0.18515795048060402,0.5480471287400699,0.20206896551724138,-0.002830879034385787,0.06929811857336711,-0.04085073437294963,-0.1685679748941179,-0.029872890801489138,0.4948805460750853,-0.002830879034385787,0.06929811857336711,-0.04085073437294963,-0.1685679748941179,-0.029872890801489138,0.4948805460750853,-0.033070879034385776,0.06929811857336711,-0.47722621790046255,-0.22921265320669393,-0.18633573985072827,0.4709897610921502,-0.05323087903438579,0.06929811857336711,-0.7681432069188048,-0.29531531848890147,-0.2764017858659191,0.44368600682593856,-0.1036308790343858,0.06929811857336711,-1.49543567946466,-0.47297864035253867,-0.46044120231701247,0.3856655290102389,6,4,2
76,inventory_scarcity__missing,inventory_scarcity,13,quality_flag,data_quality,1,catalog,1,-0.013642429590983022,-0.016542069063133814,0.4626038781163435,-0.0713697839695583,1444,43234,1450,293,-0.611137042034775,0.627380997788396,0.20206896551724138,-0.027685508805070508,0.05740390647484081,-0.48229311392256236,-0.1777043795393708,-0.15678766078860373,0.4880546075085324,-0.027685508805070508,0.05740390647484081,-0.48229311392256236,-0.1777043795393708,-0.15678766078860373,0.4880546075085324,-0.05792550880507049,0.05740390647484081,-1.0090865302078056,-0.2959540026364599,-0.29283932090474074,0.4402730375426621,-0.07808550880507051,0.05740390647484082,-1.3602821410646349,-0.3731695061244461,-0.3711505360709755,0.41638225255972694,-0.12848550880507048,0.05740390647484081,-2.238271168206707,-0.5315550422965926,-0.5311555618941122,0.34812286689419797,6,3,2
77,inventory_change_5__missing,inventory_change_5,14,quality_flag,data_quality,1,catalog,1,-0.01561213532101505,-0.018280613505939916,0.45706371191135736,-0.07657020519474955,1444,43234,1450,293,-0.6960812590227139,0.641372673304239,0.20206896551724138,-0.027297064928499086,0.0642766928440451,-0.424680606930573,-0.1848692918855258,-0.15692927945268664,0.46757679180887374,-0.027297064928499086,0.0642766928440451,-0.424680606930573,-0.1848692918855258,-0.15692927945268664,0.46757679180887374,-0.05753706492849907,0.0642766928440451,-0.895146629091537,-0.30342443788557083,-0.2929591937337874,0.44368600682593856,-0.0776970649284991,0.0642766928440451,-1.2087906438655134,-0.37963240037284873,-0.3712577900410714,0.4129692832764505,-0.12809706492849907,0.0642766928440451,-1.9929006808004535,-0.5360963764692221,-0.5312367519181003,0.3515358361774744,6,3,2
78,inventory_price_divergence__missing,inventory_price_divergence,49,quality_flag,data_quality,1,catalog,1,-0.01561213532101505,-0.018280613505939916,0.45706371191135736,-0.07657020519474955,1444,43234,1450,293,-0.6960812590227139,0.641372673304239,0.20206896551724138,-0.027297064928499086,0.0642766928440451,-0.424680606930573,-0.1848692918855258,-0.15692927945268664,0.46757679180887374,-0.027297064928499086,0.0642766928440451,-0.424680606930573,-0.1848692918855258,-0.15692927945268664,0.46757679180887374,-0.05753706492849907,0.0642766928440451,-0.895146629091537,-0.30342443788557083,-0.2929591937337874,0.44368600682593856,-0.0776970649284991,0.0642766928440451,-1.2087906438655134,-0.37963240037284873,-0.3712577900410714,0.4129692832764505,-0.12809706492849907,0.0642766928440451,-1.9929006808004535,-0.5360963764692221,-0.5312367519181003,0.3515358361774744,6,3,2
79,inventory_acceleration__missing,inventory_acceleration,48,quality_flag,data_quality,1,catalog,1,-0.015907325185237284,-0.018670170197810976,0.45662734212352535,-0.07824829112180226,1441,43234,1450,293,-0.6952665112449401,0.6412322984715324,0.20206896551724138,-0.027732085468341147,0.06420005603344703,-0.43196357108930333,-0.18486929188552537,-0.15903612041475856,0.46757679180887374,-0.027732085468341147,0.06420005603344703,-0.43196357108930333,-0.18486929188552537,-0.15903612041475856,0.46757679180887374,-0.05797208546834116,0.06420005603344703,-0.9029911973618651,-0.3051662188699923,-0.29472714296793256,0.44368600682593856,-0.07813208546834115,0.06420005603344703,-1.2170096148769063,-0.3811842377666561,-0.3728305763585157,0.4129692832764505,-0.12853208546834113,0.06420005603344703,-2.002055658664509,-0.5372579712528824,-0.5324105149932823,0.3515358361774744,6,2,2
80,carry_annualized__missing,carry_annualized,5,quality_flag,data_quality,1,catalog,1,-0.01100875056105204,-0.0204701009251971,0.4375,-0.14913496213319244,32,43234,1450,293,-0.0024289451620898017,0.5178005902917012,0.20206896551724138,-0.0029597568763252125,0.05552331370777062,-0.053306560409974016,-0.13465960399558685,-0.025798227932765316,0.5017064846416383,-0.0029597568763252125,0.05552331370777062,-0.053306560409974016,-0.13465960399558685,-0.025798227932765316,0.5017064846416383,-0.033199756876325204,0.05552331370777062,-0.5979426417353549,-0.20486434887581617,-0.18291377907749273,0.45733788395904434,-0.05335975687632522,0.05552331370777062,-0.9610333626189427,-0.28976570525037126,-0.27335595856947514,0.4402730375426621,-0.1037597568763252,0.05552331370777062,-1.8687601648279109,-0.4664773333716119,-0.4581650979598969,0.378839590443686,6,0,1
81,carry_change_20__missing,carry_change_20,6,quality_flag,data_quality,1,catalog,1,-0.01676495717296538,-0.02455304052017768,0.4823529411764706,-0.12743942753512125,85,43234,1450,293,-0.007949785434857581,0.518575956149306,0.20206896551724138,-0.0024021203648502214,0.05506533972416105,-0.043623091710378425,-0.12839529905285318,-0.022490680971489097,0.4948805460750853,-0.0024021203648502214,0.05506533972416105,-0.043623091710378425,-0.12839529905285318,-0.022490680971489097,0.4948805460750853,-0.03264212036485021,0.05506533972416105,-0.5927888673413162,-0.19910474445479087,-0.18013791937679646,0.4539249146757679,-0.05280212036485022,0.05506533972416105,-0.9588993844286082,-0.2846189896417448,-0.270886321601736,0.43686006825938567,-0.10320212036485023,0.05506533972416105,-1.8741756771468383,-0.46152375435117043,-0.45632164038017975,0.37542662116040953,6,1,1
82,correlation_risk_20_120__csz,correlation_risk_20_120,57,risk,volatility_risk,-1,catalog,-1,-0.02767905504210213,-0.030856404682803776,0.4406896551724138,-0.12555363301317596,1450,43234,1450,293,-1.0616946070253523,0.7014914492171297,0.20206896551724138,-0.04135023869959821,0.09070308824127774,-0.45588567601582813,-0.31179748991540723,-0.23229439989316614,0.4812286689419795,-0.04135023869959821,0.09070308824127774,-0.45588567601582813,-0.31179748991540723,-0.23229439989316614,0.4812286689419795,-0.07159023869959821,0.09070308824127775,-0.7892811599662655,-0.3894084452555904,-0.3562049433757263,0.45733788395904434,-0.0917502386995982,0.09070308824127775,-1.0115448159332234,-0.4542291548472607,-0.4275238575717343,0.44368600682593856,-0.14215023869959822,0.09070308824127775,-1.567203955850619,-0.5878326112233463,-0.573231554672414,0.3924914675767918,6,0,1
83,volume_price_divergence_20__missing,volume_price_divergence_20,53,quality_flag,data_quality,0,train_rank_ic,1,-0.03595970584636715,-0.05159098449172576,0.47619047619047616,-0.2636460670282628,21,43234,1450,293,-0.001877160362995678,0.517539153559846,0.20206896551724138,-0.0036834478830959725,0.05546383572436427,-0.06641170476202568,-0.13827634769590502,-0.02986996448664969,0.4948805460750853,-0.0036834478830959725,0.05546383572436427,-0.06641170476202568,-0.13827634769590502,-0.02986996448664969,0.4948805460750853,-0.03392344788309596,0.05546383572436427,-0.6116318397393853,-0.20818964954323516,-0.18633087822520544,0.4539249146757679,-0.05408344788309597,0.05546383572436427,-0.9751119297242922,-0.2927371252582639,-0.2763960323300413,0.43686006825938567,-0.10448344788309598,0.05546383572436427,-1.8838121546865585,-0.4687116635807528,-0.4604342388337903,0.378839590443686,6,2,1
84,oi_surprise_60__missing,oi_surprise_60,52,quality_flag,data_quality,0,train_rank_ic,1,-0.05043913908037269,-0.05772074820441793,0.47619047619047616,-0.30991300457873694,21,43234,1450,293,-0.0019327113478437852,0.5175582955824879,0.20206896551724138,-0.0036834478830959725,0.05546383572436427,-0.06641170476202568,-0.13827634769590502,-0.02986996448664969,0.4948805460750853,-0.0036834478830959725,0.05546383572436427,-0.06641170476202568,-0.13827634769590502,-0.02986996448664969,0.4948805460750853,-0.03392344788309596,0.05546383572436427,-0.6116318397393853,-0.20818964954323516,-0.18633087822520544,0.4539249146757679,-0.05408344788309597,0.05546383572436427,-0.9751119297242922,-0.2927371252582639,-0.2763960323300413,0.43686006825938567,-0.10448344788309598,0.05546383572436427,-1.8838121546865585,-0.4687116635807528,-0.4604342388337903,0.378839590443686,6,1,1
85,value_252__missing,value_252,11,quality_flag,data_quality,1,catalog,1,-0.04973831911987234,-0.05815514947669006,0.36507936507936506,-0.36959028939536187,126,43234,1450,293,-0.011611410723113558,0.5194097547612342,0.20206896551724138,-0.008181098802619833,0.05745177786737672,-0.14239940183409658,-0.16106894729805654,-0.055529914056740126,0.4880546075085324,-0.008181098802619833,0.05745177786737672,-0.14239940183409658,-0.16106894729805654,-0.055529914056740126,0.4880546075085324,-0.038421098802619826,0.05745177786737672,-0.6687538702685958,-0.22914575524440794,-0.2078654996302638,0.45051194539249145,-0.05858109880261984,0.05745177786737672,-1.0196568492249287,-0.3114631702248788,-0.295554736852114,0.4334470989761092,-0.10898109880261986,0.05745177786737672,-1.896914296615761,-0.48279272129196726,-0.47473467816431114,0.3720136518771331,6,0,1
86,multi_horizon_trend__missing,multi_horizon_trend,4,quality_flag,data_quality,1,catalog,1,-0.050483664497935045,-0.059454013044262594,0.36666666666666664,-0.3765093544971773,120,43234,1450,293,-0.01112533960569162,0.5193108543109182,0.20206896551724138,-0.00800944852553864,0.05745882225172993,-0.13939458227056675,-0.1602332011341301,-0.05458902952430045,0.4880546075085324,-0.00800944852553864,0.05745882225172993,-0.13939458227056675,-0.1602332011341301,-0.05458902952430045,0.4880546075085324,-0.038249448525538625,0.05745882225172993,-0.6656845202633271,-0.2283773671891317,-0.20707589940117088,0.45051194539249145,-0.058409448525538636,0.05745882225172993,-1.0165444789251679,-0.3107765618827404,-0.29485226463372116,0.4334470989761092,-0.10880944852553863,0.05745882225172993,-1.893694375579769,-0.4822764467142713,-0.4742103600748858,0.37542662116040953,6,0,1
87,low_volatility_20__missing,low_volatility_20,25,quality_flag,data_quality,1,catalog,1,-0.05762013231274181,-0.0686521004875473,0.45,-0.37301752123240645,20,43234,1450,293,-0.0019350259722124008,0.5175598907510415,0.20206896551724138,-0.0036834478830959725,0.05546383572436427,-0.06641170476202568,-0.13827634769590502,-0.02986996448664969,0.4948805460750853,-0.0036834478830959725,0.05546383572436427,-0.06641170476202568,-0.13827634769590502,-0.02986996448664969,0.4948805460750853,-0.03392344788309596,0.05546383572436427,-0.6116318397393853,-0.20818964954323516,-0.18633087822520544,0.4539249146757679,-0.05408344788309597,0.05546383572436427,-0.9751119297242922,-0.2927371252582639,-0.2763960323300413,0.43686006825938567,-0.10448344788309598,0.05546383572436427,-1.8838121546865585,-0.4687116635807528,-0.4604342388337903,0.378839590443686,6,1,1
88,oi_growth_20__missing,oi_growth_20,18,quality_flag,data_quality,0,train_rank_ic,1,-0.05762013231274181,-0.0686521004875473,0.45,-0.37301752123240645,20,43234,1450,293,-0.0019350259722124008,0.5175598907510415,0.20206896551724138,-0.0036834478830959725,0.05546383572436427,-0.06641170476202568,-0.13827634769590502,-0.02986996448664969,0.4948805460750853,-0.0036834478830959725,0.05546383572436427,-0.06641170476202568,-0.13827634769590502,-0.02986996448664969,0.4948805460750853,-0.03392344788309596,0.05546383572436427,-0.6116318397393853,-0.20818964954323516,-0.18633087822520544,0.4539249146757679,-0.05408344788309597,0.05546383572436427,-0.9751119297242922,-0.2927371252582639,-0.2763960323300413,0.43686006825938567,-0.10448344788309598,0.05546383572436427,-1.8838121546865585,-0.4687116635807528,-0.4604342388337903,0.378839590443686,6,1,1
89,price_oi_interaction_20__missing,price_oi_interaction_20,19,quality_flag,data_quality,1,catalog,1,-0.05762013231274181,-0.0686521004875473,0.45,-0.37301752123240645,20,43234,1450,293,-0.0019350259722124008,0.5175598907510415,0.20206896551724138,-0.0036834478830959725,0.05546383572436427,-0.06641170476202568,-0.13827634769590502,-0.02986996448664969,0.4948805460750853,-0.0036834478830959725,0.05546383572436427,-0.06641170476202568,-0.13827634769590502,-0.02986996448664969,0.4948805460750853,-0.03392344788309596,0.05546383572436427,-0.6116318397393853,-0.20818964954323516,-0.18633087822520544,0.4539249146757679,-0.05408344788309597,0.05546383572436427,-0.9751119297242922,-0.2927371252582639,-0.2763960323300413,0.43686006825938567,-0.10448344788309598,0.05546383572436427,-1.8838121546865585,-0.4687116635807528,-0.4604342388337903,0.378839590443686,6,1,1
90,realized_volatility_20__missing,realized_volatility_20,24,quality_flag,data_quality,0,train_rank_ic,"-1,1",-0.06292283855642988,-0.08152460428420086,0.35,-0.4568961198476999,20,43234,1450,293,-0.0020461279419088374,0.5175822231107902,0.20206896551724138,-0.003350388395383875,0.055478040360219964,-0.06039125343342591,-0.13661004421421374,-0.027994037034100416,0.4948805460750853,-0.003350388395383875,0.055478040360219964,-0.06039125343342591,-0.13661004421421374,-0.027994037034100416,0.4948805460750853,-0.03359038839538387,0.055478040360219964,-0.605471789870025,-0.20665761846962016,-0.18475655379577494,0.4539249146757679,-0.053750388395383875,0.055478040360219964,-0.9688588141610913,-0.2913681333252732,-0.2749954102561314,0.43686006825938567,-0.10415038839538387,0.055478040360219964,-1.8773263748887568,-0.4676822623536264,-0.459388799627646,0.3822525597269625,6,0,1
91,factor_momentum__missing,factor_momentum,32,quality_flag,data_quality,0,train_rank_ic,1,,,,,0,43234,1450,293,,,0.20206896551724138,-0.003970488758873015,0.05551610413145741,-0.07151958555073022,-0.13972775255559766,-0.03150395868457201,0.49829351535836175,-0.003970488758873015,0.05551610413145741,-0.07151958555073022,-0.13972775255559766,-0.03150395868457201,0.49829351535836175,-0.03421048875887301,0.05551610413145741,-0.6162263958195894,-0.20952410724210457,-0.18770217505563758,0.4539249146757679,-0.05437048875887302,0.05551610413145741,-0.9793642693321623,-0.29392957469481884,-0.2776160329470002,0.43686006825938567,-0.10477048875887303,0.05551610413145741,-1.8872089531135947,-0.4696083248006826,-0.4613448699553022,0.378839590443686,6,0,1
92,factor_momentum__tsz,factor_momentum,32,conditional,meta_factor,0,train_rank_ic,1,,,,,0,43234,1450,293,,,0.20206896551724138,-0.003970488758873015,0.05551610413145741,-0.07151958555073022,-0.13972775255559766,-0.03150395868457201,0.49829351535836175,-0.003970488758873015,0.05551610413145741,-0.07151958555073022,-0.13972775255559766,-0.03150395868457201,0.49829351535836175,-0.03421048875887301,0.05551610413145741,-0.6162263958195894,-0.20952410724210457,-0.18770217505563758,0.4539249146757679,-0.05437048875887302,0.05551610413145741,-0.9793642693321623,-0.29392957469481884,-0.2776160329470002,0.43686006825938567,-0.10477048875887303,0.05551610413145741,-1.8872089531135947,-0.4696083248006826,-0.4613448699553022,0.378839590443686,6,0,1
