feature_name,fold_id,test_year,rank_ic_mean,rank_ic_hit_rate,gross_sharpe,net_5bps_sharpe,gross_annual_return,strategy_days,applied_direction,direction_source
amihud_20__csz,fold_2019,2019,0.041234776746986335,0.610655737704918,2.4831008569799393,1.6052941098660205,0.14256928828954146,49,-1,catalog
amihud_20__csz,fold_2020,2020,0.011117706906570629,0.5308641975308642,0.4130439003945956,-0.12250530023016164,0.038871148636955455,49,-1,catalog
amihud_20__csz,fold_2021,2021,-0.03663999960941308,0.4156378600823045,-1.4625855330529274,-1.9280151798953584,-0.1583790619397805,49,-1,catalog
amihud_20__csz,fold_2022,2022,-0.0009601324220531529,0.5,-0.3150532505748183,-0.8311135390845646,-0.030769048079294255,49,-1,catalog
amihud_20__csz,fold_2023,2023,0.001855649119041938,0.512396694214876,-0.04217996854163085,-0.8029861453853393,-0.0027942339050369062,49,-1,catalog
amihud_20__csz,fold_2024,2024,0.052548210043442664,0.597457627118644,1.6335613629799723,1.0550656423117,0.14231996841581135,48,-1,catalog
amihud_20__missing,fold_2019,2019,0.0834315026509712,0.6111111111111112,-0.5932134763754519,-1.6268732770759167,-0.02892437065760154,49,-1,catalog
amihud_20__missing,fold_2020,2020,-0.06436251898326777,0.0,-0.5376791043200572,-1.3114557137746583,-0.035021770529910096,49,-1,catalog
amihud_20__missing,fold_2021,2021,,,1.5642098577166086,0.7723664738550851,0.09956031512754779,49,-1,catalog
amihud_20__missing,fold_2022,2022,0.033310426491340334,0.631578947368421,-0.1850696664532643,-1.0655457260089412,-0.010593713580300586,49,-1,catalog
amihud_20__missing,fold_2023,2023,,,-0.45791734762583247,-1.5213253591354663,-0.021702896790836226,49,-1,catalog
amihud_20__missing,fold_2024,2024,,,-0.36302699532375693,-1.3978290196508638,-0.01768121837238859,48,-1,catalog
basis_fresh__csz,fold_2019,2019,0.026254989073336232,0.5578512396694215,0.5019083180349763,-0.26253403340129905,0.03309102273236821,49,1,catalog
basis_fresh__csz,fold_2020,2020,0.06819973693500246,0.5975103734439834,0.3254264196627899,-0.2708710218641826,0.027505554122460068,49,1,catalog
basis_fresh__csz,fold_2021,2021,0.007501673800292229,0.5394190871369294,-0.1932836701086599,-0.6435194477188189,-0.021636434636945343,49,1,catalog
basis_fresh__csz,fold_2022,2022,0.04221814402937636,0.6041666666666666,2.37322964516444,1.7785970021237734,0.20115070290230896,49,1,catalog
basis_fresh__csz,fold_2023,2023,0.0010740220623621048,0.49166666666666664,0.12646111558473597,-0.6317175490432463,0.008406514879442124,49,1,catalog
basis_fresh__csz,fold_2024,2024,-0.1333000730137653,0.25,-0.5672879226660241,-1.5893823509134917,-0.027973258157166225,48,1,catalog
basis_fresh__missing,fold_2019,2019,0.054581954250260176,0.5661157024793388,0.9118071375474405,0.20265007592071713,0.06480240022848453,49,1,catalog
basis_fresh__missing,fold_2020,2020,-0.008755333375814587,0.46473029045643155,-0.29577312855345106,-0.8277756061913416,-0.028020481681366182,49,1,catalog
basis_fresh__missing,fold_2021,2021,0.010437808411483247,0.5020746887966805,0.8553998507812097,0.32605269799916686,0.08144400560726975,49,1,catalog
basis_fresh__missing,fold_2022,2022,0.028291220969754845,0.4875,0.5795020661329912,0.098176597314909,0.0606801551657379,49,1,catalog
basis_fresh__missing,fold_2023,2023,0.07533961810936886,0.5875,0.7221546179472199,-0.09908269071444188,0.044319214873291594,49,1,catalog
basis_fresh__missing,fold_2024,2024,0.05134855883366221,0.5,-0.37502507057624385,-1.4102657957389058,-0.01825784389816469,48,1,catalog
basis_momentum_20__csz,fold_2019,2019,-0.04615325696849805,0.4166666666666667,-2.4411873282443497,-3.4501268283967885,-0.12194570767119936,49,1,catalog
basis_momentum_20__csz,fold_2020,2020,-0.0019662043299728247,0.49372384937238495,-0.133832923320208,-0.729498896296697,-0.011323761371886724,49,1,catalog
basis_momentum_20__csz,fold_2021,2021,0.007320804072387199,0.5104602510460251,-1.1090940004185992,-1.6950723301087591,-0.09539318228824958,49,1,catalog
basis_momentum_20__csz,fold_2022,2022,0.035189167566073536,0.5714285714285714,2.770300967708105,2.135186467146145,0.21983936541985333,49,1,catalog
basis_momentum_20__csz,fold_2023,2023,-0.018279890089308384,0.4369747899159664,-1.5161779331660032,-2.214266940347706,-0.10946364581798475,49,1,catalog
basis_momentum_20__csz,fold_2024,2024,-0.25070069554583174,0.0,-0.5586122362300294,-1.5821971907515344,-0.027505344409008675,48,1,catalog
basis_momentum_20__missing,fold_2019,2019,0.049230745767361514,0.5541666666666667,0.9317075037318513,0.22266538627467372,0.066227459599283,49,1,catalog
basis_momentum_20__missing,fold_2020,2020,-0.008819818528664572,0.4602510460251046,-0.3024543354803435,-0.8326691529777104,-0.028750042445362296,49,1,catalog
basis_momentum_20__missing,fold_2021,2021,0.012458781827072888,0.5062761506276151,0.8553998507812097,0.32605269799916686,0.08144400560726975,49,1,catalog
basis_momentum_20__missing,fold_2022,2022,0.03084927223603911,0.49159663865546216,0.5795020661329912,0.098176597314909,0.0606801551657379,49,1,catalog
basis_momentum_20__missing,fold_2023,2023,0.07489397290790005,0.5882352941176471,0.7221546179472199,-0.09908269071444188,0.044319214873291594,49,1,catalog
basis_momentum_20__missing,fold_2024,2024,0.05134855883366221,0.5,-0.37502507057624385,-1.4102657957389058,-0.01825784389816469,48,1,catalog
basis_shock_20__csz,fold_2019,2019,0.017304225401358356,0.5208333333333334,0.5699351609308035,-0.3791850512239699,0.03026458792369322,49,1,catalog
basis_shock_20__csz,fold_2020,2020,-0.004702373714120852,0.5146443514644351,-0.5953237616586213,-1.1732465666874852,-0.05191751792195841,49,1,catalog
basis_shock_20__csz,fold_2021,2021,0.019388337495564803,0.5230125523012552,-0.6124290833747655,-1.0724936477194533,-0.06709150887561638,49,1,catalog
basis_shock_20__csz,fold_2022,2022,-0.01944883991291107,0.46638655462184875,-1.2771318662003193,-1.9302458122900887,-0.098554695458377,49,1,catalog
basis_shock_20__csz,fold_2023,2023,-0.00680097445823007,0.5,-1.2726268777951388,-2.1871953580506753,-0.0701318665858174,49,1,catalog
basis_shock_20__csz,fold_2024,2024,0.10295106606062096,0.75,-0.4309728465260036,-1.466419523102871,-0.02097745055952005,48,1,catalog
basis_shock_20__missing,fold_2019,2019,0.04894158594187382,0.5541666666666667,0.9054215946378394,0.19596027250360154,0.06432098120933616,49,1,catalog
basis_shock_20__missing,fold_2020,2020,-0.009299076988540772,0.46443514644351463,-0.29577312855345106,-0.8277756061913416,-0.028020481681366182,49,1,catalog
basis_shock_20__missing,fold_2021,2021,0.01090113725994297,0.502092050209205,0.8553998507812097,0.32605269799916686,0.08144400560726975,49,1,catalog
basis_shock_20__missing,fold_2022,2022,0.02933802574944283,0.48739495798319327,0.6683861749448675,0.18358209631937888,0.06948510687601764,49,1,catalog
basis_shock_20__missing,fold_2023,2023,0.0755951612113009,0.5882352941176471,0.7130974346370196,-0.10732775988311496,0.043806688221864155,49,1,catalog
basis_shock_20__missing,fold_2024,2024,0.05134855883366221,0.5,-0.37502507057624385,-1.4102657957389058,-0.01825784389816469,48,1,catalog
basis_surprise__csz,fold_2019,2019,-0.035527859841202464,0.4297520661157025,-2.4803458398848957,-3.741952076779431,-0.09908751770117401,49,1,catalog
basis_surprise__csz,fold_2020,2020,0.04317836477171185,0.5892116182572614,0.07240409119453324,-0.5657092241395132,0.005718680536064621,49,1,catalog
basis_surprise__csz,fold_2021,2021,0.0028153216139764426,0.5062240663900415,-0.7723939042075068,-1.335211629973519,-0.06916742488711647,49,1,catalog
basis_surprise__csz,fold_2022,2022,0.03813269726244977,0.55,2.055653638636979,1.469504568883784,0.17675528075294544,49,1,catalog
basis_surprise__csz,fold_2023,2023,-0.011408600134478383,0.475,-0.2905956713501701,-1.1866098388401498,-0.016345748055610246,49,1,catalog
basis_surprise__csz,fold_2024,2024,-0.01358575452611764,0.0,-0.4418373692436703,-1.4769619810241208,-0.021512968734825274,48,1,catalog
basis_surprise__missing,fold_2019,2019,0.05078195796997518,0.5578512396694215,0.9317075037318513,0.22266538627467372,0.066227459599283,49,1,catalog
basis_surprise__missing,fold_2020,2020,-0.0045926791744313016,0.46887966804979253,-0.41280943961506084,-0.9729950142822898,-0.03714054180877179,49,1,catalog
basis_surprise__missing,fold_2021,2021,0.010118513826301082,0.4979253112033195,0.8553998507812097,0.32605269799916686,0.08144400560726975,49,1,catalog
basis_surprise__missing,fold_2022,2022,0.02946662572714811,0.49583333333333335,0.5876359632566791,0.10646839812335947,0.061552055238657956,49,1,catalog
basis_surprise__missing,fold_2023,2023,0.07358701851050643,0.5875,0.7221546179472199,-0.09908269071444188,0.044319214873291594,49,1,catalog
basis_surprise__missing,fold_2024,2024,0.3016727831477656,1.0,-0.37502507057624385,-1.4102657957389058,-0.01825784389816469,48,1,catalog
carry_annualized__csz,fold_2019,2019,0.01485856752938398,0.5040983606557377,0.9027583243021877,0.2299281826020284,0.06762333719155302,49,1,catalog
carry_annualized__csz,fold_2020,2020,0.08900957052765673,0.6625514403292181,1.0781314326330962,0.5876047482483864,0.11077445108387222,49,1,catalog
carry_annualized__csz,fold_2021,2021,0.009515205905260239,0.5308641975308642,-1.4087425265338547,-1.8857793926109987,-0.1488367637519747,49,1,catalog
carry_annualized__csz,fold_2022,2022,0.0022493794051491223,0.5330578512396694,0.33326844487448165,-0.1773359872386918,0.03289577717169316,49,1,catalog
carry_annualized__csz,fold_2023,2023,-0.014192191319527387,0.45867768595041325,-0.40501707818852106,-0.9941424367423503,-0.03464943486868478,49,1,catalog
carry_annualized__csz,fold_2024,2024,0.07422833162658121,0.5932203389830508,1.697893471990037,1.0263979290145842,0.12743767532560688,48,1,catalog
carry_annualized__missing,fold_2019,2019,-0.0204701009251971,0.4375,-0.5825694619474663,-1.6063671451361012,-0.028679006960345352,49,1,catalog
carry_annualized__missing,fold_2020,2020,,,-0.559844200785543,-1.3344799000352305,-0.03642505470238662,49,1,catalog
carry_annualized__missing,fold_2021,2021,,,1.5642098577166086,0.7723664738550851,0.09956031512754779,49,1,catalog
carry_annualized__missing,fold_2022,2022,,,-0.23159866448807973,-1.1205232092888318,-0.013131117549257876,49,1,catalog
carry_annualized__missing,fold_2023,2023,,,-0.45791734762583247,-1.5213253591354663,-0.021702896790836226,49,1,catalog
carry_annualized__missing,fold_2024,2024,,,-0.36302699532375693,-1.3978290196508638,-0.01768121837238859,48,1,catalog
carry_change_20__csz,fold_2019,2019,0.013394563690916138,0.5614754098360656,-0.42428211447913794,-1.0999164051996695,-0.03164999003668647,49,1,catalog
carry_change_20__csz,fold_2020,2020,-0.026270477488156845,0.3868312757201646,-0.9004358089284331,-1.397836876195025,-0.09123817329018648,49,1,catalog
carry_change_20__csz,fold_2021,2021,-0.005514019581832227,0.4691358024691358,-0.041333651930720534,-0.5647569379204407,-0.003979983529714856,49,1,catalog
carry_change_20__csz,fold_2022,2022,-0.014123551057431316,0.5165289256198347,-0.20862287613017502,-0.7378243101444794,-0.019868791505724855,49,1,catalog
carry_change_20__csz,fold_2023,2023,0.014700788346066326,0.49173553719008267,-0.6537890109396067,-1.4006127768302483,-0.044121475047141506,49,1,catalog
carry_change_20__csz,fold_2024,2024,-0.03730945238078162,0.4322033898305085,-0.9197421849914473,-1.5870756224744682,-0.06946303529822509,48,1,catalog
carry_change_20__missing,fold_2019,2019,-0.02669558412267034,0.46987951807228917,-0.537526030259418,-1.6318462645152239,-0.024756292607070504,49,1,catalog
carry_change_20__missing,fold_2020,2020,0.06436251898326777,1.0,-0.5690743364553393,-1.3439666875746297,-0.037013330323780395,49,1,catalog
carry_change_20__missing,fold_2021,2021,,,1.5642098577166086,0.7723664738550851,0.09956031512754779,49,1,catalog
carry_change_20__missing,fold_2022,2022,,,-0.23159866448807973,-1.1205232092888318,-0.013131117549257876,49,1,catalog
carry_change_20__missing,fold_2023,2023,,,-0.45791734762583247,-1.5213253591354663,-0.021702896790836226,49,1,catalog
carry_change_20__missing,fold_2024,2024,,,-0.36302699532375693,-1.3978290196508638,-0.01768121837238859,48,1,catalog
correlation_risk_20_120__csz,fold_2019,2019,-0.039235326706923,0.4180327868852459,-0.41158091474654934,-1.0150976149033548,-0.03437134067348339,49,-1,catalog
correlation_risk_20_120__csz,fold_2020,2020,-0.017571505810767968,0.45267489711934156,0.24870402907152214,-0.3418505682067559,0.021225273874717114,49,-1,catalog
correlation_risk_20_120__csz,fold_2021,2021,-0.018156434750148654,0.4567901234567901,-0.07665508115692246,-0.4647131855201381,-0.009955767053618348,49,-1,catalog
correlation_risk_20_120__csz,fold_2022,2022,-0.03738677671984037,0.4214876033057851,-1.354401318773395,-1.961349974323317,-0.11246721751831042,49,-1,catalog
correlation_risk_20_120__csz,fold_2023,2023,-0.05087726326650024,0.4132231404958678,-0.917849307010422,-1.74324899910426,-0.0560450961109228,49,-1,catalog
correlation_risk_20_120__csz,fold_2024,2024,-0.021722795934657216,0.4830508474576271,-0.6250506014541387,-1.1796471906495734,-0.056802639841312494,48,-1,catalog
correlation_risk_20_120__missing,fold_2019,2019,0.0834315026509712,0.6111111111111112,-0.5932134763754519,-1.6268732770759167,-0.02892437065760154,49,-1,catalog
correlation_risk_20_120__missing,fold_2020,2020,0.05522269134896106,0.6372549019607843,-0.25663853890690036,-1.0391072220438626,-0.016530479289026994,49,-1,catalog
correlation_risk_20_120__missing,fold_2021,2021,,,1.5642098577166086,0.7723664738550851,0.09956031512754779,49,-1,catalog
correlation_risk_20_120__missing,fold_2022,2022,,,-0.23159866448807973,-1.1205232092888318,-0.013131117549257876,49,-1,catalog
correlation_risk_20_120__missing,fold_2023,2023,,,-0.45791734762583247,-1.5213253591354663,-0.021702896790836226,49,-1,catalog
correlation_risk_20_120__missing,fold_2024,2024,,,-0.36302699532375693,-1.3978290196508638,-0.01768121837238859,48,-1,catalog
csmom_60__csz,fold_2019,2019,-0.013701326374898378,0.5,0.3701383830109586,-0.28493344781688557,0.028477754081071033,49,1,catalog
csmom_60__csz,fold_2020,2020,0.02464978204197525,0.5802469135802469,0.28225882750988807,-0.1139060960041563,0.03590889566979558,49,1,catalog
csmom_60__csz,fold_2021,2021,-0.046441190737256076,0.448559670781893,-1.3192874979053753,-1.6809727178950302,-0.18383966559742965,49,1,catalog
csmom_60__csz,fold_2022,2022,0.014636734229702181,0.5165289256198347,0.3742446076964922,-0.04230407299244791,0.04528144992971051,49,1,catalog
csmom_60__csz,fold_2023,2023,-0.021423939862009505,0.47520661157024796,-0.27927301511729424,-0.9016445441722305,-0.022615687422727872,49,1,catalog
csmom_60__csz,fold_2024,2024,-0.009724435110746487,0.461864406779661,-0.5555890654573148,-0.9156852442891039,-0.07776169408376045,48,1,catalog
csmom_60__missing,fold_2019,2019,-0.0834315026509712,0.3888888888888889,-0.664343325759789,-1.6971890253662358,-0.03241810817535633,49,1,catalog
csmom_60__missing,fold_2020,2020,0.026619606259202414,0.5238095238095238,-0.600840425812582,-1.3281985671128338,-0.04163335190944628,49,1,catalog
csmom_60__missing,fold_2021,2021,,,1.5642098577166086,0.7723664738550851,0.09956031512754779,49,1,catalog
csmom_60__missing,fold_2022,2022,,,-0.23159866448807973,-1.1205232092888318,-0.013131117549257876,49,1,catalog
csmom_60__missing,fold_2023,2023,,,-0.45791734762583247,-1.5213253591354663,-0.021702896790836226,49,1,catalog
csmom_60__missing,fold_2024,2024,,,-0.36302699532375693,-1.3978290196508638,-0.01768121837238859,48,1,catalog
curve_curvature__csz,fold_2019,2019,-0.03785317706577882,0.45491803278688525,-0.8460538158764539,-1.7119240462456498,-0.049246539290294884,49,-1,train_rank_ic
curve_curvature__csz,fold_2020,2020,-0.03230110888242364,0.45267489711934156,-0.93293123640036,-1.6371403562969364,-0.06676956174819733,49,1,train_rank_ic
curve_curvature__csz,fold_2021,2021,0.030606772896491646,0.5473251028806584,0.5808534875274916,0.06042996122197165,0.056252291242881634,49,-1,train_rank_ic
curve_curvature__csz,fold_2022,2022,0.006520090422269295,0.512396694214876,1.1090680973186908,0.40150656714998806,0.07899953533586619,49,-1,train_rank_ic
curve_curvature__csz,fold_2023,2023,-0.031179784894406162,0.4132231404958678,-1.886197874883343,-2.80579608942321,-0.10337598680711577,49,-1,train_rank_ic
curve_curvature__csz,fold_2024,2024,0.04957468548561567,0.6059322033898306,2.0079856150892392,1.3802935198453654,0.1612294877812314,48,-1,train_rank_ic
curve_curvature__missing,fold_2019,2019,0.04235003183626382,0.5967078189300411,-0.3668042365802609,-1.4032557132419234,-0.017836757378348538,49,-1,train_rank_ic
curve_curvature__missing,fold_2020,2020,-0.027754900490253948,0.42727272727272725,-1.3129029771226415,-2.150616133572878,-0.0789892214745369,49,-1,train_rank_ic
curve_curvature__missing,fold_2021,2021,-0.0006448476377416338,0.475,1.3181080276309138,0.4724982314421597,0.07856181999311797,49,-1,train_rank_ic
curve_curvature__missing,fold_2022,2022,-0.016945774761692532,0.43386243386243384,-0.3752419546657241,-1.225429319982439,-0.02224473720343663,49,-1,train_rank_ic
curve_curvature__missing,fold_2023,2023,-0.01129833788809397,0.4690265486725664,-0.2727919004518191,-1.343509217070212,-0.0128406551097854,49,-1,train_rank_ic
curve_curvature__missing,fold_2024,2024,0.05901014492055264,0.6217616580310881,0.939698908971783,0.0011233306827009846,0.050460321052153645,48,-1,train_rank_ic
factor_momentum__missing,fold_2019,2019,,,-0.7070601155372856,-1.7333557918463074,-0.03472277107435569,49,1,train_rank_ic
factor_momentum__missing,fold_2020,2020,,,-0.559844200785543,-1.3344799000352305,-0.03642505470238662,49,1,train_rank_ic
factor_momentum__missing,fold_2021,2021,,,1.5642098577166086,0.7723664738550851,0.09956031512754779,49,1,train_rank_ic
factor_momentum__missing,fold_2022,2022,,,-0.23159866448807973,-1.1205232092888318,-0.013131117549257876,49,1,train_rank_ic
factor_momentum__missing,fold_2023,2023,,,-0.45791734762583247,-1.5213253591354663,-0.021702896790836226,49,1,train_rank_ic
factor_momentum__missing,fold_2024,2024,,,-0.36302699532375693,-1.3978290196508638,-0.01768121837238859,48,1,train_rank_ic
factor_momentum__tsz,fold_2019,2019,,,-0.7070601155372856,-1.7333557918463074,-0.03472277107435569,49,1,train_rank_ic
factor_momentum__tsz,fold_2020,2020,,,-0.559844200785543,-1.3344799000352305,-0.03642505470238662,49,1,train_rank_ic
factor_momentum__tsz,fold_2021,2021,,,1.5642098577166086,0.7723664738550851,0.09956031512754779,49,1,train_rank_ic
factor_momentum__tsz,fold_2022,2022,,,-0.23159866448807973,-1.1205232092888318,-0.013131117549257876,49,1,train_rank_ic
factor_momentum__tsz,fold_2023,2023,,,-0.45791734762583247,-1.5213253591354663,-0.021702896790836226,49,1,train_rank_ic
factor_momentum__tsz,fold_2024,2024,,,-0.36302699532375693,-1.3978290196508638,-0.01768121837238859,48,1,train_rank_ic
fundamental_composite_news__csz,fold_2019,2019,-0.032925998656997836,0.4669421487603306,-2.024128432858836,-3.1176016114636114,-0.09329545069066396,49,1,catalog
fundamental_composite_news__csz,fold_2020,2020,0.02501611805532134,0.5560165975103735,0.7550438191170427,0.014824726200375416,0.051409385204527605,49,1,catalog
fundamental_composite_news__csz,fold_2021,2021,-0.00628867324732715,0.46887966804979253,-0.6135848511140115,-1.2577004947298824,-0.04801106261376354,49,1,catalog
fundamental_composite_news__csz,fold_2022,2022,0.03727798009966416,0.5916666666666667,1.4015545394259226,0.49522079111613937,0.0779385617260745,49,1,catalog
fundamental_composite_news__csz,fold_2023,2023,-0.005362272698790717,0.4666666666666667,-0.2001313894238394,-1.1888755020824369,-0.010201448380653273,49,1,catalog
fundamental_composite_news__csz,fold_2024,2024,0.025307360950882152,0.5,-0.6351483522458548,-1.8257884548822731,-0.02688593881753898,48,1,catalog
fundamental_composite_news__missing,fold_2019,2019,0.04625950304006173,0.5661157024793388,1.0023147558588916,0.31054308475647735,0.07302505408292344,49,1,catalog
fundamental_composite_news__missing,fold_2020,2020,0.011503924245098027,0.48132780082987553,-0.3394766309405334,-0.9472806756460251,-0.02814989855438238,49,1,catalog
fundamental_composite_news__missing,fold_2021,2021,0.010819404974304564,0.5103734439834025,0.7529161257003294,0.20078544237938167,0.0687282447464316,49,1,catalog
fundamental_composite_news__missing,fold_2022,2022,0.027418243059297846,0.4875,0.48845157698275743,0.009907188854489497,0.05144341902371751,49,1,catalog
fundamental_composite_news__missing,fold_2023,2023,0.07233220389699853,0.5833333333333334,0.7518995614697039,-0.04452485523969106,0.047582340650287665,49,1,catalog
fundamental_composite_news__missing,fold_2024,2024,-0.06722982010265051,0.4166666666666667,-0.8333152051994304,-2.0007640966587914,-0.0359750963398069,48,1,catalog
fundamental_underreaction__csz,fold_2019,2019,-0.008782487763739782,0.4669421487603306,-0.6595358384461696,-1.6383911305342198,-0.03395865203607327,49,1,catalog
fundamental_underreaction__csz,fold_2020,2020,0.029550516771579004,0.5643153526970954,0.3014477091257689,-0.3135423474924351,0.024704406805345802,49,1,catalog
fundamental_underreaction__csz,fold_2021,2021,0.017197823525020025,0.5186721991701245,-0.9226259222207276,-1.4007833179924347,-0.09724903743228094,49,1,catalog
fundamental_underreaction__csz,fold_2022,2022,0.03007004528457807,0.5833333333333334,1.3211732633157298,0.7082310213710946,0.10863524801269508,49,1,catalog
fundamental_underreaction__csz,fold_2023,2023,-0.006628702308271831,0.45,-0.9251049193904339,-1.946898656852551,-0.04563082178706983,49,1,catalog
fundamental_underreaction__csz,fold_2024,2024,0.02476306902525262,0.5416666666666666,-0.10151948139462869,-1.1737559502800854,-0.00477187822906989,48,1,catalog
fundamental_underreaction__missing,fold_2019,2019,0.04625950304006173,0.5661157024793388,1.0023147558588916,0.31054308475647735,0.07302505408292344,49,1,catalog
fundamental_underreaction__missing,fold_2020,2020,0.011503924245098027,0.48132780082987553,-0.3394766309405334,-0.9472806756460251,-0.02814989855438238,49,1,catalog
fundamental_underreaction__missing,fold_2021,2021,0.010819404974304564,0.5103734439834025,0.7529161257003294,0.20078544237938167,0.0687282447464316,49,1,catalog
fundamental_underreaction__missing,fold_2022,2022,0.027418243059297846,0.4875,0.48845157698275743,0.009907188854489497,0.05144341902371751,49,1,catalog
fundamental_underreaction__missing,fold_2023,2023,0.07233220389699853,0.5833333333333334,0.7518995614697039,-0.04452485523969106,0.047582340650287665,49,1,catalog
fundamental_underreaction__missing,fold_2024,2024,-0.06722982010265051,0.4166666666666667,-0.8333152051994304,-2.0007640966587914,-0.0359750963398069,48,1,catalog
idiosyncratic_volatility_60__csz,fold_2019,2019,0.051490228231499374,0.5942622950819673,1.1292258699710167,0.4853968679310743,0.08839767029166615,49,1,train_rank_ic
idiosyncratic_volatility_60__csz,fold_2020,2020,0.031185312384635504,0.5637860082304527,0.8090454986674721,0.26595696084238774,0.0750814835756551,49,1,train_rank_ic
idiosyncratic_volatility_60__csz,fold_2021,2021,0.04214921281533841,0.6090534979423868,0.39507780763719236,0.0037237207126028325,0.050879554271146134,49,1,train_rank_ic
idiosyncratic_volatility_60__csz,fold_2022,2022,0.0215828732810824,0.5371900826446281,-0.08803904819639433,-0.5167124674664074,-0.010350928771497703,49,1,train_rank_ic
idiosyncratic_volatility_60__csz,fold_2023,2023,-0.02395360703067081,0.45867768595041325,-0.4391347056774124,-1.0578512832756342,-0.03577145007501929,49,1,train_rank_ic
idiosyncratic_volatility_60__csz,fold_2024,2024,-0.03380127881604362,0.4364406779661017,-0.5826448228620735,-1.1231100946190173,-0.054333369055865215,48,1,train_rank_ic
idiosyncratic_volatility_60__missing,fold_2019,2019,-0.0834315026509712,0.3888888888888889,-0.664343325759789,-1.6971890253662358,-0.03241810817535633,49,1,train_rank_ic
idiosyncratic_volatility_60__missing,fold_2020,2020,0.029302682765216716,0.5365853658536586,-0.600840425812582,-1.3281985671128338,-0.04163335190944628,49,1,train_rank_ic
idiosyncratic_volatility_60__missing,fold_2021,2021,,,1.5642098577166086,0.7723664738550851,0.09956031512754779,49,1,train_rank_ic
idiosyncratic_volatility_60__missing,fold_2022,2022,,,-0.23159866448807973,-1.1205232092888318,-0.013131117549257876,49,1,train_rank_ic
idiosyncratic_volatility_60__missing,fold_2023,2023,,,-0.45791734762583247,-1.5213253591354663,-0.021702896790836226,49,1,train_rank_ic
idiosyncratic_volatility_60__missing,fold_2024,2024,,,-0.36302699532375693,-1.3978290196508638,-0.01768121837238859,48,1,train_rank_ic
information_consistency__csz,fold_2019,2019,0.004826586623014201,0.4896265560165975,0.07678483899202705,-0.6657948487494499,0.005211502481260245,49,1,catalog
information_consistency__csz,fold_2020,2020,0.07242586756438556,0.6317991631799164,0.6450359700827388,-0.10279357691738567,0.0434722230788838,49,1,catalog
information_consistency__csz,fold_2021,2021,0.029511538543542347,0.5767634854771784,0.2901620839820987,-0.2339683250275755,0.0279017755530148,49,1,catalog
information_consistency__csz,fold_2022,2022,0.028374446445530353,0.5666666666666667,0.41800658785371114,-0.1937137943975524,0.034439807204549824,49,1,catalog
information_consistency__csz,fold_2023,2023,-0.010684710927743809,0.4791666666666667,0.6748253791012435,-0.0475694987802594,0.047081174227652345,49,1,catalog
information_consistency__csz,fold_2024,2024,-0.011467460594062728,0.47413793103448276,-0.3529165614693134,-1.3559531447887603,-0.017733146521126033,48,1,catalog
information_consistency__missing,fold_2019,2019,0.04946850173804371,0.5726141078838174,0.912607807525438,0.15401176464193972,0.060632314036926545,49,1,catalog
information_consistency__missing,fold_2020,2020,-0.017661959584674734,0.5062761506276151,-0.35769444004032525,-0.9051589233463659,-0.032929624345977127,49,1,catalog
information_consistency__missing,fold_2021,2021,0.02510657890692565,0.5352697095435685,0.6096897289201624,0.0714024726406359,0.05708543529334323,49,1,catalog
information_consistency__missing,fold_2022,2022,0.04244004958898603,0.5541666666666667,0.7391047205982104,0.16410718514976586,0.06478441318726276,49,1,catalog
information_consistency__missing,fold_2023,2023,0.055803535773149046,0.5791666666666667,0.3839859833811505,-0.678366402016469,0.018217018974515265,49,1,catalog
information_consistency__missing,fold_2024,2024,-0.07697076550598787,0.3706896551724138,-2.191817106125589,-3.230643670471721,-0.10633881144371886,48,1,catalog
information_divergence__csz,fold_2019,2019,0.01869366902842866,0.5394190871369294,0.04525257665446421,-0.5750170411514438,0.003676997547377326,49,1,train_rank_ic
information_divergence__csz,fold_2020,2020,0.06653144096948096,0.6401673640167364,0.8025192454037824,0.007260449848335406,0.05086013533506477,49,1,train_rank_ic
information_divergence__csz,fold_2021,2021,0.03792506103558121,0.5518672199170125,-0.041730619494564546,-0.5702895975359471,-0.003979164690986264,49,1,train_rank_ic
information_divergence__csz,fold_2022,2022,0.02781968074047849,0.5375,1.1254079462659925,0.5377627393248268,0.09652177848441944,49,1,train_rank_ic
information_divergence__csz,fold_2023,2023,0.0009222842923583395,0.5,-0.2865423386259742,-1.0305191614566154,-0.01941153732693178,49,1,train_rank_ic
information_divergence__csz,fold_2024,2024,-0.01665664386991883,0.46120689655172414,-0.0020220698939937398,-1.0200618811690156,-0.00010010642170235617,48,1,train_rank_ic
information_divergence__missing,fold_2019,2019,0.04946850173804371,0.5726141078838174,0.912607807525438,0.15401176464193972,0.060632314036926545,49,1,train_rank_ic
information_divergence__missing,fold_2020,2020,-0.017661959584674734,0.5062761506276151,-0.35769444004032525,-0.9051589233463659,-0.032929624345977127,49,1,train_rank_ic
information_divergence__missing,fold_2021,2021,0.02510657890692565,0.5352697095435685,0.6096897289201624,0.0714024726406359,0.05708543529334323,49,1,train_rank_ic
information_divergence__missing,fold_2022,2022,0.04244004958898603,0.5541666666666667,0.7391047205982104,0.16410718514976586,0.06478441318726276,49,1,train_rank_ic
information_divergence__missing,fold_2023,2023,0.055803535773149046,0.5791666666666667,0.3839859833811505,-0.678366402016469,0.018217018974515265,49,1,train_rank_ic
information_divergence__missing,fold_2024,2024,-0.07697076550598787,0.3706896551724138,-2.191817106125589,-3.230643670471721,-0.10633881144371886,48,1,train_rank_ic
inventory_acceleration__csz,fold_2019,2019,0.026905966358579884,0.5245901639344263,0.4825870275292807,-0.33868344975815984,0.029615561328601166,49,1,catalog
inventory_acceleration__csz,fold_2020,2020,0.017210371639786268,0.55,0.11887115327201819,-0.5593901921721046,0.008833034884196095,49,1,catalog
inventory_acceleration__csz,fold_2021,2021,0.0029868402495368653,0.4897119341563786,-1.0298036900589147,-1.7290743278736216,-0.07422320225137546,49,1,catalog
inventory_acceleration__csz,fold_2022,2022,0.03555277593709947,0.5950413223140496,0.8184426393525405,0.21819946776941063,0.06872132991462986,49,1,catalog
inventory_acceleration__csz,fold_2023,2023,-0.0035949354684454778,0.5313807531380753,-0.41926475448513817,-1.2863782859176809,-0.024369292901173987,49,1,catalog
inventory_acceleration__csz,fold_2024,2024,0.02763697236260063,0.575107296137339,1.9187906229835499,0.5370046242484245,0.06998699327312312,48,1,catalog
inventory_acceleration__missing,fold_2019,2019,-0.02592427376261962,0.4139344262295082,-0.5960555310599193,-1.6433765527356143,-0.02868384969238423,49,1,catalog
inventory_acceleration__missing,fold_2020,2020,-0.013868003761222188,0.44166666666666665,-0.9056586631000102,-1.5744071784609555,-0.06825465114581128,49,1,catalog
inventory_acceleration__missing,fold_2021,2021,0.0016484891975086405,0.4732510288065844,0.9610538543788739,0.3393300848159616,0.07790777292421645,49,1,catalog
inventory_acceleration__missing,fold_2022,2022,0.002936824139367279,0.5247933884297521,0.32384661789473773,-0.3979551231695071,0.022612676879705716,49,1,catalog
inventory_acceleration__missing,fold_2023,2023,-0.00033997747613191416,0.5062761506276151,-1.6882419097169137,-3.1452025449562555,-0.058400611651223344,49,1,catalog
inventory_acceleration__missing,fold_2024,2024,-0.07845455473905176,0.3776824034334764,-1.7821646415847376,-2.574793119986628,-0.11332055355488795,48,1,catalog
inventory_change_5__csz,fold_2019,2019,-0.010701324731067007,0.47540983606557374,0.35389814134699943,-0.5138747303498364,0.02055430275091626,49,1,catalog
inventory_change_5__csz,fold_2020,2020,0.03413942810384158,0.5435684647302904,0.06230510057495369,-0.6694081196674675,0.004291540704891605,49,1,catalog
inventory_change_5__csz,fold_2021,2021,-0.003234482936471906,0.4773662551440329,-0.1498549758276824,-0.9224367201107704,-0.009775911529884338,49,1,catalog
inventory_change_5__csz,fold_2022,2022,0.025838043731519305,0.5661157024793388,1.308585745401058,0.5632453920246181,0.08848671787250385,49,1,catalog
inventory_change_5__csz,fold_2023,2023,0.020182661476146578,0.5375,-0.040839199578803664,-1.167144563431178,-0.001827475678293482,49,1,catalog
inventory_change_5__csz,fold_2024,2024,0.012380766501416944,0.5683760683760684,0.7484694829574492,-0.5019219169932398,0.03016884308588743,48,1,catalog
inventory_change_5__missing,fold_2019,2019,-0.02592427376261962,0.4139344262295082,-0.5960555310599193,-1.6433765527356143,-0.02868384969238423,49,1,catalog
inventory_change_5__missing,fold_2020,2020,-0.012793509262008762,0.44398340248962653,-0.8662723303896304,-1.5312816298837086,-0.06565340587695973,49,1,catalog
inventory_change_5__missing,fold_2021,2021,0.0016484891975086405,0.4732510288065844,0.9610538543788739,0.3393300848159616,0.07790777292421645,49,1,catalog
inventory_change_5__missing,fold_2022,2022,0.002936824139367279,0.5247933884297521,0.32384661789473773,-0.3979551231695071,0.022612676879705716,49,1,catalog
inventory_change_5__missing,fold_2023,2023,0.0013634194477215042,0.5083333333333333,-1.6882419097169137,-3.1452025449562555,-0.058400611651223344,49,1,catalog
inventory_change_5__missing,fold_2024,2024,-0.0787477023783273,0.37606837606837606,-1.7821646415847376,-2.574793119986628,-0.11332055355488795,48,1,catalog
inventory_price_divergence__csz,fold_2019,2019,-0.008133106643803003,0.48770491803278687,-0.8155418616891205,-1.6824422545362065,-0.047414109127508416,49,1,catalog
inventory_price_divergence__csz,fold_2020,2020,0.05976393886107154,0.6058091286307054,0.4859619977184886,-0.28944158259500175,0.031586757279492686,49,1,catalog
inventory_price_divergence__csz,fold_2021,2021,0.010464176177068886,0.5185185185185185,-0.435828898909975,-1.2593895944119062,-0.02667171542429593,49,1,catalog
inventory_price_divergence__csz,fold_2022,2022,0.02090790544371716,0.5743801652892562,1.1220821284772484,0.3420083927608678,0.07249691495294087,49,1,catalog
inventory_price_divergence__csz,fold_2023,2023,0.013145965870086167,0.5375,-1.0038985187232716,-2.031036057892889,-0.049259698350191054,49,1,catalog
inventory_price_divergence__csz,fold_2024,2024,0.03322489639587542,0.5512820512820513,2.767007191472474,1.7036917501360662,0.13115314329954486,48,1,catalog
inventory_price_divergence__missing,fold_2019,2019,-0.02592427376261962,0.4139344262295082,-0.5960555310599193,-1.6433765527356143,-0.02868384969238423,49,1,catalog
inventory_price_divergence__missing,fold_2020,2020,-0.012793509262008762,0.44398340248962653,-0.8662723303896304,-1.5312816298837086,-0.06565340587695973,49,1,catalog
inventory_price_divergence__missing,fold_2021,2021,0.0016484891975086405,0.4732510288065844,0.9610538543788739,0.3393300848159616,0.07790777292421645,49,1,catalog
inventory_price_divergence__missing,fold_2022,2022,0.002936824139367279,0.5247933884297521,0.32384661789473773,-0.3979551231695071,0.022612676879705716,49,1,catalog
inventory_price_divergence__missing,fold_2023,2023,0.0013634194477215042,0.5083333333333333,-1.6882419097169137,-3.1452025449562555,-0.058400611651223344,49,1,catalog
inventory_price_divergence__missing,fold_2024,2024,-0.0787477023783273,0.37606837606837606,-1.7821646415847376,-2.574793119986628,-0.11332055355488795,48,1,catalog
inventory_scarcity__csz,fold_2019,2019,0.014204275398434588,0.5020576131687243,1.584924545865618,0.5091131848990573,0.0742511187461889,49,1,catalog
inventory_scarcity__csz,fold_2020,2020,0.007886905161623188,0.5041666666666667,-0.5650322778079688,-1.4677129897544918,-0.03154784014395636,49,1,catalog
inventory_scarcity__csz,fold_2021,2021,0.014259428631124714,0.5390946502057613,0.03876336636268887,-0.7598625880956161,0.002446293729590425,49,1,catalog
inventory_scarcity__csz,fold_2022,2022,-0.025634626065265537,0.44214876033057854,-0.6858306553950521,-1.3752068112129623,-0.05014078995943798,49,1,catalog
inventory_scarcity__csz,fold_2023,2023,-0.017177635112685496,0.46473029045643155,-1.852707928598017,-3.079013121157621,-0.0761445683895704,49,1,catalog
inventory_scarcity__csz,fold_2024,2024,-0.02889938737142002,0.46808510638297873,-1.001812987946267,-2.0642932033577033,-0.047522178634582385,48,1,catalog
inventory_scarcity__missing,fold_2019,2019,-0.010049795749056822,0.448559670781893,-0.17325995640879907,-1.0854222624586112,-0.009573188614665919,49,1,catalog
inventory_scarcity__missing,fold_2020,2020,0.0029317745929461534,0.4666666666666667,-1.1031021425467098,-1.933789724928552,-0.06692810770680113,49,1,catalog
inventory_scarcity__missing,fold_2021,2021,-0.016696579370010557,0.4609053497942387,0.6576958002687082,-0.06947010773047108,0.045585014326029585,49,1,catalog
inventory_scarcity__missing,fold_2022,2022,0.0027682011722298073,0.5206611570247934,0.2908521182029651,-0.44827978473924773,0.01983265327755107,49,1,catalog
inventory_scarcity__missing,fold_2023,2023,0.0059127349130398245,0.5269709543568465,-1.580566524558677,-3.263033172279034,-0.04734747814804689,49,1,catalog
inventory_scarcity__missing,fold_2024,2024,-0.08589735435430272,0.34893617021276596,-2.110543699665909,-3.0833175841131424,-0.10934853840531093,48,1,catalog
inventory_surprise__csz,fold_2019,2019,-0.006044323602415849,0.4423076923076923,-0.8557549738211293,-1.8972975474123392,-0.04140978177384887,49,1,catalog
inventory_surprise__csz,fold_2020,2020,0.027713448117927142,0.5686274509803921,-0.6137315294731079,-1.482217372620305,-0.035616089000776126,49,1,catalog
inventory_surprise__csz,fold_2021,2021,-0.020795979681557778,0.46153846153846156,-0.19763356390552148,-1.0819864802698873,-0.011263299341836877,49,1,catalog
inventory_surprise__csz,fold_2022,2022,-0.01010910166749919,0.44,-0.10493180755222216,-0.9906893419586625,-0.005970666796727783,49,1,catalog
inventory_surprise__csz,fold_2023,2023,-0.002241269581538793,0.48,-0.590590854402726,-1.6712823620620583,-0.027543270999109675,49,1,catalog
inventory_surprise__csz,fold_2024,2024,0.007372864077134821,0.5294117647058824,-0.32209267966747107,-1.3919191630619199,-0.015173928956902819,48,1,catalog
inventory_surprise__missing,fold_2019,2019,-0.0013986943193800203,0.40384615384615385,-0.9441094678050391,-1.9854769956841696,-0.045692914272334455,49,1,catalog
inventory_surprise__missing,fold_2020,2020,0.01758337164516476,0.5098039215686274,-1.1740329973514407,-2.0192226447928503,-0.07000945083229325,49,1,catalog
inventory_surprise__missing,fold_2021,2021,-0.012728132623786597,0.46153846153846156,1.2599887269236125,0.5181749799944955,0.08560562823193145,49,1,catalog
inventory_surprise__missing,fold_2022,2022,0.003818559688782029,0.48,-0.18518750050038343,-1.0745432947361937,-0.010494618785543764,49,1,catalog
inventory_surprise__missing,fold_2023,2023,0.004374603430908535,0.52,-0.4438426222510697,-1.582917584530134,-0.019638451289190513,49,1,catalog
inventory_surprise__missing,fold_2024,2024,-0.09099859764486003,0.35294117647058826,-0.8245724499404526,-1.8983501941679721,-0.03870302928181488,48,1,catalog
low_volatility_20__csz,fold_2019,2019,-0.027392024845291966,0.47950819672131145,-0.6506995667978456,-1.1488644811901518,-0.06583213152740232,49,1,catalog
low_volatility_20__csz,fold_2020,2020,-0.0026267768263343204,0.5185185185185185,-0.02688930106788492,-0.420165270952903,-0.0034459791027090353,49,1,catalog
low_volatility_20__csz,fold_2021,2021,-0.037385597122266113,0.4567901234567901,-0.20759733019968865,-0.5028859160362341,-0.03543281367419994,49,1,catalog
low_volatility_20__csz,fold_2022,2022,-0.038975382635185775,0.4628099173553719,-0.5083203766653013,-0.870504754345538,-0.07073564892009189,49,1,catalog
low_volatility_20__csz,fold_2023,2023,-0.024079856082095136,0.4462809917355372,-0.9810707065560401,-1.5983052323974405,-0.08010887521727787,49,1,catalog
low_volatility_20__csz,fold_2024,2024,0.05631685043669996,0.5635593220338984,0.6467592548732454,0.28958783715140785,0.09126336775076895,48,1,catalog
low_volatility_20__missing,fold_2019,2019,-0.0834315026509712,0.3888888888888889,-0.664343325759789,-1.6971890253662358,-0.03241810817535633,49,1,catalog
low_volatility_20__missing,fold_2020,2020,0.06436251898326777,1.0,-0.5690743364553393,-1.3439666875746297,-0.037013330323780395,49,1,catalog
low_volatility_20__missing,fold_2021,2021,,,1.5642098577166086,0.7723664738550851,0.09956031512754779,49,1,catalog
low_volatility_20__missing,fold_2022,2022,,,-0.23159866448807973,-1.1205232092888318,-0.013131117549257876,49,1,catalog
low_volatility_20__missing,fold_2023,2023,,,-0.45791734762583247,-1.5213253591354663,-0.021702896790836226,49,1,catalog
low_volatility_20__missing,fold_2024,2024,,,-0.36302699532375693,-1.3978290196508638,-0.01768121837238859,48,1,catalog
momentum_carry_interaction__csz,fold_2019,2019,-0.0006759243688494964,0.5081967213114754,-0.94227478676238,-1.7368976942971202,-0.05976501407461338,49,-1,train_rank_ic
momentum_carry_interaction__csz,fold_2020,2020,0.0017227886607629724,0.5061728395061729,0.21411364748437958,-0.3284410148183609,0.019889844439658088,49,-1,train_rank_ic
momentum_carry_interaction__csz,fold_2021,2021,-0.050271434316906796,0.4156378600823045,-0.9039084353788971,-1.4353502671248286,-0.08572337069031483,49,-1,train_rank_ic
momentum_carry_interaction__csz,fold_2022,2022,0.026620184305647294,0.5371900826446281,0.26456955115925024,-0.4099154858254336,0.019769608882708265,49,1,train_rank_ic
momentum_carry_interaction__csz,fold_2023,2023,0.01041307076412946,0.5,0.817867551951518,0.1123616673586881,0.058426904039427276,49,1,train_rank_ic
momentum_carry_interaction__csz,fold_2024,2024,-0.027050664235109607,0.4025423728813559,-1.2168525199796576,-2.124286365673901,-0.0675854965053171,48,1,train_rank_ic
momentum_carry_interaction__missing,fold_2019,2019,0.04313620554647577,0.52,-0.8464826308715151,-1.8358909615506571,-0.043119431354130766,49,-1,train_rank_ic
momentum_carry_interaction__missing,fold_2020,2020,-0.026619606259202414,0.47619047619047616,-0.6522952788232851,-1.4374722631210854,-0.04187040974219966,49,-1,train_rank_ic
momentum_carry_interaction__missing,fold_2021,2021,,,1.5642098577166086,0.7723664738550851,0.09956031512754779,49,-1,train_rank_ic
momentum_carry_interaction__missing,fold_2022,2022,,,-0.23159866448807973,-1.1205232092888318,-0.013131117549257876,49,-1,train_rank_ic
momentum_carry_interaction__missing,fold_2023,2023,,,-0.45791734762583247,-1.5213253591354663,-0.021702896790836226,49,-1,train_rank_ic
momentum_carry_interaction__missing,fold_2024,2024,,,-0.36302699532375693,-1.3978290196508638,-0.01768121837238859,48,-1,train_rank_ic
momentum_quality_60__csz,fold_2019,2019,-0.013771058338111737,0.47540983606557374,0.501939412794523,-0.16592694055463578,0.03787845618810262,49,1,catalog
momentum_quality_60__csz,fold_2020,2020,0.034605085838860516,0.5596707818930041,0.2780827122324858,-0.13758089813932053,0.033718055530482224,49,1,catalog
momentum_quality_60__csz,fold_2021,2021,-0.04173582227641492,0.45267489711934156,-0.7048156093279606,-1.0807033036547682,-0.09450351061305233,49,1,catalog
momentum_quality_60__csz,fold_2022,2022,0.0055422309018410085,0.5371900826446281,-0.6314091777422484,-1.0991663361013693,-0.06803321336619107,49,1,catalog
momentum_quality_60__csz,fold_2023,2023,-0.01993713400859008,0.47107438016528924,0.4342947649100918,-0.22114328963539484,0.033395156109217936,49,1,catalog
momentum_quality_60__csz,fold_2024,2024,-0.006615285965467075,0.4703389830508475,-0.2071697454505208,-0.7600878994133283,-0.018884088170866245,48,1,catalog
momentum_quality_60__missing,fold_2019,2019,-0.0834315026509712,0.3888888888888889,-0.664343325759789,-1.6971890253662358,-0.03241810817535633,49,1,catalog
momentum_quality_60__missing,fold_2020,2020,0.026619606259202414,0.5238095238095238,-0.600840425812582,-1.3281985671128338,-0.04163335190944628,49,1,catalog
momentum_quality_60__missing,fold_2021,2021,,,1.5642098577166086,0.7723664738550851,0.09956031512754779,49,1,catalog
momentum_quality_60__missing,fold_2022,2022,,,-0.23159866448807973,-1.1205232092888318,-0.013131117549257876,49,1,catalog
momentum_quality_60__missing,fold_2023,2023,,,-0.45791734762583247,-1.5213253591354663,-0.021702896790836226,49,1,catalog
momentum_quality_60__missing,fold_2024,2024,,,-0.36302699532375693,-1.3978290196508638,-0.01768121837238859,48,1,catalog
multi_horizon_trend__csz,fold_2019,2019,-0.013639987104440792,0.5286885245901639,0.6317050780582073,-0.17376151825458033,0.03952732004018451,49,1,catalog
multi_horizon_trend__csz,fold_2020,2020,0.03316489370890605,0.5596707818930041,0.1234767674383764,-0.38694955093399486,0.012192218259314254,49,1,catalog
multi_horizon_trend__csz,fold_2021,2021,-0.03980031206364396,0.41975308641975306,0.5864325072105135,0.06041521712978451,0.05618864421523832,49,1,catalog
multi_horizon_trend__csz,fold_2022,2022,-0.022349171203037786,0.4834710743801653,-0.15288460745952057,-0.6662186548402061,-0.01501046785280846,49,1,catalog
multi_horizon_trend__csz,fold_2023,2023,-0.02846188341832665,0.4834710743801653,-1.6758454203345299,-2.4830132610827786,-0.10464070162478606,49,1,catalog
multi_horizon_trend__csz,fold_2024,2024,0.014524090417911311,0.4957627118644068,0.1503918110670785,-0.41052480826731225,0.013513144407764612,48,1,catalog
multi_horizon_trend__missing,fold_2019,2019,-0.0834315026509712,0.3888888888888889,-0.664343325759789,-1.6971890253662358,-0.03241810817535633,49,1,catalog
multi_horizon_trend__missing,fold_2020,2020,-0.05522269134896106,0.3627450980392157,-0.8437099227111362,-1.5199546920354026,-0.06288104845103959,49,1,catalog
multi_horizon_trend__missing,fold_2021,2021,,,1.5642098577166086,0.7723664738550851,0.09956031512754779,49,1,catalog
multi_horizon_trend__missing,fold_2022,2022,,,-0.23159866448807973,-1.1205232092888318,-0.013131117549257876,49,1,catalog
multi_horizon_trend__missing,fold_2023,2023,,,-0.45791734762583247,-1.5213253591354663,-0.021702896790836226,49,1,catalog
multi_horizon_trend__missing,fold_2024,2024,,,-0.36302699532375693,-1.3978290196508638,-0.01768121837238859,48,1,catalog
nonlinear_tightness__csz,fold_2019,2019,0.00961416342426517,0.4854771784232365,-0.09225122171837513,-0.7918031446136972,-0.006646342354921712,49,1,catalog
nonlinear_tightness__csz,fold_2020,2020,0.07304449098836864,0.6234309623430963,1.3466043809738029,0.6222284023209353,0.09369286503301277,49,1,catalog
nonlinear_tightness__csz,fold_2021,2021,0.0224664783132769,0.5477178423236515,0.29266668825376724,-0.1960939132072206,0.030179194157422748,49,1,catalog
nonlinear_tightness__csz,fold_2022,2022,0.031239726515582,0.5583333333333333,1.431535271566432,0.6985250408558719,0.09842888225039986,49,1,catalog
nonlinear_tightness__csz,fold_2023,2023,-0.006395197595700705,0.4625,0.6957296805816593,-0.06401120429500726,0.04615359867990771,49,1,catalog
nonlinear_tightness__csz,fold_2024,2024,-0.012538253635526046,0.46551724137931033,-0.5329637866798101,-1.537129242163633,-0.02674994912638196,48,1,catalog
nonlinear_tightness__missing,fold_2019,2019,0.04946850173804371,0.5726141078838174,0.912607807525438,0.15401176464193972,0.060632314036926545,49,1,catalog
nonlinear_tightness__missing,fold_2020,2020,-0.017661959584674734,0.5062761506276151,-0.35769444004032525,-0.9051589233463659,-0.032929624345977127,49,1,catalog
nonlinear_tightness__missing,fold_2021,2021,0.02510657890692565,0.5352697095435685,0.6096897289201624,0.0714024726406359,0.05708543529334323,49,1,catalog
nonlinear_tightness__missing,fold_2022,2022,0.04244004958898603,0.5541666666666667,0.7391047205982104,0.16410718514976586,0.06478441318726276,49,1,catalog
nonlinear_tightness__missing,fold_2023,2023,0.055803535773149046,0.5791666666666667,0.3839859833811505,-0.678366402016469,0.018217018974515265,49,1,catalog
nonlinear_tightness__missing,fold_2024,2024,-0.07697076550598787,0.3706896551724138,-2.191817106125589,-3.230643670471721,-0.10633881144371886,48,1,catalog
oi_growth_20__csz,fold_2019,2019,-0.014829851527935905,0.4672131147540984,-0.9619283691851654,-1.6828654600285524,-0.06724746225806845,49,-1,train_rank_ic
oi_growth_20__csz,fold_2020,2020,-0.015027396373964599,0.46502057613168724,-0.46486428145750086,-0.9149136542925137,-0.05205908773490758,49,-1,train_rank_ic
oi_growth_20__csz,fold_2021,2021,-0.04432481176348252,0.3991769547325103,-1.4541604540595292,-1.9976110509087424,-0.13485988847839162,49,-1,train_rank_ic
oi_growth_20__csz,fold_2022,2022,-0.013579937536379738,0.4628099173553719,-1.1536851890044713,-1.8318878785659454,-0.0857350382426563,49,1,train_rank_ic
oi_growth_20__csz,fold_2023,2023,-0.010093286427597182,0.44214876033057854,-0.19822331827027792,-1.0758029854293834,-0.011384100628907046,49,1,train_rank_ic
oi_growth_20__csz,fold_2024,2024,0.03641966200870176,0.5466101694915254,1.3974759093942832,0.741540911623117,0.10737769149808878,48,1,train_rank_ic
oi_growth_20__missing,fold_2019,2019,-0.0834315026509712,0.3888888888888889,-0.664343325759789,-1.6971890253662358,-0.03241810817535633,49,1,train_rank_ic
oi_growth_20__missing,fold_2020,2020,0.06436251898326777,1.0,-0.5690743364553393,-1.3439666875746297,-0.037013330323780395,49,1,train_rank_ic
oi_growth_20__missing,fold_2021,2021,,,1.5642098577166086,0.7723664738550851,0.09956031512754779,49,1,train_rank_ic
oi_growth_20__missing,fold_2022,2022,,,-0.23159866448807973,-1.1205232092888318,-0.013131117549257876,49,1,train_rank_ic
oi_growth_20__missing,fold_2023,2023,,,-0.45791734762583247,-1.5213253591354663,-0.021702896790836226,49,1,train_rank_ic
oi_growth_20__missing,fold_2024,2024,,,-0.36302699532375693,-1.3978290196508638,-0.01768121837238859,48,1,train_rank_ic
oi_surprise_60__csz,fold_2019,2019,0.020616196669401336,0.569672131147541,1.3872039772857208,0.5124356550410802,0.07992411096437446,49,-1,train_rank_ic
oi_surprise_60__csz,fold_2020,2020,-0.008458173203677274,0.48148148148148145,-0.34495000174849283,-1.0646265909518566,-0.024157351161538637,49,-1,train_rank_ic
oi_surprise_60__csz,fold_2021,2021,0.0036143212437526064,0.49794238683127573,0.8910893971795337,0.28165805917020026,0.07369313459420541,49,-1,train_rank_ic
oi_surprise_60__csz,fold_2022,2022,-0.007215244748559751,0.5289256198347108,-0.23788143934838824,-0.7970535931813625,-0.021441025739525596,49,-1,train_rank_ic
oi_surprise_60__csz,fold_2023,2023,-0.004613964599786744,0.4793388429752066,0.1649782904160445,-0.5840948628436352,0.011100258767498683,49,-1,train_rank_ic
oi_surprise_60__csz,fold_2024,2024,-0.00794438710321984,0.4957627118644068,0.6415581101177594,-0.11018974940329931,0.04301246533716177,48,-1,train_rank_ic
oi_surprise_60__missing,fold_2019,2019,-0.0834315026509712,0.3888888888888889,-0.664343325759789,-1.6971890253662358,-0.03241810817535633,49,1,train_rank_ic
oi_surprise_60__missing,fold_2020,2020,0.09654377847490166,1.0,-0.5690743364553393,-1.3439666875746297,-0.037013330323780395,49,1,train_rank_ic
oi_surprise_60__missing,fold_2021,2021,,,1.5642098577166086,0.7723664738550851,0.09956031512754779,49,1,train_rank_ic
oi_surprise_60__missing,fold_2022,2022,,,-0.23159866448807973,-1.1205232092888318,-0.013131117549257876,49,1,train_rank_ic
oi_surprise_60__missing,fold_2023,2023,,,-0.45791734762583247,-1.5213253591354663,-0.021702896790836226,49,1,train_rank_ic
oi_surprise_60__missing,fold_2024,2024,,,-0.36302699532375693,-1.3978290196508638,-0.01768121837238859,48,1,train_rank_ic
price_oi_interaction_20__csz,fold_2019,2019,0.004552012604621508,0.5368852459016393,-0.32374474981765217,-1.087689611477624,-0.02135852495343071,49,1,catalog
price_oi_interaction_20__csz,fold_2020,2020,0.032675847310687116,0.551440329218107,0.033327427351472434,-0.5659758330380205,0.002802758552360546,49,1,catalog
price_oi_interaction_20__csz,fold_2021,2021,-0.00398071402526891,0.49794238683127573,0.6360491108721517,0.19327003487845174,0.07239925490158566,49,1,catalog
price_oi_interaction_20__csz,fold_2022,2022,-0.0330745622945878,0.4256198347107438,-1.1451628994494796,-1.7916356740654138,-0.08927864002709571,49,1,catalog
price_oi_interaction_20__csz,fold_2023,2023,0.028177726697222905,0.5537190082644629,0.5682367629778042,-0.056440866160144536,0.045846259763781136,49,1,catalog
price_oi_interaction_20__csz,fold_2024,2024,0.005840572045777759,0.5,-0.3380985492022382,-0.7603076010340886,-0.04035954891506979,48,1,catalog
price_oi_interaction_20__missing,fold_2019,2019,-0.0834315026509712,0.3888888888888889,-0.664343325759789,-1.6971890253662358,-0.03241810817535633,49,1,catalog
price_oi_interaction_20__missing,fold_2020,2020,0.06436251898326777,1.0,-0.5690743364553393,-1.3439666875746297,-0.037013330323780395,49,1,catalog
price_oi_interaction_20__missing,fold_2021,2021,,,1.5642098577166086,0.7723664738550851,0.09956031512754779,49,1,catalog
price_oi_interaction_20__missing,fold_2022,2022,,,-0.23159866448807973,-1.1205232092888318,-0.013131117549257876,49,1,catalog
price_oi_interaction_20__missing,fold_2023,2023,,,-0.45791734762583247,-1.5213253591354663,-0.021702896790836226,49,1,catalog
price_oi_interaction_20__missing,fold_2024,2024,,,-0.36302699532375693,-1.3978290196508638,-0.01768121837238859,48,1,catalog
realized_skewness_60__csz,fold_2019,2019,0.03293396568092239,0.5819672131147541,0.5404048078822886,-0.42962384296944406,0.02807793593864723,49,-1,catalog
realized_skewness_60__csz,fold_2020,2020,0.009681473453729928,0.5432098765432098,-0.25703669897946163,-0.8936543576250927,-0.02034918361536683,49,-1,catalog
realized_skewness_60__csz,fold_2021,2021,0.03842761355123946,0.5843621399176955,-0.32952762431630167,-0.8803720402618465,-0.030150423213482214,49,-1,catalog
realized_skewness_60__csz,fold_2022,2022,0.016183152318097156,0.5619834710743802,1.7620689473682833,1.2241595291736742,0.16509894034841333,49,-1,catalog
realized_skewness_60__csz,fold_2023,2023,-0.006958317561179871,0.5206611570247934,-0.8836659155365981,-1.575145547546684,-0.06440791612846081,49,-1,catalog
realized_skewness_60__csz,fold_2024,2024,-0.004627243546155891,0.4533898305084746,-0.08889292323245891,-0.7080214684618623,-0.007236305554698496,48,-1,catalog
realized_skewness_60__missing,fold_2019,2019,0.0834315026509712,0.6111111111111112,-0.5932134763754519,-1.6268732770759167,-0.02892437065760154,49,-1,catalog
realized_skewness_60__missing,fold_2020,2020,-0.026619606259202414,0.47619047619047616,-0.6522952788232851,-1.4374722631210854,-0.04187040974219966,49,-1,catalog
realized_skewness_60__missing,fold_2021,2021,,,1.5642098577166086,0.7723664738550851,0.09956031512754779,49,-1,catalog
realized_skewness_60__missing,fold_2022,2022,,,-0.23159866448807973,-1.1205232092888318,-0.013131117549257876,49,-1,catalog
realized_skewness_60__missing,fold_2023,2023,,,-0.45791734762583247,-1.5213253591354663,-0.021702896790836226,49,-1,catalog
realized_skewness_60__missing,fold_2024,2024,,,-0.36302699532375693,-1.3978290196508638,-0.01768121837238859,48,-1,catalog
realized_volatility_20__csz,fold_2019,2019,0.027392024845291966,0.5204918032786885,0.6506995667978456,0.15253465240553915,0.0658321315274023,49,1,train_rank_ic
realized_volatility_20__csz,fold_2020,2020,0.0026339972350854835,0.48148148148148145,0.02688930106788496,-0.3663866688171334,0.00344597910270904,49,1,train_rank_ic
realized_volatility_20__csz,fold_2021,2021,0.03735365931608274,0.5432098765432098,0.20759733019968873,-0.08769125563685656,0.03543281367419995,49,1,train_rank_ic
realized_volatility_20__csz,fold_2022,2022,0.038975382635185775,0.5371900826446281,0.5083203766653015,0.14613599898506463,0.07073564892009193,49,1,train_rank_ic
realized_volatility_20__csz,fold_2023,2023,0.024082741401478876,0.5537190082644629,0.9810707065560403,0.36383618071463947,0.08010887521727789,49,1,train_rank_ic
realized_volatility_20__csz,fold_2024,2024,-0.05629851323807756,0.4364406779661017,-0.6467592548732456,-1.0039306725950832,-0.09126336775076899,48,1,train_rank_ic
realized_volatility_20__missing,fold_2019,2019,-0.0834315026509712,0.3888888888888889,-0.664343325759789,-1.6971890253662358,-0.03241810817535633,49,1,train_rank_ic
realized_volatility_20__missing,fold_2020,2020,-0.06436251898326777,0.0,-0.5376791043200572,-1.3114557137746583,-0.035021770529910096,49,-1,train_rank_ic
realized_volatility_20__missing,fold_2021,2021,,,1.5642098577166086,0.7723664738550851,0.09956031512754779,49,-1,train_rank_ic
realized_volatility_20__missing,fold_2022,2022,,,-0.23159866448807973,-1.1205232092888318,-0.013131117549257876,49,-1,train_rank_ic
realized_volatility_20__missing,fold_2023,2023,,,-0.45791734762583247,-1.5213253591354663,-0.021702896790836226,49,-1,train_rank_ic
realized_volatility_20__missing,fold_2024,2024,,,-0.36302699532375693,-1.3978290196508638,-0.01768121837238859,48,-1,train_rank_ic
seasonality_3y__csz,fold_2019,2019,-0.06561404272863888,0.3729508196721312,-0.9119593844761335,-1.7062820544319948,-0.05786408309377746,49,1,catalog
seasonality_3y__csz,fold_2020,2020,0.011257224598670627,0.5390946502057613,0.42025472080934956,-0.1649434674035459,0.036194298539225185,49,1,catalog
seasonality_3y__csz,fold_2021,2021,0.016924877777427412,0.5267489711934157,1.9882396468575003,1.3755945233445097,0.16356496502741402,49,1,catalog
seasonality_3y__csz,fold_2022,2022,-0.026828182512858036,0.4793388429752066,-0.8406103177635292,-1.372790513044136,-0.07960980207642421,49,1,catalog
seasonality_3y__csz,fold_2023,2023,-0.0025664567437530903,0.5,-0.2016458978078323,-0.8684538352494225,-0.015241200170033947,49,1,catalog
seasonality_3y__csz,fold_2024,2024,-0.015860815255897835,0.5,-0.0877313533758971,-0.5495903370924061,-0.009573615250622142,48,1,catalog
seasonality_3y__missing,fold_2019,2019,0.006596734289481011,0.5409836065573771,-0.8754695791397338,-1.79371104358722,-0.0480523571381,49,1,catalog
seasonality_3y__missing,fold_2020,2020,-0.09237394336026258,0.32510288065843623,-1.3164741792285704,-1.9637498018403248,-0.10250702531542405,49,1,catalog
seasonality_3y__missing,fold_2021,2021,0.012113168614007972,0.5020576131687243,0.8539168665343442,0.158316569472732,0.06187089087674577,49,1,catalog
seasonality_3y__missing,fold_2022,2022,0.03163887446260229,0.5289256198347108,0.5112315112399416,-0.3257773474850289,0.030783507125292483,49,1,catalog
seasonality_3y__missing,fold_2023,2023,0.15661546285928493,1.0,-0.5076476719469598,-1.5852944953802675,-0.02374195525822954,49,1,catalog
seasonality_3y__missing,fold_2024,2024,,,-0.36302699532375693,-1.3978290196508638,-0.01768121837238859,48,1,catalog
sector_relative_value_60__csz,fold_2019,2019,-0.001218595408673472,0.5163934426229508,0.4289172533011883,-0.40324896571559576,0.025977297650848153,49,1,catalog
sector_relative_value_60__csz,fold_2020,2020,0.024090786088773616,0.5761316872427984,0.44644319259981485,-0.16498699233980282,0.03680017352962833,49,1,catalog
sector_relative_value_60__csz,fold_2021,2021,0.000981764567524254,0.5308641975308642,-0.2547674512636821,-0.6738307211837634,-0.03064043180433904,49,1,catalog
sector_relative_value_60__csz,fold_2022,2022,0.015781066269396272,0.5041322314049587,0.6507255259329121,0.11485575910995731,0.06120249459390456,49,1,catalog
sector_relative_value_60__csz,fold_2023,2023,0.0009758287916034986,0.49586776859504134,1.2872001493872696,0.6251000621384727,0.09798350548282049,49,1,catalog
sector_relative_value_60__csz,fold_2024,2024,0.025166766919910537,0.5211864406779662,-0.11354246898736314,-0.5374570626017895,-0.013499276795759638,48,1,catalog
sector_relative_value_60__missing,fold_2019,2019,-0.0834315026509712,0.3888888888888889,-0.664343325759789,-1.6971890253662358,-0.03241810817535633,49,1,catalog
sector_relative_value_60__missing,fold_2020,2020,0.026619606259202414,0.5238095238095238,-0.600840425812582,-1.3281985671128338,-0.04163335190944628,49,1,catalog
sector_relative_value_60__missing,fold_2021,2021,,,1.5642098577166086,0.7723664738550851,0.09956031512754779,49,1,catalog
sector_relative_value_60__missing,fold_2022,2022,,,-0.23159866448807973,-1.1205232092888318,-0.013131117549257876,49,1,catalog
sector_relative_value_60__missing,fold_2023,2023,,,-0.45791734762583247,-1.5213253591354663,-0.021702896790836226,49,1,catalog
sector_relative_value_60__missing,fold_2024,2024,,,-0.36302699532375693,-1.3978290196508638,-0.01768121837238859,48,1,catalog
short_reversal_5__csz,fold_2019,2019,0.0018854324653008053,0.5040983606557377,0.060924229764480656,-0.5996978455661134,0.004648014795135658,49,1,catalog
short_reversal_5__csz,fold_2020,2020,0.0290086058586529,0.5267489711934157,0.9354087475865542,0.4075814990781236,0.08931824003324329,49,1,catalog
short_reversal_5__csz,fold_2021,2021,0.016097152904992505,0.5308641975308642,-1.0218597893550125,-1.463589919151429,-0.11659094526159823,49,1,catalog
short_reversal_5__csz,fold_2022,2022,0.03047730403039892,0.5454545454545454,0.907507598179365,0.5444644346943237,0.12598607424300012,49,1,catalog
short_reversal_5__csz,fold_2023,2023,-0.006299097762103198,0.5,-0.1644446377225421,-0.8504389376645308,-0.012081747241802157,49,1,catalog
short_reversal_5__csz,fold_2024,2024,0.0384867464116225,0.5508474576271186,1.51380602452239,1.1185591530084573,0.1930333397546931,48,1,catalog
term_structure_acceleration__csz,fold_2019,2019,0.055860377539424313,0.6229508196721312,1.699584043373205,0.9066792164185222,0.10803192624643368,49,1,catalog
term_structure_acceleration__csz,fold_2020,2020,0.015485333690515557,0.5390946502057613,0.09785022967633582,-0.36564163012234047,0.010640211842834639,49,1,catalog
term_structure_acceleration__csz,fold_2021,2021,0.021883672782582866,0.5473251028806584,0.7973243529864265,0.21729826112289546,0.06928162017920168,49,1,catalog
term_structure_acceleration__csz,fold_2022,2022,-0.02358320091542707,0.43388429752066116,-0.9954000030943374,-1.5542343810376715,-0.08977285960929503,49,1,catalog
term_structure_acceleration__csz,fold_2023,2023,0.01580365965024886,0.5495867768595041,-0.7658767699638749,-1.4422554480241745,-0.05706890305424153,49,1,catalog
term_structure_acceleration__csz,fold_2024,2024,0.009426728705221233,0.5127118644067796,0.3299019660451826,-0.3902845440420339,0.02308715708471632,48,1,catalog
term_structure_acceleration__missing,fold_2019,2019,-0.007846852098337659,0.5,1.4004572623395761,0.19521938857158586,0.05856358114705408,49,1,catalog
term_structure_acceleration__missing,fold_2020,2020,0.005259451066492543,0.5217391304347826,-0.27297197420332936,-0.8947924648825676,-0.02212501470451647,49,1,catalog
term_structure_acceleration__missing,fold_2021,2021,-0.00836170430089467,0.4945054945054945,1.1491073365232045,0.4182517227402988,0.07924275146632813,49,1,catalog
term_structure_acceleration__missing,fold_2022,2022,0.0033941858910659815,0.5104602510460251,0.3164549567003995,-0.24036372690710472,0.028643668553590886,49,1,catalog
term_structure_acceleration__missing,fold_2023,2023,-0.009363901832440668,0.4642857142857143,-0.7004641395254632,-1.5187068064210143,-0.04314538224464139,49,1,catalog
term_structure_acceleration__missing,fold_2024,2024,-0.05336784396134508,0.38288288288288286,-0.8694160355126925,-1.4923391805599895,-0.07034345815889163,48,1,catalog
term_structure_momentum__csz,fold_2019,2019,0.017126014132095364,0.5409836065573771,-0.6717088281893411,-1.3195049949098192,-0.05226045889115416,49,1,catalog
term_structure_momentum__csz,fold_2020,2020,0.025652760534494258,0.551440329218107,0.7415729310357957,0.25807587368600315,0.07730197145163686,49,1,catalog
term_structure_momentum__csz,fold_2021,2021,0.016148668235332946,0.5720164609053497,-0.030975152724516886,-0.48423045680761656,-0.003444301000456536,49,1,catalog
term_structure_momentum__csz,fold_2022,2022,-0.021456677374525137,0.47520661157024796,-1.4238921753951064,-2.0319619919111918,-0.11801961500257253,49,1,catalog
term_structure_momentum__csz,fold_2023,2023,0.023497012818394086,0.5661157024793388,0.127096530001485,-0.53400212468733,0.009689423910702176,49,1,catalog
term_structure_momentum__csz,fold_2024,2024,0.01555759089398164,0.5338983050847458,1.3209670380596545,0.6198036717198863,0.09495182137902078,48,1,catalog
term_structure_momentum__missing,fold_2019,2019,-0.008975516273462282,0.47950819672131145,0.4007134481809831,-0.6220317332019057,0.01974681294612789,49,1,catalog
term_structure_momentum__missing,fold_2020,2020,0.023339509498552322,0.5531914893617021,0.13680004867602874,-0.5001728771538579,0.010824200171913101,49,1,catalog
term_structure_momentum__missing,fold_2021,2021,0.004265194904848957,0.50625,1.3180138259648286,0.5704965085275598,0.08886469286940894,49,1,catalog
term_structure_momentum__missing,fold_2022,2022,0.014421470779409236,0.5426008968609866,0.17273493279487612,-0.3988730447996741,0.015230439311742665,49,1,catalog
term_structure_momentum__missing,fold_2023,2023,-0.01761385186701761,0.44171779141104295,-0.7601362506530601,-1.6488114121644772,-0.04311009094454367,49,1,catalog
term_structure_momentum__missing,fold_2024,2024,-0.054447214679647214,0.38461538461538464,-0.8879030949673444,-1.503729220560332,-0.07266712814962738,48,1,catalog
term_structure_slope__csz,fold_2019,2019,0.017354654336340213,0.5245901639344263,0.7573422424103217,0.11981019676403235,0.05987157708878124,49,1,catalog
term_structure_slope__csz,fold_2020,2020,0.08789128669496246,0.6296296296296297,1.481640175816438,1.0778748561272147,0.18494571281809277,49,1,catalog
term_structure_slope__csz,fold_2021,2021,-0.005361586617007075,0.51440329218107,-1.3041620822922035,-1.6804122513033455,-0.17469698185193533,49,1,catalog
term_structure_slope__csz,fold_2022,2022,0.026550758330707757,0.5743801652892562,0.6876287838214893,0.17503451600264844,0.06760998489521003,49,1,catalog
term_structure_slope__csz,fold_2023,2023,-0.01975588457782387,0.4834710743801653,-0.5624493768848426,-1.2143560752884632,-0.043483904467330824,49,1,catalog
term_structure_slope__csz,fold_2024,2024,0.015279330269914002,0.5508474576271186,-0.37309386062295957,-1.0088617620493237,-0.02957672215475174,48,1,catalog
term_structure_slope__missing,fold_2019,2019,-0.04235003183626382,0.3868312757201646,-0.521145759732461,-1.5952664133144931,-0.0244532550444158,49,1,catalog
term_structure_slope__missing,fold_2020,2020,0.027754900490253948,0.5636363636363636,-0.016168030870417235,-0.6424629055120457,-0.0013010944027528626,49,1,catalog
term_structure_slope__missing,fold_2021,2021,0.0006448476377416338,0.525,1.5989111390772386,0.8268046098263969,0.10437047007966994,49,1,catalog
term_structure_slope__missing,fold_2022,2022,0.016945774761692532,0.5555555555555556,0.4077534323007415,-0.19232045240958778,0.03424707108838398,49,1,catalog
term_structure_slope__missing,fold_2023,2023,0.01129833788809397,0.5132743362831859,-0.6859981219408218,-1.631889212435368,-0.036552099595039765,49,1,catalog
term_structure_slope__missing,fold_2024,2024,-0.05901014492055264,0.36787564766839376,-1.2241810372440511,-1.872405817409819,-0.09518106398419726,48,1,catalog
tightness_composite__csz,fold_2019,2019,0.008748080712685239,0.4854771784232365,-0.09225122171837513,-0.7918031446136972,-0.006646342354921712,49,1,catalog
tightness_composite__csz,fold_2020,2020,0.07321355094491049,0.6234309623430963,1.2619560731802462,0.5392673743619564,0.08800827547502084,49,1,catalog
tightness_composite__csz,fold_2021,2021,0.022781179075801725,0.5477178423236515,0.2926666882537672,-0.1960939132072207,0.03017919415742274,49,1,catalog
tightness_composite__csz,fold_2022,2022,0.031553037560618065,0.5666666666666667,1.431535271566432,0.6985250408558716,0.09842888225039986,49,1,catalog
tightness_composite__csz,fold_2023,2023,-0.00792977165458086,0.4583333333333333,0.6801999761724751,-0.07862781862149988,0.04517767935530153,49,1,catalog
tightness_composite__csz,fold_2024,2024,-0.012950686875719946,0.46551724137931033,-0.5329637866798101,-1.537129242163633,-0.02674994912638196,48,1,catalog
tightness_composite__missing,fold_2019,2019,0.04946850173804371,0.5726141078838174,0.912607807525438,0.15401176464193972,0.060632314036926545,49,1,catalog
tightness_composite__missing,fold_2020,2020,-0.017661959584674734,0.5062761506276151,-0.35769444004032525,-0.9051589233463659,-0.032929624345977127,49,1,catalog
tightness_composite__missing,fold_2021,2021,0.02510657890692565,0.5352697095435685,0.6096897289201624,0.0714024726406359,0.05708543529334323,49,1,catalog
tightness_composite__missing,fold_2022,2022,0.04244004958898603,0.5541666666666667,0.7391047205982104,0.16410718514976586,0.06478441318726276,49,1,catalog
tightness_composite__missing,fold_2023,2023,0.055803535773149046,0.5791666666666667,0.3839859833811505,-0.678366402016469,0.018217018974515265,49,1,catalog
tightness_composite__missing,fold_2024,2024,-0.07697076550598787,0.3706896551724138,-2.191817106125589,-3.230643670471721,-0.10633881144371886,48,1,catalog
trend_efficiency_60__csz,fold_2019,2019,-0.013905057658598653,0.48770491803278687,-2.0269477752665086,-2.7739507078184893,-0.1367573853082878,49,-1,train_rank_ic
trend_efficiency_60__csz,fold_2020,2020,0.028186832693865516,0.551440329218107,0.5735252043967369,0.11896803532958766,0.06359083580381387,49,-1,train_rank_ic
trend_efficiency_60__csz,fold_2021,2021,0.018032820066056124,0.5061728395061729,0.20275623856642316,-0.2476980391552758,0.022685797269886763,49,-1,train_rank_ic
trend_efficiency_60__csz,fold_2022,2022,-0.017095159326837132,0.44214876033057854,0.2534834470564147,-0.31249221339441846,0.022572641589334082,49,-1,train_rank_ic
trend_efficiency_60__csz,fold_2023,2023,-0.03381661636741616,0.4628099173553719,-1.3223458554121665,-2.0810290182199767,-0.08784461601351772,49,-1,train_rank_ic
trend_efficiency_60__csz,fold_2024,2024,-0.011712398659586086,0.4915254237288136,-1.0234916640274836,-1.7207528195520374,-0.07398085990919465,48,-1,train_rank_ic
trend_efficiency_60__missing,fold_2019,2019,0.0834315026509712,0.6111111111111112,-0.5932134763754519,-1.6268732770759167,-0.02892437065760154,49,-1,train_rank_ic
trend_efficiency_60__missing,fold_2020,2020,-0.026619606259202414,0.47619047619047616,-0.6522952788232851,-1.4374722631210854,-0.04187040974219966,49,-1,train_rank_ic
trend_efficiency_60__missing,fold_2021,2021,,,1.5642098577166086,0.7723664738550851,0.09956031512754779,49,-1,train_rank_ic
trend_efficiency_60__missing,fold_2022,2022,,,-0.23159866448807973,-1.1205232092888318,-0.013131117549257876,49,-1,train_rank_ic
trend_efficiency_60__missing,fold_2023,2023,,,-0.45791734762583247,-1.5213253591354663,-0.021702896790836226,49,-1,train_rank_ic
trend_efficiency_60__missing,fold_2024,2024,,,-0.36302699532375693,-1.3978290196508638,-0.01768121837238859,48,-1,train_rank_ic
tsmom_60__csz,fold_2019,2019,-0.014582239633397224,0.47540983606557374,0.2803748978640375,-0.4005156915756857,0.020753547003748762,49,1,catalog
tsmom_60__csz,fold_2020,2020,0.03624961169220416,0.5596707818930041,0.25139479923927444,-0.17104853820141744,0.02999289314969551,49,1,catalog
tsmom_60__csz,fold_2021,2021,-0.04170717120107917,0.448559670781893,-0.7015441756478465,-1.0830245972930275,-0.09268582198836446,49,1,catalog
tsmom_60__csz,fold_2022,2022,0.004436578920357216,0.5247933884297521,-0.676644059106377,-1.1462689099659211,-0.07261724015784875,49,1,catalog
tsmom_60__csz,fold_2023,2023,-0.0184255544155415,0.47520661157024796,0.3484013027352987,-0.2996414327374796,0.027096092119678825,49,1,catalog
tsmom_60__csz,fold_2024,2024,-0.006756366370466984,0.4661016949152542,-0.30968610438521604,-0.8630565458458851,-0.028205662051293795,48,1,catalog
tsmom_60__missing,fold_2019,2019,-0.0834315026509712,0.3888888888888889,-0.664343325759789,-1.6971890253662358,-0.03241810817535633,49,1,catalog
tsmom_60__missing,fold_2020,2020,0.026619606259202414,0.5238095238095238,-0.600840425812582,-1.3281985671128338,-0.04163335190944628,49,1,catalog
tsmom_60__missing,fold_2021,2021,,,1.5642098577166086,0.7723664738550851,0.09956031512754779,49,1,catalog
tsmom_60__missing,fold_2022,2022,,,-0.23159866448807973,-1.1205232092888318,-0.013131117549257876,49,1,catalog
tsmom_60__missing,fold_2023,2023,,,-0.45791734762583247,-1.5213253591354663,-0.021702896790836226,49,1,catalog
tsmom_60__missing,fold_2024,2024,,,-0.36302699532375693,-1.3978290196508638,-0.01768121837238859,48,1,catalog
turnover_oi__csz,fold_2019,2019,0.021864293650483146,0.5122950819672131,-0.031800832410585865,-0.7086701913658272,-0.002367904429840666,49,1,train_rank_ic
turnover_oi__csz,fold_2020,2020,-0.04564918081032301,0.39094650205761317,-1.0095336522448595,-1.7033615462067895,-0.07333302179968679,49,1,train_rank_ic
turnover_oi__csz,fold_2021,2021,-0.019972185644896976,0.5061728395061729,-0.9885529869456904,-1.601998241091973,-0.0812184464796299,49,-1,train_rank_ic
turnover_oi__csz,fold_2022,2022,0.01566645641542525,0.5206611570247934,0.3195769541114363,-0.2103802895308238,0.03039241123778084,49,1,train_rank_ic
turnover_oi__csz,fold_2023,2023,-0.017611402277450068,0.512396694214876,-1.1357014033622372,-1.8493871168871592,-0.0802024611740501,49,1,train_rank_ic
turnover_oi__csz,fold_2024,2024,0.04981392993868116,0.6016949152542372,-0.07155644141000225,-0.8105055697703621,-0.004880504636450936,48,1,train_rank_ic
value_252__csz,fold_2019,2019,-0.0014327841852329567,0.47950819672131145,-0.6560599676367433,-1.331929465085415,-0.048922791298778794,49,1,catalog
value_252__csz,fold_2020,2020,0.017729366775976193,0.48148148148148145,-0.062463591530375374,-0.45291721402409346,-0.008062839814430381,49,1,catalog
value_252__csz,fold_2021,2021,0.04759439195223229,0.5349794238683128,0.8765260802912461,0.4924855024611331,0.11503189245335746,49,1,catalog
value_252__csz,fold_2022,2022,0.006450398334115849,0.48760330578512395,-0.19132373429601537,-0.7446984959669405,-0.01742529091750194,49,1,catalog
value_252__csz,fold_2023,2023,0.02940943721678162,0.5785123966942148,0.18501842736022436,-0.3974287721138983,0.016009912567825132,49,1,catalog
value_252__csz,fold_2024,2024,-0.025395845169121762,0.4830508474576271,-0.8570629400734106,-1.4629167143369104,-0.07129768603358239,48,1,catalog
value_252__missing,fold_2019,2019,-0.0834315026509712,0.3888888888888889,-0.664343325759789,-1.6971890253662358,-0.03241810817535633,49,1,catalog
value_252__missing,fold_2020,2020,-0.0539424239476432,0.3611111111111111,-0.8580397882819213,-1.534724702605649,-0.06390744704664755,49,1,catalog
value_252__missing,fold_2021,2021,,,1.5642098577166086,0.7723664738550851,0.09956031512754779,49,1,catalog
value_252__missing,fold_2022,2022,,,-0.23159866448807973,-1.1205232092888318,-0.013131117549257876,49,1,catalog
value_252__missing,fold_2023,2023,,,-0.45791734762583247,-1.5213253591354663,-0.021702896790836226,49,1,catalog
value_252__missing,fold_2024,2024,,,-0.36302699532375693,-1.3978290196508638,-0.01768121837238859,48,1,catalog
vol_managed_momentum__csz,fold_2019,2019,-0.012955783364028858,0.5,0.41619083371790794,-0.730366477722146,0.018294783706047,49,1,catalog
vol_managed_momentum__csz,fold_2020,2020,0.05898971959036383,0.6296296296296297,0.43844772360916806,-0.3446504585702899,0.02821838407082148,49,1,catalog
vol_managed_momentum__csz,fold_2021,2021,0.002761394452410994,0.5061728395061729,-0.057486590569688766,-0.7530018184823285,-0.0041657235505938245,49,1,catalog
vol_managed_momentum__csz,fold_2022,2022,-0.013147927374121586,0.47520661157024796,0.14877910153975157,-0.36826570309213263,0.01450254726559354,49,1,catalog
vol_managed_momentum__csz,fold_2023,2023,-0.024155630665901193,0.4669421487603306,-0.6237347074029538,-1.5822478966879705,-0.032796866651942556,49,1,catalog
vol_managed_momentum__csz,fold_2024,2024,-0.01541835202277531,0.5,-0.24013484323587553,-1.2432075095050152,-0.012065722161589399,48,1,catalog
vol_managed_momentum__missing,fold_2019,2019,-0.0834315026509712,0.3888888888888889,-0.664343325759789,-1.6971890253662358,-0.03241810817535633,49,1,catalog
vol_managed_momentum__missing,fold_2020,2020,0.026619606259202414,0.5238095238095238,-0.600840425812582,-1.3281985671128338,-0.04163335190944628,49,1,catalog
vol_managed_momentum__missing,fold_2021,2021,,,1.5642098577166086,0.7723664738550851,0.09956031512754779,49,1,catalog
vol_managed_momentum__missing,fold_2022,2022,,,-0.23159866448807973,-1.1205232092888318,-0.013131117549257876,49,1,catalog
vol_managed_momentum__missing,fold_2023,2023,,,-0.45791734762583247,-1.5213253591354663,-0.021702896790836226,49,1,catalog
vol_managed_momentum__missing,fold_2024,2024,,,-0.36302699532375693,-1.3978290196508638,-0.01768121837238859,48,1,catalog
volume_price_divergence_20__csz,fold_2019,2019,0.001443926112810219,0.5122950819672131,1.697009251212849,0.8684339505630947,0.1032244941335531,49,1,train_rank_ic
volume_price_divergence_20__csz,fold_2020,2020,0.015971032713702593,0.5020576131687243,0.15287892267748393,-0.24640566804308944,0.019297257850697677,49,1,train_rank_ic
volume_price_divergence_20__csz,fold_2021,2021,-0.01653211838032677,0.4732510288065844,-0.17565350233641597,-0.6004351027298489,-0.020841148744568442,49,1,train_rank_ic
volume_price_divergence_20__csz,fold_2022,2022,-0.04067197555926636,0.41735537190082644,-1.565067982097231,-2.090267754335579,-0.15018937643770153,49,1,train_rank_ic
volume_price_divergence_20__csz,fold_2023,2023,-0.0039132436506621035,0.49173553719008267,0.08481505876806222,-0.6650009084820713,0.005700970836333673,49,1,train_rank_ic
volume_price_divergence_20__csz,fold_2024,2024,-0.007820608138713277,0.4830508474576271,-1.214073677007715,-1.717321748196045,-0.12158876868956743,48,1,train_rank_ic
volume_price_divergence_20__missing,fold_2019,2019,-0.0834315026509712,0.3888888888888889,-0.664343325759789,-1.6971890253662358,-0.03241810817535633,49,1,train_rank_ic
volume_price_divergence_20__missing,fold_2020,2020,0.06436251898326777,1.0,-0.5690743364553393,-1.3439666875746297,-0.037013330323780395,49,1,train_rank_ic
volume_price_divergence_20__missing,fold_2021,2021,,,1.5642098577166086,0.7723664738550851,0.09956031512754779,49,1,train_rank_ic
volume_price_divergence_20__missing,fold_2022,2022,0.289631335424705,1.0,-0.23159866448807973,-1.1205232092888318,-0.013131117549257876,49,1,train_rank_ic
volume_price_divergence_20__missing,fold_2023,2023,,,-0.45791734762583247,-1.5213253591354663,-0.021702896790836226,49,1,train_rank_ic
volume_price_divergence_20__missing,fold_2024,2024,,,-0.36302699532375693,-1.3978290196508638,-0.01768121837238859,48,1,train_rank_ic
volume_shock_20__csz,fold_2019,2019,0.023924740268475384,0.5450819672131147,2.396005770800162,1.6626335945214912,0.1646622202945992,49,-1,train_rank_ic
volume_shock_20__csz,fold_2020,2020,0.009444339775290238,0.49794238683127573,0.10911411456162626,-0.5218441110905065,0.008715872383186794,49,-1,train_rank_ic
volume_shock_20__csz,fold_2021,2021,-0.017842465370747573,0.4403292181069959,-0.7116994914657422,-1.2623575682479706,-0.06513961364096907,49,-1,train_rank_ic
volume_shock_20__csz,fold_2022,2022,-0.0310820146480112,0.45454545454545453,0.19854844074581748,-0.40728067585749694,0.01651759735434026,49,-1,train_rank_ic
volume_shock_20__csz,fold_2023,2023,-0.00836820721328633,0.5041322314049587,-0.3972041760481593,-1.2590798939102383,-0.023227351760745123,49,-1,train_rank_ic
volume_shock_20__csz,fold_2024,2024,-0.014670409921237845,0.4830508474576271,-0.23092736180978768,-0.9820338118567449,-0.015495458778826457,48,-1,train_rank_ic
volume_shock_20__missing,fold_2019,2019,0.14159503557397912,0.8,-0.6497263795123269,-1.6767230182541595,-0.031885410615889134,49,-1,train_rank_ic
volume_shock_20__missing,fold_2020,2020,,,-0.559844200785543,-1.3344799000352305,-0.03642505470238662,49,-1,train_rank_ic
volume_shock_20__missing,fold_2021,2021,,,1.5642098577166086,0.7723664738550851,0.09956031512754779,49,-1,train_rank_ic
volume_shock_20__missing,fold_2022,2022,,,-0.23159866448807973,-1.1205232092888318,-0.013131117549257876,49,-1,train_rank_ic
volume_shock_20__missing,fold_2023,2023,,,-0.45791734762583247,-1.5213253591354663,-0.021702896790836226,49,-1,train_rank_ic
volume_shock_20__missing,fold_2024,2024,,,-0.36302699532375693,-1.3978290196508638,-0.01768121837238859,48,-1,train_rank_ic
warehouse_surprise__csz,fold_2019,2019,-0.02606050861604038,0.44398340248962653,-0.7171593687853,-1.6773919610932322,-0.037641746881247294,49,1,catalog
warehouse_surprise__csz,fold_2020,2020,0.019088393531299416,0.49583333333333335,0.3917576339081484,-0.23744975733859536,0.03138009029081454,49,1,catalog
warehouse_surprise__csz,fold_2021,2021,-0.0003668198149298825,0.49583333333333335,-0.10744601138202108,-0.8200988999869798,-0.007598760996050194,49,1,catalog
warehouse_surprise__csz,fold_2022,2022,0.020259355892789568,0.5062761506276151,0.7834794443922973,0.16740962323904482,0.06409559865057725,49,1,catalog
warehouse_surprise__csz,fold_2023,2023,0.014362293403081835,0.5606694560669456,0.27086213566715084,-0.696067976761478,0.014118343675672882,49,1,catalog
warehouse_surprise__csz,fold_2024,2024,-0.014693378730708232,0.4334763948497854,-0.613935429437014,-1.5111084216268171,-0.03448871724069846,48,1,catalog
warehouse_surprise__missing,fold_2019,2019,0.018071914430476267,0.5172413793103449,-0.05639225589919108,-0.9462983455493252,-0.003193786097628151,49,1,catalog
warehouse_surprise__missing,fold_2020,2020,0.014196064126368955,0.5289855072463768,-0.7694639489263698,-1.4830289014860365,-0.05434821719701303,49,1,catalog
warehouse_surprise__missing,fold_2021,2021,-0.04837705675212938,0.35294117647058826,0.7334485525310279,-0.19337545817031163,0.039884386486266486,49,1,catalog
warehouse_surprise__missing,fold_2022,2022,-0.018605234845505816,0.4594594594594595,0.23157234158480072,-0.5243803330498366,0.015439122589935716,49,1,catalog
warehouse_surprise__missing,fold_2023,2023,0.03788423899500619,0.589041095890411,-0.42312025103718504,-1.505251740267573,-0.019706718512960623,49,1,catalog
warehouse_surprise__missing,fold_2024,2024,0.06803927581512885,0.6507936507936508,-0.3112857109902442,-1.6142084856747478,-0.0120412353968617,48,1,catalog
warehouse_tightness__csz,fold_2019,2019,0.0012106936118220113,0.5041666666666667,0.5707150916394655,-0.5462277408066114,0.02575247343289409,49,1,catalog
warehouse_tightness__csz,fold_2020,2020,0.05550505750420659,0.592436974789916,1.7831625604686345,1.0613425257245335,0.12450664808643097,49,1,catalog
warehouse_tightness__csz,fold_2021,2021,0.024563232238951294,0.5208333333333334,0.790820550590936,0.14386637998488752,0.06160769581629861,49,1,catalog
warehouse_tightness__csz,fold_2022,2022,0.017574043073144665,0.5481171548117155,0.3532927904595975,-0.3516679192720404,0.02525808373908105,49,1,catalog
warehouse_tightness__csz,fold_2023,2023,-0.006437136499739456,0.5146443514644351,-0.5022230965546995,-1.4599661923703324,-0.026428845247692054,49,1,catalog
warehouse_tightness__csz,fold_2024,2024,0.04640247790135511,0.5622317596566524,1.7096362861055743,0.9512548804208051,0.11361785530846309,48,1,catalog
warehouse_tightness__missing,fold_2019,2019,0.023776381603162575,0.5275229357798165,-0.1777710724049504,-1.0752396697435334,-0.009983259665885936,49,1,catalog
warehouse_tightness__missing,fold_2020,2020,-0.0038270688483239353,0.47058823529411764,-0.05726876620752419,-0.6416303116457391,-0.0049393151198796606,49,1,catalog
warehouse_tightness__missing,fold_2021,2021,0.02733949753798578,0.5418994413407822,-0.01983584587954679,-0.6914663352168267,-0.0014885069218873931,49,1,catalog
warehouse_tightness__missing,fold_2022,2022,-0.011435176311413078,0.49606299212598426,-0.09710363065884042,-0.8988201864709978,-0.006104430486966554,49,1,catalog
warehouse_tightness__missing,fold_2023,2023,-0.01757975829274972,0.44537815126050423,-1.0027599614942393,-2.079305416327582,-0.04694562763922819,49,1,catalog
warehouse_tightness__missing,fold_2024,2024,-0.03667684227078287,0.43010752688172044,-0.8189554088526684,-1.7911752703546104,-0.042454751482252084,48,1,catalog
