,tsmom_20,csmom_20,trend_efficiency_20,realized_vol_20,momentum_quality_20,vol_managed_momentum_20,tsmom_60,csmom_60,trend_efficiency_60,realized_vol_60,momentum_quality_60,vol_managed_momentum_60,tsmom_120,csmom_120,trend_efficiency_120,realized_vol_120,momentum_quality_120,vol_managed_momentum_120,multi_horizon_trend,carry,curve_curvature,term_structure_slope,carry_change_5,basis_momentum_5,term_structure_momentum_5,term_structure_acceleration_5,carry_change_20,basis_momentum_20,term_structure_momentum_20,term_structure_acceleration_20,carry_change_60,basis_momentum_60,term_structure_momentum_60,value_60,value_120,value_252,reversal_5,oi_growth_5,reversal_20,oi_growth_20,price_oi_20,volume_shock_20,oi_surprise_20,volume_shock_60,oi_surprise_60,amihud_20,volume_oi_turnover,low_vol_20,low_vol_60,realized_skew_60,realized_skew_120,seasonality_3y_month,idiosyncratic_vol_60,relative_value_residual_60,correlation_risk_20_120,volume_price_divergence_20,interaction__tsmom_60__carry,interaction__momentum_quality_60__carry,interaction__tsmom_20__oi_surprise_20
tsmom_20,1.0,0.9134250726874569,0.08605594641156529,0.02632535033064531,0.9347702126486073,0.6863161295732877,0.5466353177240438,0.48885452285172976,0.067195460491129,0.004543027694967861,0.521450548724757,0.3536475527943768,0.4030372265598157,0.36965243560172584,0.06242288853572301,-0.005222195518360439,0.38668991039838924,0.24751397972678918,0.6521545255372605,0.08672796505801615,0.01984209328445702,0.22940641417010244,0.019086037519779567,0.02191034069972575,0.18225200599296887,0.012046538849697993,0.010755798888192235,0.009693417295386614,0.3243588771808321,0.23690925191141607,0.0020355129868926854,0.0028962369857494148,0.1964928442246854,-0.804059701400213,-0.6638507959914084,-0.5140907720643523,-0.4472491362119663,0.007212379487460549,-0.901476976953609,0.048369599885653175,0.17808483173947237,0.09471878859679982,0.0022685714399000184,0.13040046513838935,0.002437733630520685,-0.031549317649854344,0.08587680935816557,-0.03562901518804964,-0.016372007007071504,0.07912235261934024,0.05216099163016412,0.026128747613737482,-0.006744054324982579,-0.41163653129841227,-0.058303228831068046,0.5710698033698106,0.02453387709748412,0.027811481330944045,-7.42744958361668e-05
csmom_20,0.9134250726874569,1.0,0.08205711114003358,0.04063117548620295,0.8091353777472414,0.5464975230121055,0.5082853642990881,0.49826677652615353,0.07889450348485087,0.014569005574592144,0.48230964612321403,0.27347237350416664,0.36458989379228657,0.35712836879764526,0.06208805772293268,0.00272596302123189,0.34740814165840894,0.1909891061276457,0.6188410683503607,0.07241777498125895,0.026310139392735837,0.22086152456799724,0.017597684882098754,0.019495388025483035,0.18816005591623364,0.01707111025804396,0.00068964170836241,-0.001630072144931825,0.3263909175473712,0.23933681566362267,-0.011869526793589064,-0.010048723297667234,0.19047854355234556,-0.7472843649695874,-0.6122765045209974,-0.47289719598115204,-0.4472083033396399,0.0030713105867112714,-0.947006967348972,0.04087652232666954,0.1478544834833415,0.08190957508846737,0.0023885185823791636,0.11815446267814936,0.0005010406271786927,-0.028128940277509513,0.09463606871036558,-0.05116779485222629,-0.026193846625030777,0.08989266951123703,0.06046220481090263,0.023392679378563323,-0.0003103582472101516,-0.3822636273712812,-0.04687527328744956,0.5400229373355627,0.03421417397813387,0.035152172480695056,-0.006361786520331809
trend_efficiency_20,0.08605594641156529,0.08205711114003358,1.0,0.05102507500191404,0.09285441706556867,0.029200195279958322,0.037902547775405894,0.03550278159127161,0.2788474532535981,0.021580091147935646,0.049856387821059375,0.005419513382693826,0.03869647077421578,0.030973206469737065,0.13547175697748623,0.013679872880322998,0.05259274513151294,0.007216687052807401,0.026832467879399035,0.008464720885142087,0.016456339526767373,0.025964110587889888,-0.003519074189752584,-0.006782181498101041,0.012726454693958562,0.0031679910301663024,-0.010928512893548317,-0.016086354126560832,0.0217140790202076,0.020555807765940463,-0.008429618959946615,-0.009543326798744397,5.316612803831475e-05,-0.05183622663619358,-0.04772216127654097,-0.04362677959201258,-0.05582592386422604,0.11910786689010604,-0.08517904252084856,0.182081914232246,0.06056318471081956,0.14080247366025148,0.02225446267262314,0.16048464470470156,0.04826117824056829,0.009506313033493755,0.022153713918887746,-0.048937896061946484,-0.018741764525564513,-0.007234171564276458,-0.01052206346571891,0.010671447009467119,0.010356918895122746,-0.028777741123279365,-0.045362748958423765,-0.019948666681335048,0.04962667825668101,0.06557126681524551,-0.0020274279800021333
realized_vol_20,0.02632535033064531,0.04063117548620295,0.05102507500191404,1.0,0.021566871306718093,0.0013005326861894146,0.0724165492780811,0.08295176012044551,0.13673640171093884,0.9063839005797686,0.07542942682350243,0.007709305971418278,0.10580975459486468,0.1286222677551596,0.12624609120053276,0.8556337903036956,0.09865627994073482,0.03706940210090833,0.05558430514667753,0.14202665359770555,-0.01908330175013096,0.19761527460342138,0.002421650338460525,0.0018912128166135714,-0.008342188669947997,-0.004155106704488223,0.007552920159224844,0.005296392050327237,0.01735962979794253,0.005061611246356945,-0.012624295190460237,-0.01456379373294572,-0.008873868853253187,-0.046346237711637824,-0.07048676473605678,-0.13608025808189791,-0.011467256205222872,-0.002435062090254335,-0.04512662619315326,0.011536605907357009,-0.01018276739554515,0.036234152279764724,-0.0036345711198956412,0.12745239537206574,-0.009271164999536804,0.207233572202226,0.4771812139959673,-0.9489886326044346,-0.8703380509474012,-0.04362775571762795,-0.03540181711304666,0.09451360578628391,0.6391894604690423,-0.07118665992928079,0.11343644988308409,-0.027013708432445115,0.09118062003745808,0.09111639512255058,-0.009437890747661958
momentum_quality_20,0.9347702126486073,0.8091353777472414,0.09285441706556867,0.021566871306718093,1.0,0.5096558087886006,0.523733489606339,0.46295996524879907,0.06957424666531434,0.0007133229782415438,0.521588108438136,0.31812068827012147,0.3890732051425776,0.35248176539829,0.06762683199132184,-0.009362848226666425,0.38427205412382004,0.231362253313488,0.5343185732849657,0.08615221741531469,0.02157640100067673,0.23015220049873983,0.017706132033300837,0.021826741702103872,0.17959837296966707,0.013554270172782433,0.01048880142627731,0.010697599661076947,0.31606872899103244,0.22891329245977626,0.004703961741896892,0.006119527209758361,0.2001974948220399,-0.7277478356594747,-0.6199932244314779,-0.4850360419607148,-0.4350253599046794,0.0072421952010125286,-0.8453437090514907,0.04779219910563802,0.2182588992141087,0.08943484245492977,0.0009082921344522884,0.12426572039989786,0.0020112491170686244,-0.03408369041089535,0.0775312502065833,-0.02935874900558674,-0.012487598115182286,0.0848662030865893,0.059824936742361653,0.025566891954189288,-0.0074309453731753764,-0.39804301496668637,-0.05022921689671817,0.5314787065968338,0.02940218218565334,0.03271187465339871,0.0037010148410909216
vol_managed_momentum_20,0.6863161295732877,0.5464975230121055,0.029200195279958322,0.0013005326861894146,0.5096558087886006,1.0,0.34316688429543274,0.261637501486531,0.017014721110261588,-0.009135882846594735,0.30009135100800804,0.3397514224071595,0.26125003409065006,0.21784701393553962,0.022538979172583833,-0.012664472278097048,0.23517519213324065,0.21649726840141814,0.6205588879466549,0.04460883626685823,0.010204011717342608,0.11021791162112715,0.009332048421725579,0.010462843295317225,0.08575659346719937,-0.0008554276974805275,0.006393046498155559,0.0061038792143656906,0.16475764051365904,0.12335931259135563,0.003228438328103059,0.00339886534481427,0.09479712649262352,-0.5752666800457868,-0.45421574228025524,-0.34636618375817124,-0.23153595229364582,0.006843379111428981,-0.4755470812706425,0.030008859437589845,0.06349787173974003,0.06868969905379559,0.006367315350721543,0.09011666420184601,0.003625545816329741,-0.016216899887661805,0.04666655007713472,-0.00736588984420347,0.0025407973899723613,0.04067305665447966,0.020430023912539997,0.016564396561846256,-0.01208246862221677,-0.25341849707280656,-0.04699349653807846,0.3822027371694584,-0.013827138085328677,-0.010423527552691925,-0.0007295574246807461
tsmom_60,0.5466353177240438,0.5082853642990881,0.037902547775405894,0.0724165492780811,0.523733489606339,0.34316688429543274,1.0,0.9190433018252928,0.10508171346959248,0.0427656928196341,0.9329969996446503,0.645984336905774,0.6898937003314127,0.6374568877702909,0.10450549522386723,0.010054718593649078,0.6513609915877843,0.44432225129549163,0.7413077710896857,0.1925086885957955,0.007066759617599717,0.3886020020665575,0.009907787092268838,0.01736340647892704,0.09253499650817647,0.004009097749382082,0.03412211953601239,0.03937372177090242,0.18977547363941497,-0.0034767951662050696,0.0548573420373356,0.05360481724584761,0.34337281468370195,-0.7341544799149976,-0.8427227886598453,-0.7626687827804352,-0.2561359409526749,-0.008912816831458498,-0.5107016105983055,-0.01897888589555301,0.18459243835199246,0.01815525085211632,0.00841315675657005,0.05288010396526418,-0.0006421374617377758,-0.04333605369421438,0.08881696264458556,-0.08080827618558079,-0.05591518329467054,0.2364585087200871,0.1337645928366097,0.05537343338763419,0.027772851208783544,-0.7533735217033627,-0.03313264401876167,0.2422481071501532,0.06771778373479194,0.06801411017840109,-0.012801839959780202
csmom_60,0.48885452285172976,0.49826677652615353,0.03550278159127161,0.08295176012044551,0.46295996524879907,0.261637501486531,0.9190433018252928,1.0,0.12136557458333383,0.05944380047507469,0.809361618443038,0.523982841896548,0.6244564131597712,0.6301151040436642,0.09728205958283052,0.02777143624893606,0.5807181783160964,0.34073639258656596,0.6977562953250567,0.19356390572788204,0.0029862945719711692,0.3882657454998638,0.010772947490859719,0.020045895497583732,0.09031759210314359,0.0030816292105617423,0.039611319763612075,0.047779387525414364,0.19127233796558565,-0.007679206291249033,0.0621491260208097,0.06264282671320015,0.3484458676187452,-0.683051292109548,-0.7756316514153787,-0.6892218286884622,-0.2430308882837358,-0.008837591387473764,-0.4996148089566624,-0.022401397585302515,0.17624407995700495,0.009743222562534735,0.007195293217314707,0.038121508705121446,-3.3429602504282578e-06,-0.04546355562353718,0.0895134535292065,-0.09228751732958426,-0.07179473509931002,0.1928236419727672,0.10434319208901259,0.06084952311189834,0.049737167237403235,-0.6853156504900401,-0.02989465714568079,0.21568857610070474,0.10078865398812453,0.0921492751086507,-0.01061372868506163
trend_efficiency_60,0.067195460491129,0.07889450348485087,0.2788474532535981,0.13673640171093884,0.06957424666531434,0.017014721110261588,0.10508171346959248,0.12136557458333383,1.0,0.06755229582810378,0.11843820764704598,0.009927443864522071,0.09691048100807396,0.08139277085892493,0.4201979226469243,0.02677776180270845,0.12933556792161607,0.017314031606689765,0.05064814586617518,0.028355153433389266,0.017686583246412615,0.05327810998893381,0.0030358747206010277,0.00275331580448772,0.028609591733916265,0.0049607718615091,0.013206462974907185,0.009498626820819013,0.03902317611473598,0.02033673594154369,-0.013178632022625649,-0.02172350494405493,0.022820045432468794,-0.0675585371285585,-0.07993619401826162,-0.10343046884536608,-0.05319930813251482,0.030795499320223033,-0.08626523128384525,0.08574443042861878,0.00935543518464841,0.07972631196494669,-0.0024059903700688807,0.16051445985537965,-0.0012061630000377653,0.009950109380849103,0.04385279001295491,-0.1301092813971285,-0.0623903855451536,0.01752256512147239,0.03157023809862299,0.019845245366216662,0.06227718247665729,-0.0717234825892412,0.001216885665893367,0.007380465206597599,0.18245360204048655,0.2197464595800853,0.004841847300247602
realized_vol_60,0.004543027694967861,0.014569005574592144,0.021580091147935646,0.9063839005797686,0.0007133229782415438,-0.009135882846594735,0.0427656928196341,0.05944380047507469,0.06755229582810378,1.0,0.0427997925630698,-0.006414771267614945,0.0802923607319105,0.10264928978727031,0.10083683676095924,0.9545310060536033,0.07540806332193897,0.019818567287050816,0.030346763132569853,0.14683735578392118,-0.025534304825016875,0.19262347600721139,-0.00021928428278613238,-0.0003937678658237469,-0.015339094305422034,0.0011938502557794798,-0.0006693380856858202,-0.00017018344266099441,-0.011825392590987846,-0.002142725303254056,-0.014035872591392924,-0.01403806739045168,-0.021438214077387482,-0.012290138010554437,-0.03603045123327609,-0.10860283125626694,-0.003331647525496963,-0.0033533639728004815,-0.0133881540220193,-0.006520560991951908,-0.0307354415295972,-0.011766923358574117,0.0004217849401263835,0.01962593360919599,-0.0036718110581746254,0.19137700027258098,0.46749652766092176,-0.874708156319351,-0.9560314197021824,-0.06293145507985086,-0.05412199196068897,0.0970969268470815,0.7034157594605213,-0.04531222601477813,0.04808837617944284,0.01279314947147481,0.09336790913864948,0.0886338500731958,-0.005793163896820265
momentum_quality_60,0.521450548724757,0.48230964612321403,0.049856387821059375,0.07542942682350243,0.521588108438136,0.30009135100800804,0.9329969996446503,0.809361618443038,0.11843820764704598,0.0427997925630698,1.0,0.4568331830752076,0.6564912071690903,0.5936728618895837,0.12297478107511098,0.008660057215505598,0.659103186525282,0.38196026288147283,0.60154052471975,0.1826964144904895,0.01084248718462004,0.38003057402660845,0.010938184120366562,0.017438324874304946,0.09831168763678863,0.006346726624476995,0.03672082786172907,0.03934458887890902,0.19498174177818692,0.0005629399176785108,0.05385428862188913,0.05234859789638453,0.3415117453086547,-0.6250420395329926,-0.7409869393657565,-0.7001164090674832,-0.255863922711084,-0.011126789164727363,-0.5028109820445552,-0.013861535492794043,0.18109347806717815,0.01962429020515786,0.0045991235613918645,0.05324806311849762,-0.003663473617315188,-0.03604494056908407,0.08031374267483428,-0.0812570490996004,-0.055429295578093306,0.22526177020283633,0.1393413385519049,0.049254522914836785,0.036199954514684794,-0.7192408346850059,-0.030823650349814345,0.24133628549390002,0.0742367439860715,0.08179143265186016,-0.014534446252202644
vol_managed_momentum_60,0.3536475527943768,0.27347237350416664,0.005419513382693826,0.007709305971418278,0.31812068827012147,0.3397514224071595,0.645984336905774,0.523982841896548,0.009927443864522071,-0.006414771267614945,0.4568331830752076,1.0,0.44256168753959996,0.35583930720745566,0.03269447978266705,-0.024023878606440056,0.3754532951792157,0.44498876788250175,0.6960045929588617,0.0842264451469382,0.0076666767793454405,0.17228754524890877,0.003383825886023929,0.005440202001315025,0.04057475518767071,0.0021756349565376807,0.0019342941860051694,0.0065003727641419545,0.08246049356552944,0.0027262198317219094,0.012063178371835652,0.01021355133802982,0.15248598743201985,-0.5811187717352814,-0.6272848757487168,-0.5283523678326103,-0.12996377044396412,-0.0001380624349535063,-0.24694631005834,-0.022468241443960455,0.10685014603777122,0.015458481929296117,0.011839680255566757,0.04187640177853177,0.0025550635707717226,-0.03223253519712822,0.0467006897331765,-0.011813099578045754,0.0005983734210187872,0.20755471371237805,0.11319912858800986,0.0340283381518329,-0.019317295612388156,-0.46814228678505243,-0.016512581516531538,0.14865153741329606,-0.01849619281104778,-0.018695225555146567,-0.0035564003958981354
tsmom_120,0.4030372265598157,0.36458989379228657,0.03869647077421578,0.10580975459486468,0.3890732051425776,0.26125003409065006,0.6898937003314127,0.6244564131597712,0.09691048100807396,0.0802923607319105,0.6564912071690903,0.44256168753959996,1.0,0.9275089827070989,0.1474816596827263,0.04080419615143827,0.9324108224958558,0.6501396215985422,0.6901483222624823,0.26053852538994665,-0.010913646080684765,0.4683972729676696,0.0044988643404805274,0.007243639433869699,0.040146170964634166,0.0008513402837362542,0.015937198756111198,0.016669205076333963,0.08812090476945096,0.007168263799944359,0.036092164154795194,0.03712198873376121,0.15835265592669606,-0.519458286321,-0.7530065047534664,-0.8488418570415427,-0.19134952779505268,-0.010050760888980647,-0.3689640015549097,-0.02174924396449264,0.14683321032973232,0.011168460497847671,0.005678584113112878,0.030723983142840215,0.0030650949944128164,-0.035447269796539047,0.08298824626877044,-0.1103601945751099,-0.0891478879301711,0.15708749681215534,0.2176201970018169,0.03553142447560741,0.06483916043172418,-0.5237067427054979,0.00016324917969719462,0.060064182687240404,0.07206660080839837,0.07809570565565732,-0.009253319373614002
csmom_120,0.36965243560172584,0.35712836879764526,0.030973206469737065,0.1286222677551596,0.35248176539829,0.21784701393553962,0.6374568877702909,0.6301151040436642,0.08139277085892493,0.10264928978727031,0.5936728618895837,0.35583930720745566,0.9275089827070989,1.0,0.13833024371598934,0.06860069295190184,0.8175816028273253,0.5412210305859668,0.6653125697746215,0.2732312588454617,-0.01683137179427307,0.48144676653481755,0.0036239226313431196,0.007780206882158334,0.041205179498403785,0.0006448026815941771,0.01609435265748943,0.019689695187948806,0.09071110887781426,0.012353259294988308,0.04432063300321273,0.04705519808449139,0.1576660239578906,-0.4787241206350798,-0.710993173129717,-0.7924168881921003,-0.1863911264481581,-0.012514478056256106,-0.3623171009873502,-0.02613008032004327,0.14723477287384182,0.008315858378275745,0.003560789178898333,0.026635877258842984,0.0014357958997247393,-0.02429660769782735,0.08331150736389939,-0.13335350267261895,-0.11202982252051984,0.10726558350759349,0.15198037436861117,0.030819738240771975,0.08303621009417866,-0.47533496857117796,-0.002759797115086695,0.04181570715467501,0.08018056898019653,0.07907518580888599,-0.007422424358411701
trend_efficiency_120,0.06242288853572301,0.06208805772293268,0.13547175697748623,0.12624609120053276,0.06762683199132184,0.022538979172583833,0.10450549522386723,0.09728205958283052,0.4201979226469243,0.10083683676095924,0.12297478107511098,0.03269447978266705,0.1474816596827263,0.13833024371598934,1.0,0.054326124822638676,0.1694003574502272,0.04102515293206873,0.07115136525739381,0.018839420593315007,0.023833673204539312,0.05362268156896608,-0.0025634041695287548,-0.0029805369365538017,0.015626123485221355,0.0005264941448704783,0.007153737908258684,0.0062574060311051845,0.03394002166388232,0.010621038966434251,-0.011633185294057574,-0.012965789179468166,0.0221812713178386,-0.06806091011354376,-0.09031878361064745,-0.12568669965791,-0.03985393178104707,0.012645324050733847,-0.07728209458783498,0.031557402843048865,0.013942525512118692,0.028544276249398207,0.002608827779964494,0.06587590020624881,0.0006552703544488223,-0.0007086546691851402,0.015464031625965808,-0.11253805350324002,-0.09162459291653309,0.027481742545231135,0.06090095434376622,-0.01945071478589686,0.11758135518055836,-0.06409337117766654,0.04789715013774895,0.028218165006079654,0.1732558191278738,0.17454459483872556,-0.002459061836310399
realized_vol_120,-0.005222195518360439,0.00272596302123189,0.013679872880322998,0.8556337903036956,-0.009362848226666425,-0.012664472278097048,0.010054718593649078,0.02777143624893606,0.02677776180270845,0.9545310060536033,0.008660057215505598,-0.024023878606440056,0.04080419615143827,0.06860069295190184,0.054326124822638676,1.0,0.03349899465699209,-0.0007593478069613962,0.0055767392564358195,0.13648125642412728,-0.026324527853300184,0.1773808718308204,-0.00180464674938285,-0.001470668055112413,-0.01677695789091034,0.0031065943374731283,-0.0046897250600585845,-0.004169885683956654,-0.019508657043150062,0.0009195518755334882,-0.0249622068345985,-0.023690901271344517,-0.043794466561125324,0.004922715391126522,-0.003856694783709844,-0.07055047927493148,0.000518772308102832,-0.0059790025099398505,0.0002998340279415005,-0.01252031414921585,-0.03636530575968368,-0.01922153454856462,0.0023862847109231656,-0.01896839393566736,0.00039259435320884413,0.19969379383068592,0.44609808562277115,-0.8317597683787354,-0.9189443054622026,-0.07913081260246775,-0.07483713931977506,0.10710467111088544,0.6590915653803535,-0.01843517682316269,0.01335030465440562,0.006333868066419277,0.09425589092749614,0.0896873320717195,-0.002504915060608664
momentum_quality_120,0.38668991039838924,0.34740814165840894,0.05259274513151294,0.09865627994073482,0.38427205412382004,0.23517519213324065,0.6513609915877843,0.5807181783160964,0.12933556792161607,0.07540806332193897,0.659103186525282,0.3754532951792157,0.9324108224958558,0.8175816028273253,0.1694003574502272,0.03349899465699209,1.0,0.4601629044231287,0.5571428618473635,0.24802273110048445,-0.010012822750223188,0.45294845400493045,0.004053530180300143,0.006152514477902968,0.0413229744238435,0.0016740947138062237,0.016768290048684756,0.01687935167652085,0.09146108346914592,0.004954324141930904,0.035592410953660614,0.037143821212994005,0.16618108787222688,-0.47309707240826043,-0.6373248894560736,-0.7469267320596805,-0.1868459824154108,-0.010423662287325625,-0.36380521081296524,-0.021237183782033126,0.13169817112200896,0.006440181774983727,0.004507334136579947,0.02639832441700601,0.0014004522839544983,-0.04150456178968702,0.07208078921097522,-0.1005945753401111,-0.08305975167815191,0.13849092766876234,0.20678468874333153,0.03920367981879694,0.0736529113155495,-0.5114361166235917,0.0033409159065093176,0.07833026836026487,0.08535241030396067,0.09638158480241646,-0.01048204744755412
vol_managed_momentum_120,0.24751397972678918,0.1909891061276457,0.007216687052807401,0.03706940210090833,0.231362253313488,0.21649726840141814,0.44432225129549163,0.34073639258656596,0.017314031606689765,0.019818567287050816,0.38196026288147283,0.44498876788250175,0.6501396215985422,0.5412210305859668,0.04102515293206873,-0.0007593478069613962,0.4601629044231287,1.0,0.6491930209180544,0.1197255386276578,-0.005451998592400933,0.2069177656111064,0.0044495374416212525,0.005542232693146148,0.018675543189214973,0.0006619841187878727,0.009787297683227697,0.011299741762532296,0.037412911342286,0.005045212618701603,0.016652293519324585,0.014155991393961854,0.06761615001929677,-0.36411369408187527,-0.5961019251220954,-0.6345297438652002,-0.09449342725093367,-0.005583248059117446,-0.17507737735145604,-0.01800022967294347,0.10542196738791286,0.013348602174567183,0.010334099712608086,0.02259303481926448,0.01022769654637759,-0.008021484259625915,0.06102857186268306,-0.03994256360628763,-0.02283922657441865,0.16214225805938104,0.20749558663590342,0.01423973065602717,-0.007415236998203169,-0.3202561252984617,-0.010057695936377911,0.015756420826133273,0.002479080913688429,0.0063609379587245655,-0.0018314086395113747
multi_horizon_trend,0.6521545255372605,0.6188410683503607,0.026832467879399035,0.05558430514667753,0.5343185732849657,0.6205588879466549,0.7413077710896857,0.6977562953250567,0.05064814586617518,0.030346763132569853,0.60154052471975,0.6960045929588617,0.6901483222624823,0.6653125697746215,0.07115136525739381,0.0055767392564358195,0.5571428618473635,0.6491930209180544,1.0,0.1610345377729832,0.0032508941867952206,0.3274940376914947,0.011478377736322395,0.01593660374082082,0.09793560974802012,0.00481868780054242,0.015531461660316406,0.020504559139668085,0.1876088443866225,0.0807429403323859,0.025778459340864323,0.025705534469636526,0.2112925721854903,-0.7634408465731037,-0.8445081101891924,-0.7563769049739243,-0.28323801288305306,-0.0015738628527039364,-0.5804994355504876,-0.0011482421126423137,0.15043030889937956,0.043048267482260046,0.00876236844200493,0.07109671505733722,0.004731054570862304,-0.02365260538066473,0.08751709297923124,-0.06519219163126963,-0.041025808968866616,0.17834257145523058,0.14562437865623107,0.033453981692066266,0.008533697955958765,-0.5459128047717527,-0.02793434222361761,0.2841040148677262,0.03709386309118576,0.03457194900256496,-0.006767820425816211
carry,0.08672796505801615,0.07241777498125895,0.008464720885142087,0.14202665359770555,0.08615221741531469,0.04460883626685823,0.1925086885957955,0.19356390572788204,0.028355153433389266,0.14683735578392118,0.1826964144904895,0.0842264451469382,0.26053852538994665,0.2732312588454617,0.018839420593315007,0.13648125642412728,0.24802273110048445,0.1197255386276578,0.1610345377729832,1.0,-0.6139309896210432,0.5713268204970597,0.40098765991470786,0.36797176208897486,0.016725822234136496,0.006100045140848413,0.5098049503666583,0.47742695007182984,0.050501309844117645,-0.010646204433589062,0.5593068611194151,0.5236564339010098,0.1265120510991637,-0.11000025187352513,-0.18095001302537642,-0.23709539294821055,-0.001476861031088401,-0.012279956923469148,-0.0792626053008376,-0.010534166591994921,0.008261134802523806,-0.01619224620067675,-0.006032690112592361,0.0007355311148560919,-0.007017615577528532,0.0039036932962544526,0.03853461982615873,-0.13037199038973263,-0.13307458835189642,-0.016125753654544415,-0.02611464163765144,0.05136303189781645,0.10936687757319905,-0.1621998134782897,-0.008753735887510284,-0.01143607917271735,0.12305526137111177,0.11309255758764034,-0.012769271016886961
curve_curvature,0.01984209328445702,0.026310139392735837,0.016456339526767373,-0.01908330175013096,0.02157640100067673,0.010204011717342608,0.007066759617599717,0.0029862945719711692,0.017686583246412615,-0.025534304825016875,0.01084248718462004,0.0076666767793454405,-0.010913646080684765,-0.01683137179427307,0.023833673204539312,-0.026324527853300184,-0.010012822750223188,-0.005451998592400933,0.0032508941867952206,-0.6139309896210432,1.0,-0.0498771549359043,-0.388799411763909,-0.4393759783911788,0.024305432052064972,-0.0031839532200772075,-0.45368753913922394,-0.5052725868795986,0.048684091917889985,0.02052172155896864,-0.4513786859960983,-0.49948133087840463,0.03880515022475255,-0.01632417492812031,-0.004463750608697679,0.009518889552123256,-0.030475422607182515,0.00719271164549997,-0.030521744385663255,0.004918088271457012,0.00685901380608915,0.019970361038863266,0.00595661104212076,0.01284904830124655,0.008340831609733437,-0.013959129771302895,0.007745794412061974,0.016207364828177945,0.01813442858171775,0.007897983454291912,0.013724918763371891,0.012514484763218611,-0.031730128667553,-0.0013371585900362674,-0.008658873128547403,0.010638620303395052,-0.0523589091589998,-0.03703204276840512,-0.0013796326032500226
term_structure_slope,0.22940641417010244,0.22086152456799724,0.025964110587889888,0.19761527460342138,0.23015220049873983,0.11021791162112715,0.3886020020665575,0.3882657454998638,0.05327810998893381,0.19262347600721139,0.38003057402660845,0.17228754524890877,0.4683972729676696,0.48144676653481755,0.05362268156896608,0.1773808718308204,0.45294845400493045,0.2069177656111064,0.3274940376914947,0.5713268204970597,-0.0498771549359043,1.0,0.05676015326872712,0.06640247461279018,0.12915660068076884,0.012061283805099542,0.11480752804159554,0.13532293471756615,0.2537499137303187,0.0473501999553067,0.16957746387099545,0.1810101916630479,0.3909625277674836,-0.2643493849679579,-0.36187756403626986,-0.4466606565905368,-0.11185882391745716,-0.006076890505872773,-0.2385600256599415,-0.013906764005278571,0.05722834862159886,0.0005135996915351544,0.004120646272473508,0.015630562182291093,0.006009784386717782,0.05145876215526776,0.05771284164722861,-0.19041299318907548,-0.18515605543486174,0.006201013508934427,-7.968363592334757e-05,0.15705337268696493,0.09333836426153418,-0.3186922723325972,0.01030127027307256,0.032113730030266206,0.09997178680864854,0.10439662190784593,-0.012794056844729876
carry_change_5,0.019086037519779567,0.017597684882098754,-0.003519074189752584,0.002421650338460525,0.017706132033300837,0.009332048421725579,0.009907787092268838,0.010772947490859719,0.0030358747206010277,-0.00021928428278613238,0.010938184120366562,0.003383825886023929,0.0044988643404805274,0.0036239226313431196,-0.0025634041695287548,-0.00180464674938285,0.004053530180300143,0.0044495374416212525,0.011478377736322395,0.40098765991470786,-0.388799411763909,0.05676015326872712,1.0,0.8940520659182624,0.2078697937451494,0.13849495884679927,0.43730668551458707,0.40012785567471026,0.12301157917537904,0.07694867508596262,0.3396686856018426,0.3030278348806076,0.0769045028195007,-0.009361612977283338,-0.010576215424470755,-0.006339685327959866,0.04578047899384238,-0.0019114844011023078,-0.022666235425699687,0.00930139184407368,0.0021836385469007993,0.0028733556534704155,-0.006745018660157087,0.007845961519507052,-0.00737818978561232,-0.009909703981030962,0.009982593925142823,-0.0017138513357933902,-0.0003404567937552214,-0.001896822878552295,0.001048051486861444,-0.007045903570661389,-0.007039282649301563,-0.00711125155261065,-0.002556972108410196,0.008044800098104146,0.02996348023166277,0.024497426517854724,-0.009443805126812288
basis_momentum_5,0.02191034069972575,0.019495388025483035,-0.006782181498101041,0.0018912128166135714,0.021826741702103872,0.010462843295317225,0.01736340647892704,0.020045895497583732,0.00275331580448772,-0.0003937678658237469,0.017438324874304946,0.005440202001315025,0.007243639433869699,0.007780206882158334,-0.0029805369365538017,-0.001470668055112413,0.006152514477902968,0.005542232693146148,0.01593660374082082,0.36797176208897486,-0.4393759783911788,0.06640247461279018,0.8940520659182624,1.0,0.2257791558924359,0.1480363158770389,0.4000710763877448,0.443283986580179,0.13472566388891133,0.08280153586036731,0.3107690974282389,0.3332276862645448,0.08889673313431826,-0.013942866594588207,-0.0158552994729383,-0.0119487565286872,0.03996112252431293,-0.004586056047148755,-0.02545007685544836,0.005020189320971131,0.00504844716368461,-0.000838378579414792,-0.007880161212352275,0.003074648792508013,-0.009562422120500395,-0.007617228680838559,0.007479780421266158,-0.0013709683383127985,-0.0003029429104261013,-0.002016336621341614,0.0021571892650022787,-0.006774855746332994,-0.005780926911195004,-0.014690315778911089,-0.0021315841763034802,0.011299483914837585,0.03410651520869227,0.027725760334024723,-0.008877412211025957
term_structure_momentum_5,0.18225200599296887,0.18816005591623364,0.012726454693958562,-0.008342188669947997,0.17959837296966707,0.08575659346719937,0.09253499650817647,0.09031759210314359,0.028609591733916265,-0.015339094305422034,0.09831168763678863,0.04057475518767071,0.040146170964634166,0.041205179498403785,0.015626123485221355,-0.01677695789091034,0.0413229744238435,0.018675543189214973,0.09793560974802012,0.016725822234136496,0.024305432052064972,0.12915660068076884,0.2078697937451494,0.2257791558924359,1.0,0.678576215576665,0.07347374332675283,0.0854245522487591,0.47275126272845525,0.3480434013899809,0.023400614319456337,0.022132423398599364,0.24503584029834738,-0.17939431565590933,-0.12221606896523386,-0.07415633909692136,-0.3212983378741084,0.016061087579615222,-0.20950255965040954,0.01436329879163221,0.07925995118924448,0.05492530322203941,0.003426074024200938,0.05227713089645926,0.0024508240438239,-0.013415272101126963,0.02678542757996286,0.004095293623100518,0.010515929371827203,0.014061855754906571,0.010236101590112751,0.006185510193123453,-0.020184599292876058,-0.08098879503632637,-0.002027565525680888,0.11443206693899358,-0.0009632585826618238,0.003526874219987362,0.020001904080431954
term_structure_acceleration_5,0.012046538849697993,0.01707111025804396,0.0031679910301663024,-0.004155106704488223,0.013554270172782433,-0.0008554276974805275,0.004009097749382082,0.0030816292105617423,0.0049607718615091,0.0011938502557794798,0.006346726624476995,0.0021756349565376807,0.0008513402837362542,0.0006448026815941771,0.0005264941448704783,0.0031065943374731283,0.0016740947138062237,0.0006619841187878727,0.00481868780054242,0.006100045140848413,-0.0031839532200772075,0.012061283805099542,0.13849495884679927,0.1480363158770389,0.678576215576665,1.0,-0.013272728202542943,-0.015309206029792483,0.01350783596604714,0.005595165282536719,-0.007888027340602986,-0.007563361509599195,0.005616764559718903,-0.02811152762417566,-0.013466504657731236,-0.006918838203090627,-0.2197629407459468,0.021431216186793375,-0.018052754978428485,0.01058180216862353,0.025778775009499415,0.02224652514587183,0.005365977135300575,0.013232160594954235,0.007030886196001334,0.0016315012481247985,0.002113755556089787,0.0018881655494027202,-0.0014809809789408806,0.0018964896654994903,-0.00048680922775041666,0.0011919446121529936,-0.0022714979565935252,-0.004962025099105136,-0.0008002378415755587,0.009547699459144524,-0.010512325978946158,-0.012085522374370324,0.030037918780982553
carry_change_20,0.010755798888192235,0.00068964170836241,-0.010928512893548317,0.007552920159224844,0.01048880142627731,0.006393046498155559,0.03412211953601239,0.039611319763612075,0.013206462974907185,-0.0006693380856858202,0.03672082786172907,0.0019342941860051694,0.015937198756111198,0.01609435265748943,0.007153737908258684,-0.0046897250600585845,0.016768290048684756,0.009787297683227697,0.015531461660316406,0.5098049503666583,-0.45368753913922394,0.11480752804159554,0.43730668551458707,0.4000710763877448,0.07347374332675283,-0.013272728202542943,1.0,0.906747089787745,0.23514237273084618,0.1287332893973433,0.4763457287635035,0.43393230803310795,0.1703911956163396,-0.018049362485061275,-0.02465546240610984,-0.01978850610384323,0.04273572859098483,-0.013327831867624165,-0.004483210125207994,-0.003022772577920747,0.00206243396847449,-0.014358368010490634,-0.008578566118314139,0.008896139934389523,-0.010361547466212873,-0.009963393502700606,0.009550108231268131,-0.004659903441268742,0.0012626069870932258,0.000815387883263815,0.008814782822749589,-0.01975940367287158,-0.008725781778289005,-0.030700444576433387,-0.005579617001823892,0.00862746616668569,0.04623511748524173,0.03743621178322024,-0.008089203898921475
basis_momentum_20,0.009693417295386614,-0.001630072144931825,-0.016086354126560832,0.005296392050327237,0.010697599661076947,0.0061038792143656906,0.03937372177090242,0.047779387525414364,0.009498626820819013,-0.00017018344266099441,0.03934458887890902,0.0065003727641419545,0.016669205076333963,0.019689695187948806,0.0062574060311051845,-0.004169885683956654,0.01687935167652085,0.011299741762532296,0.020504559139668085,0.47742695007182984,-0.5052725868795986,0.13532293471756615,0.40012785567471026,0.443283986580179,0.0854245522487591,-0.015309206029792483,0.906747089787745,1.0,0.26534209565722944,0.15134342737908243,0.44873021853540784,0.47713166827818765,0.19222125585655123,-0.019462949130214142,-0.026593387025036847,-0.023397104428852834,0.03967759056729561,-0.012732100524025021,-0.0017896986228807701,-0.010222157866626516,-0.0036235409930563136,-0.016124539055390102,-0.008820892066010156,0.0005466503535281801,-0.012176377556966373,-0.005994950745484309,0.005165113667381435,-0.003395181875506431,0.0010353547205341985,4.514012233769007e-06,0.009380937513038803,-0.023418920061649362,-0.0064731397012297775,-0.03454483310846826,-0.0008913205478306581,0.008753394881566663,0.046314370848590726,0.038938577508543314,-0.006550369726784342
term_structure_momentum_20,0.3243588771808321,0.3263909175473712,0.0217140790202076,0.01735962979794253,0.31606872899103244,0.16475764051365904,0.18977547363941497,0.19127233796558565,0.03902317611473598,-0.011825392590987846,0.19498174177818692,0.08246049356552944,0.08812090476945096,0.09071110887781426,0.03394002166388232,-0.019508657043150062,0.09146108346914592,0.037412911342286,0.1876088443866225,0.050501309844117645,0.048684091917889985,0.2537499137303187,0.12301157917537904,0.13472566388891133,0.47275126272845525,0.01350783596604714,0.23514237273084618,0.26534209565722944,1.0,0.7049334976459378,0.09260584976138811,0.08979458096639513,0.5088548809360594,-0.26694197491957977,-0.2035597153566967,-0.13794531721529021,-0.1612062275013106,-0.011595991150638568,-0.36367721676781706,-0.010299581355257926,0.08513726249351687,0.037460086319409724,-0.003131436986680232,0.06314571028288697,-0.00714487012045751,-0.022475259347207694,0.04572302678536028,-0.014118093888573855,0.008535933898638165,0.023507512434359397,0.022606905121603085,0.012008609808450936,-0.014738619764994878,-0.16849296385197055,-0.0037028468770320716,0.20005014337479493,0.026757531591192544,0.03366121287812504,-0.01029858471309104
term_structure_acceleration_20,0.23690925191141607,0.23933681566362267,0.020555807765940463,0.005061611246356945,0.22891329245977626,0.12335931259135563,-0.0034767951662050696,-0.007679206291249033,0.02033673594154369,-0.002142725303254056,0.0005629399176785108,0.0027262198317219094,0.007168263799944359,0.012353259294988308,0.010621038966434251,0.0009195518755334882,0.004954324141930904,0.005045212618701603,0.0807429403323859,-0.010646204433589062,0.02052172155896864,0.0473501999553067,0.07694867508596262,0.08280153586036731,0.3480434013899809,0.005595165282536719,0.1287332893973433,0.15134342737908243,0.7049334976459378,1.0,-0.03501248645989681,-0.03703612117794661,0.010287103023431627,-0.12182856844441586,-0.059497595677173276,-0.032406975296080845,-0.12193025463190967,-0.014981411773928725,-0.26863534401279393,0.005339958582482044,0.0375652368900047,0.0394207709714932,-0.007994893487589954,0.045119003363888625,-0.01016094149808457,-0.012261195122600066,0.017533692153800625,0.0002244951563811674,0.003476637173877712,0.008142083137713361,0.012208417470167331,-0.006946385463948709,-0.009783637355240602,0.03225002165884527,-0.0003911436557153591,0.14296890048499125,0.00016510270890595998,-0.0023857752123063146,-0.00517710524706864
carry_change_60,0.0020355129868926854,-0.011869526793589064,-0.008429618959946615,-0.012624295190460237,0.004703961741896892,0.003228438328103059,0.0548573420373356,0.0621491260208097,-0.013178632022625649,-0.014035872591392924,0.05385428862188913,0.012063178371835652,0.036092164154795194,0.04432063300321273,-0.011633185294057574,-0.0249622068345985,0.035592410953660614,0.016652293519324585,0.025778459340864323,0.5593068611194151,-0.4513786859960983,0.16957746387099545,0.3396686856018426,0.3107690974282389,0.023400614319456337,-0.007888027340602986,0.4763457287635035,0.44873021853540784,0.09260584976138811,-0.03501248645989681,1.0,0.9208887589788476,0.3214118165575482,-0.011163514875486532,-0.0389941889402583,-0.025708150276156447,0.03663957226675318,-0.019610228068198815,0.013850050778102035,-0.0034006525765855316,0.01708874528352354,-0.017306788579752815,-0.010971786028287203,-0.007699578716918656,-0.015165134888602843,-0.021885391213917964,0.0020198282544742225,0.004155182030547415,0.005754311363331345,-0.028333999993120373,-0.014570239186788963,-0.03787046383342503,-0.008192712688730107,-0.07011608156303796,-0.012454116782450706,0.007701843625636576,0.03685470584231356,0.03133962671862099,-0.009420488216543618
basis_momentum_60,0.0028962369857494148,-0.010048723297667234,-0.009543326798744397,-0.01456379373294572,0.006119527209758361,0.00339886534481427,0.05360481724584761,0.06264282671320015,-0.02172350494405493,-0.01403806739045168,0.05234859789638453,0.01021355133802982,0.03712198873376121,0.04705519808449139,-0.012965789179468166,-0.023690901271344517,0.037143821212994005,0.014155991393961854,0.025705534469636526,0.5236564339010098,-0.49948133087840463,0.1810101916630479,0.3030278348806076,0.3332276862645448,0.022132423398599364,-0.007563361509599195,0.43393230803310795,0.47713166827818765,0.08979458096639513,-0.03703612117794661,0.9208887589788476,1.0,0.34184226453861366,-0.010746370539572583,-0.03882015209114829,-0.02861175978505631,0.031058310066844928,-0.018594667469821333,0.011211436964423338,-0.004062304949206612,0.009096937208901083,-0.018715645462308556,-0.010173898347533876,-0.010225558322531275,-0.014201789536358617,-0.019919767211606314,-0.0012961440259331505,0.007065594684536858,0.0072093655016034364,-0.029791156626263124,-0.015855989196846915,-0.03488781025774551,-0.005816175258818542,-0.07181126481826543,-0.003769695643298787,0.004353768252279217,0.03262692129663196,0.02650697317693343,-0.004962332727443687
term_structure_momentum_60,0.1964928442246854,0.19047854355234556,5.316612803831475e-05,-0.008873868853253187,0.2001974948220399,0.09479712649262352,0.34337281468370195,0.3484458676187452,0.022820045432468794,-0.021438214077387482,0.3415117453086547,0.15248598743201985,0.15835265592669606,0.1576660239578906,0.0221812713178386,-0.043794466561125324,0.16618108787222688,0.06761615001929677,0.2112925721854903,0.1265120510991637,0.03880515022475255,0.3909625277674836,0.0769045028195007,0.08889673313431826,0.24503584029834738,0.005616764559718903,0.1703911956163396,0.19222125585655123,0.5088548809360594,0.010287103023431627,0.3214118165575482,0.34184226453861366,1.0,-0.237703646416603,-0.25705947875818963,-0.18703595422599864,-0.08986676281943562,-0.00789426639194076,-0.21316175496371936,-0.012591861143356942,0.09686262160847224,-0.004179090120073263,0.0035647116391888996,0.012518618471532007,0.002891740103123765,-0.04782697122157436,0.030812309848257353,0.0008000680861628901,0.00936872574657889,0.010555959864250375,0.00735490507810117,0.029644802788635686,-0.01893677272292607,-0.3598216901809904,-0.007262651027062583,0.12322596285535911,0.03557529090351964,0.049860970209006664,-0.015491769590496241
value_60,-0.804059701400213,-0.7472843649695874,-0.05183622663619358,-0.046346237711637824,-0.7277478356594747,-0.5752666800457868,-0.7341544799149976,-0.683051292109548,-0.0675585371285585,-0.012290138010554437,-0.6250420395329926,-0.5811187717352814,-0.519458286321,-0.4787241206350798,-0.06806091011354376,0.004922715391126522,-0.47309707240826043,-0.36411369408187527,-0.7634408465731037,-0.11000025187352513,-0.01632417492812031,-0.2643493849679579,-0.009361612977283338,-0.013942866594588207,-0.17939431565590933,-0.02811152762417566,-0.018049362485061275,-0.019462949130214142,-0.26694197491957977,-0.12182856844441586,-0.011163514875486532,-0.010746370539572583,-0.237703646416603,1.0,0.8500802998802073,0.662686476673233,0.4817639872393975,-0.022008217142938418,0.7260198420435268,-0.020451357077176463,-0.20076946574437124,-0.07834009872589788,-0.017742657576307788,-0.12454778742962577,-0.014418739392753208,0.03280172012929802,-0.10157935038105967,0.0586702716108974,0.02646293954111676,-0.16121450915292387,-0.1062543770589134,-0.03390189369901318,-0.0022721140576398105,0.5490893803323276,0.040548844310380784,-0.44899936656364126,-0.024595024443895747,-0.021974080676463198,-0.03191969821979865
value_120,-0.6638507959914084,-0.6122765045209974,-0.04772216127654097,-0.07048676473605678,-0.6199932244314779,-0.45421574228025524,-0.8427227886598453,-0.7756316514153787,-0.07993619401826162,-0.03603045123327609,-0.7409869393657565,-0.6272848757487168,-0.7530065047534664,-0.710993173129717,-0.09031878361064745,-0.003856694783709844,-0.6373248894560736,-0.5961019251220954,-0.8445081101891924,-0.18095001302537642,-0.004463750608697679,-0.36187756403626986,-0.010576215424470755,-0.0158552994729383,-0.12221606896523386,-0.013466504657731236,-0.02465546240610984,-0.026593387025036847,-0.2035597153566967,-0.059497595677173276,-0.0389941889402583,-0.03882015209114829,-0.25705947875818963,0.8500802998802073,1.0,0.8598771164162257,0.3563865900402333,-0.0026019626035375344,0.6016080513392309,0.004509222286269978,-0.20653036162265345,-0.04902534871219105,-0.011651675260219017,-0.08700741890330063,-0.00712255613187511,0.033683043465301765,-0.10912370078389272,0.08163249324677399,0.05197997425437933,-0.22118748437071584,-0.17876869375380677,-0.03627488718942926,-0.023678700247697176,0.6260085190472976,0.036707374354864535,-0.308575226173281,-0.03450197406830804,-0.03318039481727844,-0.0062476304353630205
value_252,-0.5140907720643523,-0.47289719598115204,-0.04362677959201258,-0.13608025808189791,-0.4850360419607148,-0.34636618375817124,-0.7626687827804352,-0.6892218286884622,-0.10343046884536608,-0.10860283125626694,-0.7001164090674832,-0.5283523678326103,-0.8488418570415427,-0.7924168881921003,-0.12568669965791,-0.07055047927493148,-0.7469267320596805,-0.6345297438652002,-0.7563769049739243,-0.23709539294821055,0.009518889552123256,-0.4466606565905368,-0.006339685327959866,-0.0119487565286872,-0.07415633909692136,-0.006918838203090627,-0.01978850610384323,-0.023397104428852834,-0.13794531721529021,-0.032406975296080845,-0.025708150276156447,-0.02861175978505631,-0.18703595422599864,0.662686476673233,0.8598771164162257,1.0,0.25696236369432945,0.0016979136151558153,0.4692244501104959,0.007903010624658431,-0.18796833500228305,-0.030084873040272676,-0.009855436401746943,-0.06459082465035018,-0.005875330664060232,0.0006185159221161789,-0.1253010982257701,0.14216183438899602,0.11939452369622038,-0.19944034883329656,-0.21092906622827298,-0.03820123704677888,-0.08752697811804513,0.5605714908694772,0.021652307677142397,-0.16951123682158964,-0.04184932002000146,-0.04294466160938962,0.0023450501944580473
reversal_5,-0.4472491362119663,-0.4472083033396399,-0.05582592386422604,-0.011467256205222872,-0.4350253599046794,-0.23153595229364582,-0.2561359409526749,-0.2430308882837358,-0.05319930813251482,-0.003331647525496963,-0.255863922711084,-0.12996377044396412,-0.19134952779505268,-0.1863911264481581,-0.03985393178104707,0.000518772308102832,-0.1868459824154108,-0.09449342725093367,-0.28323801288305306,-0.001476861031088401,-0.030475422607182515,-0.11185882391745716,0.04578047899384238,0.03996112252431293,-0.3212983378741084,-0.2197629407459468,0.04273572859098483,0.03967759056729561,-0.1612062275013106,-0.12193025463190967,0.03663957226675318,0.031058310066844928,-0.08986676281943562,0.4817639872393975,0.3563865900402333,0.25696236369432945,1.0,-0.06387616921328798,0.4759400553617147,-0.03932931070122687,-0.12995081858690952,-0.09788365253567452,-0.0267022997459467,-0.09274243242101249,-0.030590486981995416,0.00614510813819471,-0.04886594589258177,0.017706588764000945,0.00981924139946351,-0.04370383989004102,-0.028884251750816554,-0.005783987280802524,0.007956382905816297,0.20105419108176817,0.007905698705824592,-0.2865803469843704,-0.01609532454727187,-0.01732970967948835,-0.09191401482052532
oi_growth_5,0.007212379487460549,0.0030713105867112714,0.11910786689010604,-0.002435062090254335,0.0072421952010125286,0.006843379111428981,-0.008912816831458498,-0.008837591387473764,0.030795499320223033,-0.0033533639728004815,-0.011126789164727363,-0.0001380624349535063,-0.010050760888980647,-0.012514478056256106,0.012645324050733847,-0.0059790025099398505,-0.010423662287325625,-0.005583248059117446,-0.0015738628527039364,-0.012279956923469148,0.00719271164549997,-0.006076890505872773,-0.0019114844011023078,-0.004586056047148755,0.016061087579615222,0.021431216186793375,-0.013327831867624165,-0.012732100524025021,-0.011595991150638568,-0.014981411773928725,-0.019610228068198815,-0.018594667469821333,-0.00789426639194076,-0.022008217142938418,-0.0026019626035375344,0.0016979136151558153,-0.06387616921328798,1.0,0.0038173610523312114,0.42676751097919846,0.017567378937056215,0.31461803185308573,0.3483890717591103,0.2513142303990648,0.4294569457881374,0.04199647454355522,0.003391585503667419,-0.002505025848473986,0.003999933818185157,0.010000718202999616,0.009964245690807375,-0.004820631242881262,-0.011032734104312106,0.0034843976027734247,-0.0007844797306010388,-0.1236824217390021,-0.015516269640790803,-0.014010480440705561,0.03758742036953619
reversal_20,-0.901476976953609,-0.947006967348972,-0.08517904252084856,-0.04512662619315326,-0.8453437090514907,-0.4755470812706425,-0.5107016105983055,-0.4996148089566624,-0.08626523128384525,-0.0133881540220193,-0.5028109820445552,-0.24694631005834,-0.3689640015549097,-0.3623171009873502,-0.07728209458783498,0.0002998340279415005,-0.36380521081296524,-0.17507737735145604,-0.5804994355504876,-0.0792626053008376,-0.030521744385663255,-0.2385600256599415,-0.022666235425699687,-0.02545007685544836,-0.20950255965040954,-0.018052754978428485,-0.004483210125207994,-0.0017896986228807701,-0.36367721676781706,-0.26863534401279393,0.013850050778102035,0.011211436964423338,-0.21316175496371936,0.7260198420435268,0.6016080513392309,0.4692244501104959,0.4759400553617147,0.0038173610523312114,1.0,-0.03183684709967299,-0.18769662396239725,-0.07818825072507508,0.0012566055968395852,-0.11467961919665451,0.003998035491106991,0.03964429368176093,-0.0936978803409493,0.0504346099708668,0.024901116909454436,-0.09043115752391591,-0.06926004005032907,-0.01616776191187206,-0.003892483808066829,0.40320988852805245,0.04386002797799961,-0.5408636008403049,-0.04880743177987385,-0.05051480250531869,0.005086897640106736
oi_growth_20,0.048369599885653175,0.04087652232666954,0.182081914232246,0.011536605907357009,0.04779219910563802,0.030008859437589845,-0.01897888589555301,-0.022401397585302515,0.08574443042861878,-0.006520560991951908,-0.013861535492794043,-0.022468241443960455,-0.02174924396449264,-0.02613008032004327,0.031557402843048865,-0.01252031414921585,-0.021237183782033126,-0.01800022967294347,-0.0011482421126423137,-0.010534166591994921,0.004918088271457012,-0.013906764005278571,0.00930139184407368,0.005020189320971131,0.01436329879163221,0.01058180216862353,-0.003022772577920747,-0.010222157866626516,-0.010299581355257926,0.005339958582482044,-0.0034006525765855316,-0.004062304949206612,-0.012591861143356942,-0.020451357077176463,0.004509222286269978,0.007903010624658431,-0.03932931070122687,0.42676751097919846,-0.03183684709967299,1.0,0.058141485561858636,0.3190234797216421,-0.010311231880492116,0.36387025654119215,0.14895960988767984,0.028251704160251735,-0.0024705906577059014,-0.019107227774792578,0.006118175564429751,0.02134993502655239,0.015749594035473116,0.007245152387439988,-0.015827070680302334,0.006231586673565495,-0.0004902198582976286,-0.25711491757960103,-0.009515935680182235,-0.0032489699269176355,0.010138221341899949
price_oi_20,0.17808483173947237,0.1478544834833415,0.06056318471081956,-0.01018276739554515,0.2182588992141087,0.06349787173974003,0.18459243835199246,0.17624407995700495,0.00935543518464841,-0.0307354415295972,0.18109347806717815,0.10685014603777122,0.14683321032973232,0.14723477287384182,0.013942525512118692,-0.03636530575968368,0.13169817112200896,0.10542196738791286,0.15043030889937956,0.008261134802523806,0.00685901380608915,0.05722834862159886,0.0021836385469007993,0.00504844716368461,0.07925995118924448,0.025778775009499415,0.00206243396847449,-0.0036235409930563136,0.08513726249351687,0.0375652368900047,0.01708874528352354,0.009096937208901083,0.09686262160847224,-0.20076946574437124,-0.20653036162265345,-0.18796833500228305,-0.12995081858690952,0.017567378937056215,-0.18769662396239725,0.058141485561858636,1.0,0.030309379061546623,0.00029077406691423543,0.04626361749737401,0.006522812234325564,0.0005738631352205564,0.0016981389066416158,-0.0020660366695520946,0.014519286430241897,0.02007675681928761,0.017668312580930906,-0.0019871520003407754,0.0019709839009291845,-0.1634641435669715,0.001760560190178501,0.058747559165782885,-0.018348841954976266,-0.015195649445771304,-0.005321976696114178
volume_shock_20,0.09471878859679982,0.08190957508846737,0.14080247366025148,0.036234152279764724,0.08943484245492977,0.06868969905379559,0.01815525085211632,0.009743222562534735,0.07972631196494669,-0.011766923358574117,0.01962429020515786,0.015458481929296117,0.011168460497847671,0.008315858378275745,0.028544276249398207,-0.01922153454856462,0.006440181774983727,0.013348602174567183,0.043048267482260046,-0.01619224620067675,0.019970361038863266,0.0005135996915351544,0.0028733556534704155,-0.000838378579414792,0.05492530322203941,0.02224652514587183,-0.014358368010490634,-0.016124539055390102,0.037460086319409724,0.0394207709714932,-0.017306788579752815,-0.018715645462308556,-0.004179090120073263,-0.07834009872589788,-0.04902534871219105,-0.030084873040272676,-0.09788365253567452,0.31461803185308573,-0.07818825072507508,0.3190234797216421,0.030309379061546623,1.0,0.11074941968729748,0.8389742200967023,0.16042458011357638,0.03748133011352022,0.28393714252022045,-0.03780313519934845,0.010779859581274379,0.013142195668044634,0.008607894375543787,-0.015523280130139134,-0.014305237751412382,-0.016773201461799014,-0.00023687537294861264,-0.44090456016304014,-0.019229576960063475,-0.011535479633043647,0.025199666167695985
oi_surprise_20,0.0022685714399000184,0.0023885185823791636,0.02225446267262314,-0.0036345711198956412,0.0009082921344522884,0.006367315350721543,0.00841315675657005,0.007195293217314707,-0.0024059903700688807,0.0004217849401263835,0.0045991235613918645,0.011839680255566757,0.005678584113112878,0.003560789178898333,0.002608827779964494,0.0023862847109231656,0.004507334136579947,0.010334099712608086,0.00876236844200493,-0.006032690112592361,0.00595661104212076,0.004120646272473508,-0.006745018660157087,-0.007880161212352275,0.003426074024200938,0.005365977135300575,-0.008578566118314139,-0.008820892066010156,-0.003131436986680232,-0.007994893487589954,-0.010971786028287203,-0.010173898347533876,0.0035647116391888996,-0.017742657576307788,-0.011651675260219017,-0.009855436401746943,-0.0267022997459467,0.3483890717591103,0.0012566055968395852,-0.010311231880492116,0.00029077406691423543,0.11074941968729748,1.0,0.039667804119051416,0.943284483455157,0.017950684714251246,0.0029313244488081733,0.002220930828243003,-0.0009856318821739277,0.0060348816135233525,0.0034929791985416386,-0.0017394133213851446,-0.002223007463718043,-0.005008111710220622,-0.004189412456677113,0.00397979303697421,-0.009234573960120389,-0.010465651827044592,0.08050037563739723
volume_shock_60,0.13040046513838935,0.11815446267814936,0.16048464470470156,0.12745239537206574,0.12426572039989786,0.09011666420184601,0.05288010396526418,0.038121508705121446,0.16051445985537965,0.01962593360919599,0.05324806311849762,0.04187640177853177,0.030723983142840215,0.026635877258842984,0.06587590020624881,-0.01896839393566736,0.02639832441700601,0.02259303481926448,0.07109671505733722,0.0007355311148560919,0.01284904830124655,0.015630562182291093,0.007845961519507052,0.003074648792508013,0.05227713089645926,0.013232160594954235,0.008896139934389523,0.0005466503535281801,0.06314571028288697,0.045119003363888625,-0.007699578716918656,-0.010225558322531275,0.012518618471532007,-0.12454778742962577,-0.08700741890330063,-0.06459082465035018,-0.09274243242101249,0.2513142303990648,-0.11467961919665451,0.36387025654119215,0.04626361749737401,0.8389742200967023,0.039667804119051416,1.0,0.08318638625671149,0.0077982797359057885,0.33047557049223797,-0.12819337898808536,-0.023353860663322783,0.037197447831767275,0.02583257615139239,-0.017443323826891392,0.017390814689646594,-0.05656500296308773,0.013299036021134166,-0.39970632958881763,-0.023158511852595327,-0.009725659712862154,0.01483068119220714
oi_surprise_60,0.002437733630520685,0.0005010406271786927,0.04826117824056829,-0.009271164999536804,0.0020112491170686244,0.003625545816329741,-0.0006421374617377758,-3.3429602504282578e-06,-0.0012061630000377653,-0.0036718110581746254,-0.003663473617315188,0.0025550635707717226,0.0030650949944128164,0.0014357958997247393,0.0006552703544488223,0.00039259435320884413,0.0014004522839544983,0.01022769654637759,0.004731054570862304,-0.007017615577528532,0.008340831609733437,0.006009784386717782,-0.00737818978561232,-0.009562422120500395,0.0024508240438239,0.007030886196001334,-0.010361547466212873,-0.012176377556966373,-0.00714487012045751,-0.01016094149808457,-0.015165134888602843,-0.014201789536358617,0.002891740103123765,-0.014418739392753208,-0.00712255613187511,-0.005875330664060232,-0.030590486981995416,0.4294569457881374,0.003998035491106991,0.14895960988767984,0.006522812234325564,0.16042458011357638,0.943284483455157,0.08318638625671149,1.0,0.028613290967157468,-0.005818294546274359,0.007135481905876717,0.0037665247378937125,0.007219948775365615,0.004906249456511256,-0.004601636124165783,-0.007300890295568832,0.0037117089099281855,-0.005660253936808754,-0.049205788090625244,-0.016051370909539692,-0.016143064724868986,0.09114284421571205
amihud_20,-0.031549317649854344,-0.028128940277509513,0.009506313033493755,0.207233572202226,-0.03408369041089535,-0.016216899887661805,-0.04333605369421438,-0.04546355562353718,0.009950109380849103,0.19137700027258098,-0.03604494056908407,-0.03223253519712822,-0.035447269796539047,-0.02429660769782735,-0.0007086546691851402,0.19969379383068592,-0.04150456178968702,-0.008021484259625915,-0.02365260538066473,0.0039036932962544526,-0.013959129771302895,0.05145876215526776,-0.009909703981030962,-0.007617228680838559,-0.013415272101126963,0.0016315012481247985,-0.009963393502700606,-0.005994950745484309,-0.022475259347207694,-0.012261195122600066,-0.021885391213917964,-0.019919767211606314,-0.04782697122157436,0.03280172012929802,0.033683043465301765,0.0006185159221161789,0.00614510813819471,0.04199647454355522,0.03964429368176093,0.028251704160251735,0.0005738631352205564,0.03748133011352022,0.017950684714251246,0.0077982797359057885,0.028613290967157468,1.0,-0.11849949961608096,-0.1860096437585878,-0.1702127858092191,0.0034423688677668787,0.005174996668758499,0.0411917972258744,0.16694632868904033,0.009073165200313238,-0.006409460715635619,-0.028464113811944382,0.02920993284365439,0.022522160909096273,-0.0033019179311141685
volume_oi_turnover,0.08587680935816557,0.09463606871036558,0.022153713918887746,0.4771812139959673,0.0775312502065833,0.04666655007713472,0.08881696264458556,0.0895134535292065,0.04385279001295491,0.46749652766092176,0.08031374267483428,0.0467006897331765,0.08298824626877044,0.08331150736389939,0.015464031625965808,0.44609808562277115,0.07208078921097522,0.06102857186268306,0.08751709297923124,0.03853461982615873,0.007745794412061974,0.05771284164722861,0.009982593925142823,0.007479780421266158,0.02678542757996286,0.002113755556089787,0.009550108231268131,0.005165113667381435,0.04572302678536028,0.017533692153800625,0.0020198282544742225,-0.0012961440259331505,0.030812309848257353,-0.10157935038105967,-0.10912370078389272,-0.1253010982257701,-0.04886594589258177,0.003391585503667419,-0.0936978803409493,-0.0024705906577059014,0.0016981389066416158,0.28393714252022045,0.0029313244488081733,0.33047557049223797,-0.005818294546274359,-0.11849949961608096,1.0,-0.49313188384307116,-0.4930182087599092,-0.025475086344266856,-0.030147136678442488,0.0015409801822799747,0.30082347490243994,-0.06989559096476387,0.022703799968428844,-0.11355323612356741,-0.0019446681540810846,0.0028136817461746023,-0.0014404342174095706
low_vol_20,-0.03562901518804964,-0.05116779485222629,-0.048937896061946484,-0.9489886326044346,-0.02935874900558674,-0.00736588984420347,-0.08080827618558079,-0.09228751732958426,-0.1301092813971285,-0.874708156319351,-0.0812570490996004,-0.011813099578045754,-0.1103601945751099,-0.13335350267261895,-0.11253805350324002,-0.8317597683787354,-0.1005945753401111,-0.03994256360628763,-0.06519219163126963,-0.13037199038973263,0.016207364828177945,-0.19041299318907548,-0.0017138513357933902,-0.0013709683383127985,0.004095293623100518,0.0018881655494027202,-0.004659903441268742,-0.003395181875506431,-0.014118093888573855,0.0002244951563811674,0.004155182030547415,0.007065594684536858,0.0008000680861628901,0.0586702716108974,0.08163249324677399,0.14216183438899602,0.017706588764000945,-0.002505025848473986,0.0504346099708668,-0.019107227774792578,-0.0020660366695520946,-0.03780313519934845,0.002220930828243003,-0.12819337898808536,0.007135481905876717,-0.1860096437585878,-0.49313188384307116,1.0,0.8964094442273093,0.03894654223165711,0.030126013778378754,-0.08930514113136015,-0.6003565223443423,0.06983987381886597,-0.11528785105801354,0.020676988056203407,-0.07563082026385094,-0.07475440802585001,0.009367545800515525
low_vol_60,-0.016372007007071504,-0.026193846625030777,-0.018741764525564513,-0.8703380509474012,-0.012487598115182286,0.0025407973899723613,-0.05591518329467054,-0.07179473509931002,-0.0623903855451536,-0.9560314197021824,-0.055429295578093306,0.0005983734210187872,-0.0891478879301711,-0.11202982252051984,-0.09162459291653309,-0.9189443054622026,-0.08305975167815191,-0.02283922657441865,-0.041025808968866616,-0.13307458835189642,0.01813442858171775,-0.18515605543486174,-0.0003404567937552214,-0.0003029429104261013,0.010515929371827203,-0.0014809809789408806,0.0012626069870932258,0.0010353547205341985,0.008535933898638165,0.003476637173877712,0.005754311363331345,0.0072093655016034364,0.00936872574657889,0.02646293954111676,0.05197997425437933,0.11939452369622038,0.00981924139946351,0.003999933818185157,0.024901116909454436,0.006118175564429751,0.014519286430241897,0.010779859581274379,-0.0009856318821739277,-0.023353860663322783,0.0037665247378937125,-0.1702127858092191,-0.4930182087599092,0.8964094442273093,1.0,0.05333145478027195,0.04333376647739927,-0.09189014563420299,-0.6571015545441157,0.05261236890454231,-0.04872724774673084,-0.020280306450502463,-0.07471457892183973,-0.07022514023786568,0.0062351670138984265
realized_skew_60,0.07912235261934024,0.08989266951123703,-0.007234171564276458,-0.04362775571762795,0.0848662030865893,0.04067305665447966,0.2364585087200871,0.1928236419727672,0.01752256512147239,-0.06293145507985086,0.22526177020283633,0.20755471371237805,0.15708749681215534,0.10726558350759349,0.027481742545231135,-0.07913081260246775,0.13849092766876234,0.16214225805938104,0.17834257145523058,-0.016125753654544415,0.007897983454291912,0.006201013508934427,-0.001896822878552295,-0.002016336621341614,0.014061855754906571,0.0018964896654994903,0.000815387883263815,4.514012233769007e-06,0.023507512434359397,0.008142083137713361,-0.028333999993120373,-0.029791156626263124,0.010555959864250375,-0.16121450915292387,-0.22118748437071584,-0.19944034883329656,-0.04370383989004102,0.010000718202999616,-0.09043115752391591,0.02134993502655239,0.02007675681928761,0.013142195668044634,0.0060348816135233525,0.037197447831767275,0.007219948775365615,0.0034423688677668787,-0.025475086344266856,0.03894654223165711,0.05333145478027195,1.0,0.6806427138233587,-0.012035521969477225,-0.006292201390123411,-0.19332380081592918,0.0008245828253677472,0.05516174396844364,-0.032139644247891265,-0.03103403593552015,-0.0015526983929112226
realized_skew_120,0.05216099163016412,0.06046220481090263,-0.01052206346571891,-0.03540181711304666,0.059824936742361653,0.020430023912539997,0.1337645928366097,0.10434319208901259,0.03157023809862299,-0.05412199196068897,0.1393413385519049,0.11319912858800986,0.2176201970018169,0.15198037436861117,0.06090095434376622,-0.07483713931977506,0.20678468874333153,0.20749558663590342,0.14562437865623107,-0.02611464163765144,0.013724918763371891,-7.968363592334757e-05,0.001048051486861444,0.0021571892650022787,0.010236101590112751,-0.00048680922775041666,0.008814782822749589,0.009380937513038803,0.022606905121603085,0.012208417470167331,-0.014570239186788963,-0.015855989196846915,0.00735490507810117,-0.1062543770589134,-0.17876869375380677,-0.21092906622827298,-0.028884251750816554,0.009964245690807375,-0.06926004005032907,0.015749594035473116,0.017668312580930906,0.008607894375543787,0.0034929791985416386,0.02583257615139239,0.004906249456511256,0.005174996668758499,-0.030147136678442488,0.030126013778378754,0.04333376647739927,0.6806427138233587,1.0,-0.01537772103006939,0.017920229358443136,-0.11958971897619765,0.03408880275586277,0.02914194524611373,-0.01757746203125829,-0.016842670058238914,-0.003198452443563507
seasonality_3y_month,0.026128747613737482,0.023392679378563323,0.010671447009467119,0.09451360578628391,0.025566891954189288,0.016564396561846256,0.05537343338763419,0.06084952311189834,0.019845245366216662,0.0970969268470815,0.049254522914836785,0.0340283381518329,0.03553142447560741,0.030819738240771975,-0.01945071478589686,0.10710467111088544,0.03920367981879694,0.01423973065602717,0.033453981692066266,0.05136303189781645,0.012514484763218611,0.15705337268696493,-0.007045903570661389,-0.006774855746332994,0.006185510193123453,0.0011919446121529936,-0.01975940367287158,-0.023418920061649362,0.012008609808450936,-0.006946385463948709,-0.03787046383342503,-0.03488781025774551,0.029644802788635686,-0.03390189369901318,-0.03627488718942926,-0.03820123704677888,-0.005783987280802524,-0.004820631242881262,-0.01616776191187206,0.007245152387439988,-0.0019871520003407754,-0.015523280130139134,-0.0017394133213851446,-0.017443323826891392,-0.004601636124165783,0.0411917972258744,0.0015409801822799747,-0.08930514113136015,-0.09189014563420299,-0.012035521969477225,-0.01537772103006939,1.0,0.038654424098227974,-0.013210579158963487,0.00222265178391349,0.015581007470500702,0.015608767209791919,0.014828243314206199,-0.010662745103794722
idiosyncratic_vol_60,-0.006744054324982579,-0.0003103582472101516,0.010356918895122746,0.6391894604690423,-0.0074309453731753764,-0.01208246862221677,0.027772851208783544,0.049737167237403235,0.06227718247665729,0.7034157594605213,0.036199954514684794,-0.019317295612388156,0.06483916043172418,0.08303621009417866,0.11758135518055836,0.6590915653803535,0.0736529113155495,-0.007415236998203169,0.008533697955958765,0.10936687757319905,-0.031730128667553,0.09333836426153418,-0.007039282649301563,-0.005780926911195004,-0.020184599292876058,-0.0022714979565935252,-0.008725781778289005,-0.0064731397012297775,-0.014738619764994878,-0.009783637355240602,-0.008192712688730107,-0.005816175258818542,-0.01893677272292607,-0.0022721140576398105,-0.023678700247697176,-0.08752697811804513,0.007956382905816297,-0.011032734104312106,-0.003892483808066829,-0.015827070680302334,0.0019709839009291845,-0.014305237751412382,-0.002223007463718043,0.017390814689646594,-0.007300890295568832,0.16694632868904033,0.30082347490243994,-0.6003565223443423,-0.6571015545441157,-0.006292201390123411,0.017920229358443136,0.038654424098227974,1.0,-0.04929377355112696,0.012383606577660742,0.015540385961652619,0.052801274539496436,0.05127527443646659,-0.0021133627442618433
relative_value_residual_60,-0.41163653129841227,-0.3822636273712812,-0.028777741123279365,-0.07118665992928079,-0.39804301496668637,-0.25341849707280656,-0.7533735217033627,-0.6853156504900401,-0.0717234825892412,-0.04531222601477813,-0.7192408346850059,-0.46814228678505243,-0.5237067427054979,-0.47533496857117796,-0.06409337117766654,-0.01843517682316269,-0.5114361166235917,-0.3202561252984617,-0.5459128047717527,-0.1621998134782897,-0.0013371585900362674,-0.3186922723325972,-0.00711125155261065,-0.014690315778911089,-0.08098879503632637,-0.004962025099105136,-0.030700444576433387,-0.03454483310846826,-0.16849296385197055,0.03225002165884527,-0.07011608156303796,-0.07181126481826543,-0.3598216901809904,0.5490893803323276,0.6260085190472976,0.5605714908694772,0.20105419108176817,0.0034843976027734247,0.40320988852805245,0.006231586673565495,-0.1634641435669715,-0.016773201461799014,-0.005008111710220622,-0.05656500296308773,0.0037117089099281855,0.009073165200313238,-0.06989559096476387,0.06983987381886597,0.05261236890454231,-0.19332380081592918,-0.11958971897619765,-0.013210579158963487,-0.04929377355112696,1.0,0.0294966019320685,-0.17847787859670777,-0.06838349615782527,-0.07631139962183134,0.006439813959867499
correlation_risk_20_120,-0.058303228831068046,-0.04687527328744956,-0.045362748958423765,0.11343644988308409,-0.05022921689671817,-0.04699349653807846,-0.03313264401876167,-0.02989465714568079,0.001216885665893367,0.04808837617944284,-0.030823650349814345,-0.016512581516531538,0.00016324917969719462,-0.002759797115086695,0.04789715013774895,0.01335030465440562,0.0033409159065093176,-0.010057695936377911,-0.02793434222361761,-0.008753735887510284,-0.008658873128547403,0.01030127027307256,-0.002556972108410196,-0.0021315841763034802,-0.002027565525680888,-0.0008002378415755587,-0.005579617001823892,-0.0008913205478306581,-0.0037028468770320716,-0.0003911436557153591,-0.012454116782450706,-0.003769695643298787,-0.007262651027062583,0.040548844310380784,0.036707374354864535,0.021652307677142397,0.007905698705824592,-0.0007844797306010388,0.04386002797799961,-0.0004902198582976286,0.001760560190178501,-0.00023687537294861264,-0.004189412456677113,0.013299036021134166,-0.005660253936808754,-0.006409460715635619,0.022703799968428844,-0.11528785105801354,-0.04872724774673084,0.0008245828253677472,0.03408880275586277,0.00222265178391349,0.012383606577660742,0.0294966019320685,1.0,-0.03236247114688821,-0.022038896343628298,-0.02152089447082618,0.006545483943023267
volume_price_divergence_20,0.5710698033698106,0.5400229373355627,-0.019948666681335048,-0.027013708432445115,0.5314787065968338,0.3822027371694584,0.2422481071501532,0.21568857610070474,0.007380465206597599,0.01279314947147481,0.24133628549390002,0.14865153741329606,0.060064182687240404,0.04181570715467501,0.028218165006079654,0.006333868066419277,0.07833026836026487,0.015756420826133273,0.2841040148677262,-0.01143607917271735,0.010638620303395052,0.032113730030266206,0.008044800098104146,0.011299483914837585,0.11443206693899358,0.009547699459144524,0.00862746616668569,0.008753394881566663,0.20005014337479493,0.14296890048499125,0.007701843625636576,0.004353768252279217,0.12322596285535911,-0.44899936656364126,-0.308575226173281,-0.16951123682158964,-0.2865803469843704,-0.1236824217390021,-0.5408636008403049,-0.25711491757960103,0.058747559165782885,-0.44090456016304014,0.00397979303697421,-0.39970632958881763,-0.049205788090625244,-0.028464113811944382,-0.11355323612356741,0.020676988056203407,-0.020280306450502463,0.05516174396844364,0.02914194524611373,0.015581007470500702,0.015540385961652619,-0.17847787859670777,-0.03236247114688821,1.0,0.02029046245331478,0.01689933547277125,0.0018603833132339138
interaction__tsmom_60__carry,0.02453387709748412,0.03421417397813387,0.04962667825668101,0.09118062003745808,0.02940218218565334,-0.013827138085328677,0.06771778373479194,0.10078865398812453,0.18245360204048655,0.09336790913864948,0.0742367439860715,-0.01849619281104778,0.07206660080839837,0.08018056898019653,0.1732558191278738,0.09425589092749614,0.08535241030396067,0.002479080913688429,0.03709386309118576,0.12305526137111177,-0.0523589091589998,0.09997178680864854,0.02996348023166277,0.03410651520869227,-0.0009632585826618238,-0.010512325978946158,0.04623511748524173,0.046314370848590726,0.026757531591192544,0.00016510270890595998,0.03685470584231356,0.03262692129663196,0.03557529090351964,-0.024595024443895747,-0.03450197406830804,-0.04184932002000146,-0.01609532454727187,-0.015516269640790803,-0.04880743177987385,-0.009515935680182235,-0.018348841954976266,-0.019229576960063475,-0.009234573960120389,-0.023158511852595327,-0.016051370909539692,0.02920993284365439,-0.0019446681540810846,-0.07563082026385094,-0.07471457892183973,-0.032139644247891265,-0.01757746203125829,0.015608767209791919,0.052801274539496436,-0.06838349615782527,-0.022038896343628298,0.02029046245331478,1.0,0.9464788012955693,-0.013147651247001308
interaction__momentum_quality_60__carry,0.027811481330944045,0.035152172480695056,0.06557126681524551,0.09111639512255058,0.03271187465339871,-0.010423527552691925,0.06801411017840109,0.0921492751086507,0.2197464595800853,0.0886338500731958,0.08179143265186016,-0.018695225555146567,0.07809570565565732,0.07907518580888599,0.17454459483872556,0.0896873320717195,0.09638158480241646,0.0063609379587245655,0.03457194900256496,0.11309255758764034,-0.03703204276840512,0.10439662190784593,0.024497426517854724,0.027725760334024723,0.003526874219987362,-0.012085522374370324,0.03743621178322024,0.038938577508543314,0.03366121287812504,-0.0023857752123063146,0.03133962671862099,0.02650697317693343,0.049860970209006664,-0.021974080676463198,-0.03318039481727844,-0.04294466160938962,-0.01732970967948835,-0.014010480440705561,-0.05051480250531869,-0.0032489699269176355,-0.015195649445771304,-0.011535479633043647,-0.010465651827044592,-0.009725659712862154,-0.016143064724868986,0.022522160909096273,0.0028136817461746023,-0.07475440802585001,-0.07022514023786568,-0.03103403593552015,-0.016842670058238914,0.014828243314206199,0.05127527443646659,-0.07631139962183134,-0.02152089447082618,0.01689933547277125,0.9464788012955693,1.0,-0.012030476353172014
interaction__tsmom_20__oi_surprise_20,-7.42744958361668e-05,-0.006361786520331809,-0.0020274279800021333,-0.009437890747661958,0.0037010148410909216,-0.0007295574246807461,-0.012801839959780202,-0.01061372868506163,0.004841847300247602,-0.005793163896820265,-0.014534446252202644,-0.0035564003958981354,-0.009253319373614002,-0.007422424358411701,-0.002459061836310399,-0.002504915060608664,-0.01048204744755412,-0.0018314086395113747,-0.006767820425816211,-0.012769271016886961,-0.0013796326032500226,-0.012794056844729876,-0.009443805126812288,-0.008877412211025957,0.020001904080431954,0.030037918780982553,-0.008089203898921475,-0.006550369726784342,-0.01029858471309104,-0.00517710524706864,-0.009420488216543618,-0.004962332727443687,-0.015491769590496241,-0.03191969821979865,-0.0062476304353630205,0.0023450501944580473,-0.09191401482052532,0.03758742036953619,0.005086897640106736,0.010138221341899949,-0.005321976696114178,0.025199666167695985,0.08050037563739723,0.01483068119220714,0.09114284421571205,-0.0033019179311141685,-0.0014404342174095706,0.009367545800515525,0.0062351670138984265,-0.0015526983929112226,-0.003198452443563507,-0.010662745103794722,-0.0021133627442618433,0.006439813959867499,0.006545483943023267,0.0018603833132339138,-0.013147651247001308,-0.012030476353172014,1.0
