rank,feature_name,source_factor,usage_type,category,rank_ic_mean,rank_ic_hit_rate,rank_icir,gross_annual_return,gross_sharpe,gross_max_drawdown,net_0bps_sharpe,net_3bps_sharpe,net_5bps_sharpe,net_10bps_sharpe,years_evaluated,years_rank_ic_positive,years_gross_sharpe_positive
10,carry_annualized__csz,carry_annualized,predictor,term_structure,0.0290998185730773,0.546896551724138,0.1111220286105459,0.0255275405806335,0.2788346735927853,-0.2092637217455718,0.2788346735927853,-0.0514737046394185,-0.2716792901275547,-0.8221932538478945,6,5,4
11,basis_fresh__csz,basis_fresh,predictor,basis_spot,0.028522075259036,0.5571192052980133,0.1292591295774111,0.0369782738854542,0.4634808159775814,-0.1487320217464038,0.4634808159775814,0.0844566376566117,-0.1682261478907015,-0.7999331117589846,6,5,4
12,warehouse_tightness__csz,warehouse_tightness,predictor,inventory_fundamental,0.0230017102255047,0.5402379286214136,0.1126787382530256,0.0538490231751872,0.8313674921320291,-0.0565670549670012,0.8313674921320291,0.3644963869629953,0.0532489835169726,-0.7248695250980836,6,5,5
13,information_divergence__csz,information_divergence,predictor,information_news,0.0227354211913412,0.5387299371946964,0.105967128786562,0.0213342564841519,0.284325768145846,-0.1249419770829383,0.284325768145846,-0.1186885686845645,-0.3873647932381717,-1.0590553546221897,6,5,3
14,inventory_price_divergence__csz,inventory_price_divergence,predictor,information_news,0.0214340697633608,0.5457063711911357,0.1155839739554501,0.0182645740463127,0.3133468029070894,-0.1047814897518294,0.3133468029070894,-0.2054502572314871,-0.5513149639905386,-1.4159767308881663,6,5,3
15,term_structure_slope__csz,term_structure_slope,predictor,term_structure,0.0203720925302812,0.5462068965517242,0.0769802372051504,0.0109160080963481,0.1071901158022828,-0.2320658878596666,0.1071901158022828,-0.1897526011003763,-0.3877144123688161,-0.8826189405399149,6,4,3
16,nonlinear_tightness__csz,nonlinear_tightness,predictor,factor_interaction,0.0197089184244921,0.5240753663642708,0.0921721054756605,0.0394013792916686,0.5388764208466398,-0.1107782101880107,0.5388764208466398,0.1252964076756779,-0.1504236011049634,-0.8397236230565664,6,4,4
17,tightness_composite__csz,tightness_composite,predictor,inventory_fundamental,0.0193730737942364,0.5247732030704815,0.0906375430326178,0.038287505792531,0.5234735939161057,-0.1107782101880107,0.5234735939161057,0.1100269315557951,-0.1656041766844122,-0.8546819472849301,6,4,4
18,information_consistency__csz,information_consistency,predictor,information_news,0.0189604718628572,0.5366364270760642,0.0883576542068129,0.0235359270024185,0.3215787762862099,-0.1028710018875795,0.3215787762862099,-0.0915998588232414,-0.3670522822295425,-1.0556833407452948,6,4,5
19,short_reversal_5__csz,short_reversal_5,predictor,value_reversion,0.0181756848077032,0.5262068965517241,0.0661944500436517,0.0468884044370519,0.4377858508451002,-0.2026362964795087,0.4377858508451002,0.155442182117178,-0.0327869303681034,-0.5033597115813068,6,5,4
20,inventory_acceleration__csz,inventory_acceleration,predictor,inventory_fundamental,0.0177691491505796,0.5440666204024983,0.0985105262483059,0.0128998969108495,0.1953405742586255,-0.1501504216393804,0.1953405742586255,-0.2625777336475896,-0.5678566055850667,-1.3310537854287587,6,5,4
21,term_structure_acceleration__csz,term_structure_acceleration,predictor,term_structure,0.0158983859867872,0.5344827586206896,0.0698057654458787,0.0106575813129969,0.1275694213704428,-0.1881100906554939,0.1275694213704428,-0.2343981948219571,-0.475709938950224,-1.0789892992708907,6,5,4
29,inventory_change_5__csz,inventory_change_5,predictor,inventory_fundamental,0.0130361802518817,0.5277008310249307,0.0707663433598391,0.0219550648464476,0.3766635859675507,-0.1009578010187741,0.3766635859675507,-0.1421372884239317,-0.4880045380182536,-1.3526726620040577,6,4,4
30,term_structure_momentum__csz,term_structure_momentum,predictor,term_structure,0.012759894667376,0.54,0.0538386037710447,0.0010504144338997,0.0118668367388179,-0.2164971816681897,0.0118668367388179,-0.329763220313591,-0.5575165916818638,-1.1269000201025454,6,5,3
31,fundamental_underreaction__csz,fundamental_underreaction,predictor,information_news,0.0127440396167579,0.5175718849840255,0.0555408264918961,-0.0080562939263724,-0.1105000942109356,-0.1559822666770645,-0.1105000942109356,-0.5252718092795904,-0.8017862859920272,-1.4930724777731184,6,4,2
33,value_252__csz,value_252,predictor,value_reversion,0.0125577481194222,0.5075862068965518,0.0455254470982619,-0.0022094732528288,-0.0218096866754826,-0.1470914436290462,-0.0218096866754826,-0.3203084008926327,-0.5193075437040663,-1.0168054007326497,6,4,2
36,sector_relative_value_60__csz,sector_relative_value_60,predictor,industry_chain,0.0108895297431895,0.5241379310344828,0.0436599776701658,0.0297845175665317,0.3172029927830505,-0.1202537166612114,0.3172029927830505,-0.0048508555068418,-0.2195534210334369,-0.756309834849924,6,5,4
38,basis_surprise__csz,basis_surprise,predictor,basis_spot,0.0073750488743293,0.5095435684647303,0.0339472099176027,-0.0038799735073762,-0.0555535113014439,-0.1883053482794762,-0.0555535113014439,-0.4885302258490831,-0.7771813688808425,-1.4988092264602408,6,3,2
41,price_oi_interaction_20__csz,price_oi_interaction_20,predictor,trading_liquidity,0.0057082408635348,0.5110344827586207,0.0252159024999004,-0.00487069639693,-0.0530550794823919,-0.1767658894079263,-0.0530550794823919,-0.3824506058713417,-0.602047623463975,-1.151040167445558,6,4,3
42,fundamental_composite_news__csz,fundamental_composite_news,predictor,information_news,0.0043288703079753,0.5095846645367412,0.0216621057564757,-0.0081104634341683,-0.1389159800476928,-0.1122770285926361,-0.1389159800476928,-0.6568665596588051,-1.0021669460662137,-1.8654179120847345,6,3,2
44,warehouse_surprise__csz,warehouse_surprise,predictor,information_news,0.0021393938917047,0.4895251396648045,0.0105569473388597,0.0051121647941811,0.0769781566894727,-0.0966824205845761,0.0769781566894727,-0.3783709081410044,-0.6819369513613229,-1.4408520594121184,6,3,3
45,basis_shock_20__csz,basis_shock_20,predictor,basis_spot,0.0015252987345592,0.5058430717863105,0.006818119931869,-0.0464881797673811,-0.6223295398047921,-0.3481258400693282,-0.6223295398047921,-1.0271473962548656,-1.2970259672215811,-1.9717223946383704,6,3,1
47,vol_managed_momentum__csz,vol_managed_momentum,predictor,trend_momentum,-0.0005668155527512,0.5131034482758621,-0.0025389787571616,0.002045899158362,0.03122505480324,-0.1160758490962718,0.03122505480324,-0.4303058341414364,-0.7379930934378878,-1.507211241679015,6,2,3
49,inventory_surprise__csz,inventory_surprise,predictor,information_news,-0.0007314131087266,0.4869281045751634,-0.0039825018879609,-0.0228556343946552,-0.4380149333776573,-0.1540921376593352,-0.4380149333776573,-1.017546936586362,-1.4039016053921651,-2.3697882774066734,6,2,0
50,curve_curvature__csz,curve_curvature,predictor,term_structure,-0.0027006338870919,0.4972413793103448,-0.0131253360261393,0.0123417836567336,0.1667536915774697,-0.1928166646402684,0.1667536915774697,-0.2418283880923055,-0.5142164412054893,-1.1951865739884475,6,3,3
51,trend_efficiency_60__csz,trend_efficiency_60,predictor,trend_momentum,-0.0049974029308336,0.4903448275862069,-0.0205138892280223,-0.0314776958427341,-0.3564153512717561,-0.179612431819456,-0.3564153512717561,-0.6988165319777997,-0.9270839857818288,-1.497752620291901,6,2,3
53,basis_momentum_20__csz,basis_momentum_20,predictor,basis_spot,-0.0056556152560231,0.4841402337228714,-0.0238950447311777,-0.0242877685541853,-0.331835098467547,-0.2210087572135911,-0.331835098467547,-0.7449934071557865,-1.0204322796146128,-1.7090294607616787,6,2,1
54,inventory_scarcity__csz,inventory_scarcity,predictor,inventory_fundamental,-0.0057653796982428,0.4868421052631579,-0.032787904680977,-0.0213539866529079,-0.383897046691471,-0.2128390115662776,-0.383897046691471,-0.9275447917540616,-1.2899766217957886,-2.1960561969001064,6,3,2
61,momentum_carry_interaction__csz,momentum_carry_interaction,predictor,factor_interaction,-0.0064718313607187,0.4786206896551724,-0.0297628920171982,-0.0189993282423509,-0.2479894504811135,-0.1448299013809713,-0.2479894504811135,-0.6426981942267267,-0.9058373567238024,-1.563685262966491,6,3,3
62,tsmom_60__csz,tsmom_60,predictor,trend_momentum,-0.0068028192858416,0.4917241379310345,-0.0254036320367946,-0.019247227789227,-0.1889089876837137,-0.2150371892987073,-0.1889089876837137,-0.4857105764690317,-0.6835783023259105,-1.178247616968107,6,2,3
63,momentum_quality_60__csz,momentum_quality_60,predictor,trend_momentum,-0.006991504295523,0.4944827586206896,-0.0261834275035621,-0.0127172149611678,-0.1236291262158522,-0.2047269598091512,-0.1236291262158522,-0.4176042448391569,-0.6135876572546934,-1.1035461882935345,6,2,3
65,volume_price_divergence_20__csz,volume_price_divergence_20,predictor,trading_liquidity,-0.0085650430448296,0.48,-0.0336232974534038,-0.0270779631836922,-0.2769501733893796,-0.3003200941721812,-0.2769501733893796,-0.5862412816784509,-0.792435353871165,-1.3079205343529503,6,2,3
67,csmom_60__csz,csmom_60,predictor,trend_momentum,-0.0086730388948848,0.4972413793103448,-0.0300258746745117,-0.0289253813298974,-0.2480851486728999,-0.283011657250568,-0.2480851486728999,-0.5074454250442364,-0.6803522759584612,-1.112619403244022,6,2,3
68,carry_change_20__csz,carry_change_20,predictor,term_structure,-0.00904875764513,0.476551724137931,-0.0418580174963897,-0.0432979110968534,-0.506706470601833,-0.3019281262549939,-0.506706470601833,-0.86059891674603,-1.0965272141754947,-1.686347957749156,6,2,0
69,multi_horizon_trend__csz,multi_horizon_trend,predictor,trend_momentum,-0.009523554064433,0.4951724137931034,-0.0374816136063227,0.0002499132095313,0.0029181368742117,-0.2236532208119682,0.0029181368742117,-0.3501822824339207,-0.585582561972676,-1.1740832608195635,6,2,4
74,seasonality_3y__csz,seasonality_3y,predictor,value_reversion,-0.0138056763095778,0.4862068965517241,-0.0563031787199484,0.0062990825974877,0.072980374428907,-0.1734306129838203,0.072980374428907,-0.2773764415954347,-0.5109476522783293,-1.0948756789855656,6,2,2
