feature_name,source_factor_id,source_factor,horizon,coverage,missing_rate,stale_rate,ic_mean,ic_std,icir,ic_hit_rate,ic_t_nw,ic_p_nw,rank_ic_mean,rank_ic_std,rank_icir,rank_ic_hit_rate,rank_ic_t_nw,rank_ic_p_nw,ic_days,rank_ic_days,nonoverlap_rank_ic_mean,nonoverlap_rank_ic_t,nonoverlap_rank_ic_p,pooled_beta,pooled_t_two_way_cluster,pooled_p_two_way_cluster,pooled_observations,group_spread,group_monotonicity,group_days,gross_annual_return,gross_sharpe,average_one_way_turnover,gross_max_drawdown,net_1bps_annual_return,net_1bps_sharpe,net_3bps_annual_return,net_3bps_sharpe,net_5bps_annual_return,net_5bps_sharpe,rank_ic_q_bh,transformation,category,usage_type,expected_direction,economic_meaning,baseline_rank_ic,candidate_rank_ic,delta_rank_ic,baseline_mse,candidate_mse,mse_reduction,oos_rows,inner_oos_first_year,inner_oos_last_year,correlation_cluster,rank_ic_q_bh_cluster,rank_ic_mean_cluster,coverage_cluster,cluster_representative,max_abs_factor_correlation,year_direction_consistency,year_count,product_direction_consistency,sector_direction_consistency,worst_product_correlation,worst_sector_correlation,classification,classification_reason,enter_ml
tsmom_20,1,时间序列动量,5,0.9812621849953065,0.018737815004693514,0.0011011625388114665,0.00016564391436885918,0.2761996885613524,0.0005997252032819168,0.5041623309053069,0.014855657942347025,0.9881473358507099,-0.0030169343796984153,0.27479224629728954,-0.010978964728264144,0.495837669094693,-0.27591623508510726,0.7826124039765854,1922,1922,-0.005302143907260704,-0.38131115155002004,0.7029723798835686,0.0001526406273822966,0.4695056665066645,0.6387082354677398,53997,0.0010035996997779832,0.39999999999999997,1922,0.01732050636095947,0.19115137696146736,0.19756836275527864,-0.18094392236632573,0.012341783619526451,0.13619747521558312,0.002384338136660407,0.026308946869759518,-0.007573107346205637,-0.08355044961256583,0.8976347428256148,20日累计收益/已实现波动率,趋势与动量,predictor,1,价格冲击与机构调仓可能形成中期延续,0.015160669018288598,0.009763263421671756,-0.005397405596616842,0.0011292134099565585,0.0011292577520523814,-3.926812720418793e-05,35415,2018,2022,29,0.8976347428256148,-0.0030169343796984153,0.9812621849953065,False,0.9348557999297737,0.375,8,0.4,0.2,-0.07698077570268345,-0.015043386647065615,E,开发期未发现足够稳定的方向或增量证据,False
csmom_20,2,横截面动量,5,0.9891688930608709,0.010831106939129143,0.23227308830962523,-0.0031980558923625983,0.31203995261473605,-0.010248866741468575,0.5088449531737773,-0.2548620258356357,0.7988296669019157,-0.006496427814044078,0.3043713713832847,-0.021343754455353633,0.5067637877211238,-0.5348383959999043,0.5927616099709383,1922,1922,-0.009457150191299248,-0.625889754292315,0.531387255254149,-1.5439736314053194e-06,-0.005153855339446473,0.9958878366007538,54034,0.0003454643856908043,0.09999999999999999,1922,-0.003393589054968958,-0.03239650071448458,0.190472481827622,-0.2517712534183466,-0.00819349559702504,-0.07821344908538988,-0.017793308681137196,-0.16982923345354267,-0.02739312176524935,-0.2614186241426578,0.867958305927404,20日收益横截面百分位,趋势与动量,predictor,1,过去相对强势品种可能继续跑赢弱势品种,0.015160669018288598,0.010857596600543307,-0.004303072417745291,0.0011292134099565585,0.0011298441048546435,-0.0005585258663455348,35415,2018,2022,29,0.867958305927404,-0.006496427814044078,0.9891688930608709,True,0.9482318310166155,0.5,8,0.3333333333333333,0.2,-0.11453911131584255,-0.04598960333472945,E,开发期未发现足够稳定的方向或增量证据,False
trend_efficiency_20,3,趋势效率,5,0.9812621849953065,0.018737815004693514,0.0011011625388114665,0.002569888026499526,0.24869206672294622,0.01033361482078354,0.49791883454734653,0.2687703765920763,0.7881063908397886,0.0020785914738381283,0.24174087159186217,0.00859842797848215,0.5046826222684704,0.23014006215211766,0.8179829351697305,1922,1922,-0.004429075100614904,-0.34647829123091584,0.7289832961530501,0.00028957246311900255,0.8216969804019557,0.41124937817663254,53997,0.0003909610473374712,0.6,1922,-0.003176293048805719,-0.04070855574223807,0.34838179300796124,-0.2414982661925119,-0.011955514232606355,-0.15321657339665404,-0.029513956600207596,-0.3781801102950947,-0.047072398967808834,-0.6030547858577238,0.9105847768870585,20日净路径/总路径,趋势与动量,conditional,0,区分平滑趋势与高噪声路径,0.015160669018288598,0.011082157850688543,-0.004078511167600055,0.0011292134099565585,0.0011293920329623196,-0.0001581835675932903,35415,2018,2022,10,0.9105847768870585,0.0020785914738381283,0.9812621849953065,True,0.2817428969609036,0.5,8,0.43333333333333335,0.2,-0.0719142863265972,-0.04479329325156928,C,经济角色主要是条件变量而非独立方向信号,True
realized_vol_20,24,已实现波动率,5,0.9864972200158856,0.013502779984114421,0.0013358365224925989,0.027645673759343174,0.370270523633794,0.07466344738444634,0.5253623188405797,1.8282346953034796,0.06751433600894134,0.020116731477163013,0.3378371536086965,0.059545645771286106,0.5181159420289855,1.4733586264431497,0.14065436015339688,1932,1932,0.017041602582729243,1.0353871366479723,0.3004881505956737,0.0009001394072584469,1.7246530296883515,0.08459002053849746,54287,0.0019490199500370657,0.9999999999999999,1932,0.06177370269608981,0.5479503340774988,0.07747933884297521,-0.1513049763316091,0.059821223357246836,0.5306350997833754,0.05591626467956089,0.4960021601460294,0.052011306001874924,0.46136632699406305,0.518662953065651,20日平方收益和开方,波动率与风险,risk,0,历史二次变差估计未来风险状态,0.015160669018288598,0.015160669018288598,0.0,0.0011292134099565585,0.0011292134099565585,0.0,35415,2018,2022,11,0.518662953065651,0.020116731477163013,0.9864972200158856,False,0.9509777842768655,0.625,8,0.6333333333333333,0.8,-0.0927394898426739,-0.03202399275731333,D,主要用途是风险、波动或流动性刻画,False
momentum_quality_20,41,动量质量,5,0.9812621849953065,0.018737815004693514,0.001083110693912918,0.003283414626330639,0.2679678270012809,0.012253018069646637,0.5067637877211238,0.30696213162534286,0.7588721961602265,-0.00289690183845327,0.2748441135924756,-0.010540163296888517,0.4911550468262227,-0.2648361262165789,0.7911357055412198,1922,1922,-0.005466973515916786,-0.3927067448470503,0.6945360884221001,0.00023427428384451208,0.6520529863538302,0.514366991266431,53997,0.0010944818808462861,0.39999999999999997,1922,0.019749626857950342,0.21817291006481734,0.1966078227760471,-0.16766253942971465,0.01479510972399395,0.16343224834934827,0.004886075456081171,0.05396733577652169,-0.005022958811831585,-0.05547231681228744,0.8976347428256148,tsmom_20×trend_efficiency_20,趋势与动量,predictor,1,平滑趋势比震荡路径更可能持续,0.015160669018288598,0.010218542931658511,-0.004942126086630087,0.0011292134099565585,0.0011292804897432883,-5.940399408859321e-05,35415,2018,2022,29,0.8976347428256148,-0.00289690183845327,0.9812621849953065,False,0.9348557999297737,0.375,8,0.4,0.2,-0.07524498412085028,-0.01479382813055786,E,开发期未发现足够稳定的方向或增量证据,False
vol_managed_momentum_20,42,波动率管理动量,5,0.9812621849953065,0.018737815004693514,0.001083110693912918,0.003011636249611575,0.21052084103316188,0.014305644205255541,0.5093652445369407,0.36786338508154065,0.7129751032164442,0.005240699115179836,0.24081722120780755,0.02176214428891486,0.5052029136316337,0.5600398242196813,0.5754522742361405,1922,1922,0.00525166113438797,0.4328762335988814,0.6651046868115349,0.0002142432560152325,0.7608910079603451,0.4467221698473456,53997,0.0011282175049456842,0.09999999999999999,1922,0.022395766746308065,0.34257180677249505,0.2022931810314988,-0.16534500596913393,0.01729797858431429,0.2646186962805713,0.007102402260326757,0.10866655352125137,-0.0030931740636607787,-0.04733064318473574,0.867958305927404,方向×10%目标波动/20日年化波动,趋势与动量,risk,1,按波动缩放可稳定不同品种风险预算,0.015160669018288598,0.01448703901125784,-0.0006736300070307576,0.0011292134099565585,0.0011295452804254411,-0.0002938952601487478,35415,2018,2022,30,0.867958305927404,0.005240699115179836,0.9812621849953065,True,0.6840620255159849,0.375,8,0.6,0.8,-0.06507007229177612,-0.0019138885836092843,D,主要用途是风险、波动或流动性刻画,True
tsmom_60,1,时间序列动量,5,0.9594014008231642,0.04059859917683584,0.0010650588490143692,-0.0029650079997510246,0.2812771066445794,-0.010541234710216202,0.5069075451647184,-0.25597884417444117,0.7979671731090605,-0.0041192256448906025,0.27707850543180446,-0.014866637303644764,0.5015940488841658,-0.367425261941942,0.7133018310390826,1882,1882,-0.002369401787145641,-0.1667957587549971,0.8675307559620631,6.814277368846528e-05,0.2057447994417475,0.8369902622197196,52768,0.0001225396129099558,0.09999999999999999,1882,-0.02025664738060405,-0.22065811782246644,0.12727995758218452,-0.23801451512716554,-0.023464102311675103,-0.2556033052389149,-0.0298790121738172,-0.3254964802345958,-0.03629392203595931,-0.3953918748308715,0.8976347428256148,60日累计收益/已实现波动率,趋势与动量,predictor,1,价格冲击与机构调仓可能形成中期延续,0.015160669018288598,0.015160669018288598,0.0,0.0011292134099565585,0.0011292134099565585,0.0,35415,2018,2022,36,0.8976347428256148,-0.0041192256448906025,0.9594014008231642,False,0.9341995198784501,0.375,8,0.3333333333333333,0.4,-0.11535341690980713,-0.03896037672772468,E,开发期未发现足够稳定的方向或增量证据,False
csmom_60,2,横截面动量,5,0.9675066791826125,0.03249332081738754,0.34303920860711967,-0.007004142098549471,0.3081873818843836,-0.022726894448835914,0.5079702444208289,-0.5535174522592742,0.5799091334494049,-0.008230543480372375,0.2997910728683473,-0.027454264737185166,0.5026567481402763,-0.6788922144341053,0.49720615912991595,1882,1882,-0.007487663257616904,-0.48779035875139326,0.6256983411552526,-5.247155506734509e-05,-0.14514426636230207,0.884596968812396,52835,-0.00024004324763396586,-0.8999999999999998,1882,-0.013167607859680318,-0.1266843759764941,0.11623365146694946,-0.2292908013502959,-0.01609669587664745,-0.15486692524342177,-0.021954871910581698,-0.21123324951068134,-0.027813047944515962,-0.2676003016884875,0.867958305927404,60日收益横截面百分位,趋势与动量,predictor,1,过去相对强势品种可能继续跑赢弱势品种,0.015160669018288598,0.0020875683231836484,-0.01307310069510495,0.0011292134099565585,0.0011300929485320002,-0.0007788949083375921,35415,2018,2022,36,0.867958305927404,-0.008230543480372375,0.9675066791826125,True,0.9181566547127004,0.375,8,0.23333333333333334,0.0,-0.10101119863028789,-0.04672941271371157,E,开发期未发现足够稳定的方向或增量证据,False
trend_efficiency_60,3,趋势效率,5,0.9594014008231642,0.04059859917683584,0.0010650588490143692,-0.002738139647642272,0.26548232352581946,-0.010313830357055671,0.49946865037194477,-0.25434609393322305,0.799228192530196,-0.005612334582597917,0.2525244642612765,-0.0222249143227211,0.49415515409139216,-0.5640150254883618,0.5727439064399332,1882,1882,-0.006122247821158784,-0.49167910751975014,0.6229462100292389,3.8028997094559e-05,0.13444699541097155,0.893049121974658,52768,-0.00010242076850972295,-0.09999999999999999,1882,0.01247043607941809,0.14584431400813094,0.22279957582184517,-0.1780139576529266,0.0068558867687075736,0.08018236650082061,-0.004373211852713421,-0.051147369575655965,-0.015602310474134415,-0.18247764505680353,0.867958305927404,60日净路径/总路径,趋势与动量,conditional,0,区分平滑趋势与高噪声路径,0.015160669018288598,0.01638521375704104,0.0012245447387524422,0.0011292134099565585,0.0011292956924684426,-7.286710479932023e-05,35415,2018,2022,8,0.867958305927404,-0.005612334582597917,0.9594014008231642,True,0.42417398068338247,0.875,8,0.6666666666666666,0.8,-0.08335670474925037,-0.006576755499722184,C,经济角色主要是条件变量而非独立方向信号,True
realized_vol_60,24,已实现波动率,5,0.9753953354032782,0.024604664596721837,0.0015524586612751822,0.021578093800635766,0.37364688946242147,0.05774996235531602,0.5298117154811716,1.407987562022703,0.15913475303802704,0.018538788457090286,0.3429686904805718,0.05405388005276375,0.5146443514644351,1.329429095098292,0.1837064441434768,1912,1912,0.016885096298108145,0.9932679224465674,0.320579405469526,0.0006612748783532677,1.2151851810495,0.2242954710818582,53654,0.0018782102948173547,0.8999999999999998,1912,0.054681334101532426,0.4751597752130568,0.02845337508698678,-0.17791483822997944,0.05396430904934035,0.46892620961068127,0.052530258944956214,0.456458683044406,0.05109620884057208,0.44399068638275635,0.5215822086658696,60日平方收益和开方,波动率与风险,risk,0,历史二次变差估计未来风险状态,0.015160669018288598,0.015342492251178664,0.00018182323289006597,0.0011292134099565585,0.001129324574629028,-9.844434319448242e-05,35415,2018,2022,11,0.5215822086658696,0.018538788457090286,0.9753953354032782,False,0.9576557408076186,0.5,8,0.7,0.8,-0.08081664722772322,-0.021861714919543643,D,主要用途是风险、波动或流动性刻画,False
momentum_quality_60,41,动量质量,5,0.9594014008231642,0.04059859917683584,0.0010650588490143692,-0.004975088559095793,0.2826970184340575,-0.017598659464660372,0.4957492029755579,-0.4275621997123698,0.6689698914433355,-0.0041408910956134875,0.27633080552206385,-0.014985267704012302,0.5058448459086079,-0.37055043281380445,0.7109724065405072,1882,1882,-0.0026945807656175496,-0.1902068793539056,0.8491470205852714,-5.005382400266641e-06,-0.015342319811926266,0.9877590801221613,52768,0.00022133255837189104,0.09999999999999999,1882,-0.013585689267943773,-0.14776140146728098,0.12605160834217038,-0.22753984948842343,-0.016762189798166464,-0.18231311671766182,-0.023115190858611846,-0.25141870441123826,-0.02946819191905724,-0.3205257169713726,0.8976347428256148,tsmom_60×trend_efficiency_60,趋势与动量,predictor,1,平滑趋势比震荡路径更可能持续,0.015160669018288598,-0.000825116951115534,-0.015985785969404132,0.0011292134099565585,0.0011315116222232703,-0.002035232885518236,35415,2018,2022,36,0.8976347428256148,-0.0041408910956134875,0.9594014008231642,False,0.9341995198784501,0.375,8,0.3333333333333333,0.4,-0.11473651288098864,-0.039264945970707926,E,开发期未发现足够稳定的方向或增量证据,False
vol_managed_momentum_60,42,波动率管理动量,5,0.9594014008231642,0.04059859917683584,0.0010109033143187235,0.01401409034005318,0.20037710974195067,0.06993857910267687,0.5302869287991498,1.769969181901567,0.0767322747409789,0.010434173593055996,0.23616596952917057,0.04418152883693599,0.5196599362380446,1.1075420525203807,0.2680596413009422,1882,1882,0.004754403517308365,0.38105186007282127,0.7031647674280056,0.00045643380174908597,1.6090250557858248,0.10761086300777215,52768,0.0011358046699365,0.09999999999999999,1882,0.041856485629304774,0.6199691720063316,0.12778366914103922,-0.15104613479371531,0.0386363371669506,0.5723266434799789,0.03219604024224221,0.4770035260339395,0.025755743317533827,0.38163714902301404,0.6876312537719821,方向×10%目标波动/60日年化波动,趋势与动量,risk,1,按波动缩放可稳定不同品种风险预算,0.015160669018288598,0.005326966827624128,-0.00983370219066447,0.0011292134099565585,0.001130013433892226,-0.0007084789541228208,35415,2018,2022,38,0.6876312537719821,0.010434173593055996,0.9594014008231642,True,0.6945102214263071,0.5,8,0.7333333333333333,1.0,-0.0751760103831419,0.005698103833831509,D,主要用途是风险、波动或流动性刻画,True
tsmom_120,1,时间序列动量,5,0.9274676871976316,0.07253231280236838,0.0011011625388114665,0.010948328320820624,0.2826142565558755,0.038739476395296554,0.5225027442371021,0.9241610431830019,0.3554024750799143,0.007900736428824107,0.27965063200214635,0.028252167256905995,0.5252469813391877,0.6883448809477264,0.4912356250901335,1822,1822,0.013664345207094381,0.9662484752326019,0.3339198616677407,0.00034738927714984743,0.9636822295156614,0.33520526633275216,50979,0.0005163843914069193,0.7,1822,-0.00588278630336557,-0.06337139200104577,0.09089083607155897,-0.22710505251905833,-0.008173235372368868,-0.08804567435034383,-0.012754133510375434,-0.13739490620020733,-0.01733503164838202,-0.18674425744235945,0.867958305927404,120日累计收益/已实现波动率,趋势与动量,predictor,1,价格冲击与机构调仓可能形成中期延续,0.015160669018288598,0.018839484668992202,0.003678815650703604,0.0011292134099565585,0.001129139396428845,6.554432232290167e-05,35415,2018,2022,32,0.867958305927404,0.007900736428824107,0.9274676871976316,False,0.9318376416429278,0.5,8,0.23333333333333334,0.4,-0.08110086166328535,-0.04508394870575729,B,相对固定基准模型提供样本外增量信息,True
csmom_120,2,横截面动量,5,0.9350133583652249,0.06498664163477508,0.4136219221604448,0.01358495957235038,0.31053812757712945,0.04374651086596842,0.5329308452250274,1.0497538953136414,0.2938312775157338,0.012156207844935046,0.3010758021758572,0.04037590452996502,0.539517014270033,0.9831661543185619,0.32552566955274287,1822,1822,0.01844089182523059,1.2313416452250685,0.21819511230643918,0.0004688000122194507,1.1186374778950543,0.2632948279981906,51056,0.0012432666687259791,0.8999999999999998,1822,0.014369405416209602,0.13767019857481058,0.08736765242789339,-0.17988306580869107,0.012167740575026674,0.11657360127737555,0.007764410892660849,0.07438329611446957,0.0033610812102950246,0.03219736918867816,0.7113338705041419,120日收益横截面百分位,趋势与动量,predictor,1,过去相对强势品种可能继续跑赢弱势品种,0.015160669018288598,0.019628341097448185,0.0044676720791595875,0.0011292134099565585,0.0011291874866328378,2.2956974733159426e-05,35415,2018,2022,32,0.7113338705041419,0.012156207844935046,0.9350133583652249,True,0.9266489264832374,0.625,8,0.36666666666666664,0.6,-0.10931247135593086,-0.0398281838464932,B,相对固定基准模型提供样本外增量信息,True
trend_efficiency_120,3,趋势效率,5,0.9274676871976316,0.07253231280236838,0.0011011625388114665,-0.003925137212589814,0.26907015438217874,-0.0145877837012524,0.48792535675082327,-0.34376105121639666,0.7310259936712836,-0.006429537053733472,0.2595694785068748,-0.02477000412651822,0.47804610318331503,-0.5937490391097741,0.5526799783435191,1822,1822,-0.010547635764360588,-0.7815316484089618,0.4344898701786888,5.441996663406008e-07,0.001718318327745324,0.99862898101043,50979,-0.000447496780716804,-0.09999999999999999,1822,-0.008323845061844441,-0.09764105070878658,0.16387367652427895,-0.2651059761729879,-0.012453461710256264,-0.1460882164638414,-0.020712695007079923,-0.242991166739925,-0.028971928303903584,-0.3399022593254656,0.867958305927404,120日净路径/总路径,趋势与动量,conditional,0,区分平滑趋势与高噪声路径,0.015160669018288598,0.013232652113226488,-0.0019280169050621097,0.0011292134099565585,0.0011295271955245134,-0.0002778797747070602,35415,2018,2022,9,0.867958305927404,-0.006429537053733472,0.9274676871976316,True,0.42417398068338247,0.375,8,0.5666666666666667,0.6,-0.08756025370163416,-0.016753269477258897,C,经济角色主要是条件变量而非独立方向信号,True
realized_vol_120,24,已实现波动率,5,0.9597082821864394,0.04029171781356056,0.001967651093941801,0.022302432774648034,0.3734243917591125,0.05972409212367365,0.524442082890542,1.4384071355140977,0.15031856921983347,0.014302137721263234,0.3436397686883723,0.04161956509240071,0.5111583421891605,1.0139291163067383,0.3106165768477338,1882,1882,0.009360307516083313,0.5429232924045672,0.5871826179858458,0.0006470952406111586,1.106635753666591,0.26845144261043274,52744,0.0020744995003794875,0.7,1882,0.06219250909469343,0.5330748481957363,0.01726758571933545,-0.15575579851628996,0.06175736593456618,0.5293436742130433,0.06088707961431167,0.5218809478141965,0.06001679329405715,0.5144177377189598,0.7113338705041419,120日平方收益和开方,波动率与风险,risk,0,历史二次变差估计未来风险状态,0.015160669018288598,0.013898395982732114,-0.0012622730355564844,0.0011292134099565585,0.0011299741407493863,-0.0006736820393029462,35415,2018,2022,11,0.7113338705041419,0.014302137721263234,0.9597082821864394,False,0.9511434338496269,0.75,8,0.6,0.8,-0.07390725126635456,-0.013356612814273007,D,主要用途是风险、波动或流动性刻画,False
momentum_quality_120,41,动量质量,5,0.9274676871976316,0.07253231280236838,0.0011011625388114665,0.003201238351481333,0.27944507180382433,0.01145569800468216,0.5153677277716795,0.2716026919820312,0.7859275293412815,0.007395222178326711,0.27917309905632115,0.02648973774093749,0.526344676180022,0.6453957632019788,0.5186707483178459,1822,1822,0.013357157880814305,0.9440789929216183,0.34512928333512827,8.667421172096764e-05,0.23861561107426305,0.8114036588712605,50979,0.0004513119016737911,0.7,1822,-0.006949948768767108,-0.07490408978848438,0.09215041986126322,-0.21589554777097086,-0.009272139349270953,-0.09993236713287966,-0.013916520510278613,-0.14998901774431325,-0.018560901671286285,-0.20004501932157603,0.867958305927404,tsmom_120×trend_efficiency_120,趋势与动量,predictor,1,平滑趋势比震荡路径更可能持续,0.015160669018288598,0.01625437112746244,0.001093702109173842,0.0011292134099565585,0.0011294142090670623,-0.0001778221093845478,35415,2018,2022,32,0.867958305927404,0.007395222178326711,0.9274676871976316,False,0.9318376416429278,0.5,8,0.23333333333333334,0.4,-0.08097992150540635,-0.04587414122476107,B,相对固定基准模型提供样本外增量信息,True
vol_managed_momentum_120,42,波动率管理动量,5,0.9274676871976316,0.07253231280236838,0.001028955159217272,0.011150501157525982,0.20203345826100372,0.05519135916151488,0.5214050493962679,1.3750913520551054,0.16910312510331516,0.002932253718796639,0.2349858625824096,0.01247842609156241,0.5115257958287596,0.30627504805821004,0.7593952357063452,1822,1822,0.00733280219305788,0.5942714260211199,0.5523305868384136,0.0003100846761408443,1.2073549429251178,0.22729547975779218,50979,-7.844535257678261e-05,-0.09999999999999999,1822,0.0047770076598948885,0.07096217882774258,0.08679262504563709,-0.2585022171143724,0.0025898335087448272,0.03846904967955337,-0.001784514793555269,-0.026502699817807188,-0.006158863095855401,-0.091451687651419,0.8976347428256148,方向×10%目标波动/120日年化波动,趋势与动量,risk,1,按波动缩放可稳定不同品种风险预算,0.015160669018288598,0.015030880805579967,-0.0001297882127086307,0.0011292134099565585,0.0011290951123523745,0.00010476106920178372,35415,2018,2022,39,0.8976347428256148,0.002932253718796639,0.9274676871976316,True,0.6330831067629533,0.625,8,0.5666666666666667,0.4,-0.07938095737126433,-0.02829689218440869,D,主要用途是风险、波动或流动性刻画,True
multi_horizon_trend,4,多周期趋势一致性,5,0.9350133583652249,0.06498664163477508,0.7762293306375911,0.008405146845865085,0.25448951593024205,0.03302747783201024,0.5142700329308453,0.8050962893179907,0.42076411693904414,0.005157510153953339,0.25768560644135874,0.02001473898825245,0.5153677277716795,0.49887332872854123,0.617868624558491,1822,1822,0.0023973093536547125,0.17445733917271367,0.8615060549929978,0.0003108897481015134,0.9231579863620786,0.3559248798081517,51056,0.0006167714731390084,0.09999999999999999,1822,-0.006106169154139129,-0.07820760005209952,0.1838627236217598,-0.22458954938943465,-0.01073950978940747,-0.13753384156954426,-0.02000619105994416,-0.25613703917960473,-0.029272872330480856,-0.3746680770453671,0.867958305927404,20/60/120日趋势方向均值,趋势与动量,predictor,1,多个周期同向可降低单一参数偶然性,0.015160669018288598,0.012233985719676892,-0.002926683298611706,0.0011292134099565585,0.001129270957274396,-5.096230467159563e-05,35415,2018,2022,34,0.867958305927404,0.005157510153953339,0.9350133583652249,True,0.8424660592264196,0.375,8,0.36666666666666664,0.4,-0.07686576770185827,-0.041084106361706015,E,开发期未发现足够稳定的方向或增量证据,False
carry,5,Carry,5,0.9884287674200303,0.011571232579969726,0.0008123330204346884,0.026275263702231422,0.2620760407910181,0.10025816790777745,0.55870236869207,2.6668096603511886,0.007657502648426819,0.0391061150098138,0.23761686530727008,0.1645763441885508,0.5648815653964985,4.419588261465724,9.88891280459326e-06,1942,1942,0.044508101367066254,3.6027140581409705,0.0003149118832311759,0.0008351468149703348,2.1082248503890932,0.03501154472550966,54491,0.0028297035901187263,0.8999999999999998,1942,0.10228445253644447,1.2748245592748801,0.30428228845495026,-0.10803447322635573,0.09461653886737972,1.1793233694669885,0.07928071152925022,0.9882649879891028,0.06394488419112072,0.79714670302951,0.00029172292773550117,最近两个合格流动合约年化对数斜率,期限结构与Carry,predictor,1,期限结构反映便利收益、库存压力与持有补偿,0.015160669018288598,0.015160669018288598,0.0,0.0011292134099565585,0.0011292134099565585,0.0,35415,2018,2022,19,0.00029172292773550117,0.0391061150098138,0.9884287674200303,True,0.6243232443578314,1.0,8,0.7,1.0,-0.09528050656247386,0.00354044353588828,A,FDR后显著、方向一致且分组收益同向,True
curve_curvature,10,期限结构曲率,5,0.9789876525380894,0.021012347461910608,0.00014441475918838906,-0.010559351321898806,0.22754242207758663,-0.046406077712833324,0.46961894953656025,-1.3868559285595263,0.16548569880355757,-0.01831995092265553,0.2012620697318664,-0.09102535289964217,0.46601441812564365,-2.7865856430111093,0.005326654069095228,1942,1942,-0.018389974469921477,-1.8213635916430766,0.06855160575419786,-0.0003152879037728662,-0.9233023489719391,0.3558496641120128,54045,-0.001242050987090149,-0.39999999999999997,1942,-0.05238362810432759,-0.7518161426554338,0.4195829051044878,-0.3895718236030502,-0.06295711731296069,-0.9035347657377228,-0.08410409573022687,-1.2068852881726904,-0.10525107414749307,-1.510075758276372,0.052378765012769744,最近三个合格流动合约对数曲率,期限结构与Carry,predictor,0,曲线中部异常可能反映局部供需与换月压力,0.015160669018288598,0.01357229413433276,-0.0015883748839558374,0.0011292134099565585,0.0011293428679025762,-0.00011464435763532669,35415,2018,2022,20,0.052378765012769744,-0.01831995092265553,0.9789876525380894,True,0.6243232443578314,0.75,8,0.7333333333333333,1.0,-0.06473384421567481,0.0006415374462462461,B,存在预测或增量信息，但经济方向未预先固定，暂列辅助,True
term_structure_slope,44,期限结构斜率,5,0.9884287674200303,0.011571232579969726,0.0,0.05125756044517357,0.31271213323625857,0.16391292501096444,0.5710607621009269,4.054082151949363,5.03315276780689e-05,0.0513886469447353,0.28566961055260437,0.17988839220709613,0.5751802265705458,4.4380843722531536,9.07630430088216e-06,1942,1942,0.05747630060340941,3.9413744320388364,8.101604349184137e-05,0.0013400687223452156,3.106328380420714,0.0018942622873507804,54491,0.003310016310944997,0.9999999999999999,1942,0.09768106016966793,1.0616562813599124,0.07441760877012675,-0.10789621714750774,0.09580573642866075,1.0412923998375996,0.09205508894664637,1.0005576089381734,0.08830444146463197,0.9598141093926684,0.00029172292773550117,全部合格流动合约按持仓开方加权回归,期限结构与Carry,predictor,1,整条曲线斜率比两点Carry更稳健,0.015160669018288598,0.03826579867251321,0.02310512965422461,0.0011292134099565585,0.0011284154948843982,0.0007066114032341918,35415,2018,2022,27,0.00029172292773550117,0.0513886469447353,0.9884287674200303,True,0.5738115503103308,1.0,8,0.6,0.8,-0.09082754828820527,-0.029413306226796245,A,FDR后显著、方向一致且分组收益同向,True
carry_change_5,6,Carry变化,5,0.9835908729872193,0.016409127012780744,0.0,-0.0048548202118264185,0.2370594095279865,-0.020479339847732446,0.4925141972121838,-0.7040407095526933,0.48140742182513996,0.005799576400822815,0.2051013788762593,0.028276632914895152,0.504388229220444,0.9831775201487061,0.3255200766036429,1937,1937,0.006948174860147126,0.662120805401472,0.5078938030441262,-0.00018591228855538967,-1.050916175464903,0.2932970905972835,54287,0.00017760339374942366,0.39999999999999997,1937,0.057034242378832714,0.7794361883498997,0.5405289369740682,-0.08559648279797272,0.04341291316708619,0.5933132615828459,0.016170254743593144,0.2210078948979094,-0.01107240367989989,-0.15133489019257232,0.7113338705041419,Carry的5日变化,期限结构与Carry,predictor,1,期限结构边际收紧可能先于价格调整,0.015160669018288598,0.015533925586104773,0.0003732565678161749,0.0011292134099565585,0.0011290106978716658,0.00017951618631637892,35415,2018,2022,16,0.7113338705041419,0.005799576400822815,0.9835908729872193,False,0.8784631001593716,0.375,8,0.6666666666666666,0.8,-0.06894457991603244,-0.006116700029974621,E,开发期未发现足够稳定的方向或增量证据,False
basis_momentum_5,9,基差动量,5,0.9835908729872193,0.016409127012780744,0.0,-0.0017074570852450442,0.2344818312044891,-0.007281831076097274,0.4940629839958699,-0.2442257303022295,0.8070560004146168,0.00838977898401515,0.20507097907805694,0.04091158593835804,0.5172947857511616,1.3771481914855344,0.16846643577987352,1937,1937,0.011001611927771727,1.027637823536072,0.3041202252602543,-0.00013715673299466845,-0.8254080478911084,0.4091399673928542,54287,0.0002443929760109415,0.39999999999999997,1937,0.04149787602407479,0.5690445170919125,0.5316117121758543,-0.10898524761185957,0.02810126087724327,0.3853432305502026,0.0013080305835801967,0.01793610902084132,-0.025485199710082854,-0.3494356371789599,0.5215822086658696,近远月对数价差的5日变化,期限结构与Carry,predictor,1,近月相对远月走强刻画曲线动态收紧,0.015160669018288598,0.016887172916296184,0.0017265038980075857,0.0011292134099565585,0.0011290618611811867,0.0001342073819134391,35415,2018,2022,16,0.5215822086658696,0.00838977898401515,0.9835908729872193,True,0.8784631001593716,0.5,8,0.6666666666666666,0.8,-0.052770374069596546,-0.004344116741313722,B,相对固定基准模型提供样本外增量信息,True
term_structure_momentum_5,45,期限结构动量,5,0.9835908729872193,0.016409127012780744,0.0,0.010148911366491873,0.27266131391614584,0.037221677034876555,0.5188435725348477,1.0614934704550816,0.2884656987475913,0.009358596969659459,0.22762727033903155,0.04111368974253665,0.5152297367062467,1.1762429510211043,0.23949780554515376,1937,1937,0.006048650302737093,0.4887078370277732,0.6250485545999361,8.31189748109005e-05,0.288062942352837,0.7732985585293687,54287,0.0003950444549143984,0.7999999999999999,1937,0.06733443932106688,0.8580785117265465,0.34277434312210203,-0.13164000408343002,0.058696525874389886,0.747946239841075,0.041420698981035946,0.5277188321551111,0.024144872087682002,0.30755653637336894,0.6422895694165487,曲线斜率的5日变化,期限结构与Carry,predictor,1,曲线持续收紧可能代表供需冲击延续,0.015160669018288598,0.016626851154710395,0.0014661821364217974,0.0011292134099565585,0.0011294626885386414,-0.00022075418152576242,35415,2018,2022,23,0.6422895694165487,0.009358596969659459,0.9835908729872193,True,0.677537642453239,0.5,8,0.5333333333333333,0.8,-0.06412598381913036,-0.012143354275908827,B,相对固定基准模型提供样本外增量信息,True
term_structure_acceleration_5,46,期限结构加速度,5,0.9799082966279153,0.020091703372084657,0.0,0.010279279024416242,0.27447367496050257,0.037450874026062626,0.5108695652173914,1.1342287515708398,0.25669860661509747,0.010793028586563697,0.23346158939817863,0.046230425374838555,0.5232919254658385,1.4115690587565186,0.15807688824752386,1932,1932,-0.006479949333871208,-0.5361663323210353,0.5918435996973138,0.00015388098075142233,0.5921447472541252,0.5537536648032599,54111,0.0005529310970081409,0.6,1932,0.08765513496871671,1.16350838144814,0.40767045454545453,-0.10181019194336816,0.07738183951417126,1.027097751980809,0.05683524860508033,0.754292908167572,0.03628865769598944,0.4815342821956484,0.5215822086658696,曲线斜率5日二阶差分,期限结构与Carry,predictor,1,曲线收紧速度变化刻画供需冲击二阶变化,0.015160669018288598,0.018527243635343544,0.003366574617054946,0.0011292134099565585,0.0011297222454921755,-0.000450610603036135,35415,2018,2022,24,0.5215822086658696,0.010793028586563697,0.9799082966279153,True,0.677537642453239,0.625,8,0.6666666666666666,0.8,-0.10330912145842204,-0.013181630304271955,B,相对固定基准模型提供样本外增量信息,True
carry_change_20,6,Carry变化,5,0.9751426095746986,0.02485739042530144,0.0,-0.010015726481510565,0.2426148311780236,-0.04128241638352818,0.48283038501560877,-1.1578240948516683,0.2469358284402854,-0.0035565653711318868,0.20828925022319347,-0.017075126859983556,0.4885535900104058,-0.5071540983494313,0.6120466991769689,1922,1922,0.0012252809348861215,0.11929400700258645,0.9050424313149273,-0.00011373611530956765,-0.3970285462185103,0.6913464101352815,53831,-0.00018679512873749293,-0.09999999999999999,1922,0.03381873862893385,0.49579779523783724,0.41310141917618554,-0.14354007691515303,0.023408582865693965,0.3431893388228829,0.0025882713392142145,0.037946653595917666,-0.018232040187265538,-0.26728835386652505,0.867958305927404,Carry的20日变化,期限结构与Carry,predictor,1,期限结构边际收紧可能先于价格调整,0.015160669018288598,0.020868825402751992,0.005708156384463394,0.0011292134099565585,0.0011294204113908002,-0.00018331471484180558,35415,2018,2022,17,0.867958305927404,-0.0035565653711318868,0.9751426095746986,False,0.8962138519205941,0.375,8,0.5,0.4,-0.10937168573907587,-0.01316840750196729,B,相对固定基准模型提供样本外增量信息,True
basis_momentum_20,9,基差动量,5,0.9751426095746986,0.02485739042530144,0.0,-0.008852230968394943,0.23548955025475818,-0.0375907591603041,0.4890738813735692,-1.0596146755532498,0.2893199343488626,-0.0037014889767819125,0.20727694228703022,-0.017857697705981272,0.48647242455775236,-0.5238102298170026,0.600410537515734,1922,1922,-0.0018574851489382908,-0.18116277018496715,0.856239816115635,-0.00014852632960212083,-0.6115104223933426,0.5408617205960753,53831,-0.00027333507823959805,0.0,1922,0.02025271588628674,0.29355680376538124,0.3996019383869851,-0.16772561080991122,0.010182747038934717,0.14759217267921274,-0.009957190655769345,-0.14431031186161236,-0.030097128350473387,-0.4361394499123788,0.867958305927404,近远月对数价差的20日变化,期限结构与Carry,predictor,1,近月相对远月走强刻画曲线动态收紧,0.015160669018288598,0.021797635090384616,0.006636966072096018,0.0011292134099565585,0.0011291806932745296,2.897298397311441e-05,35415,2018,2022,17,0.867958305927404,-0.0037014889767819125,0.9751426095746986,True,0.8962138519205941,0.375,8,0.4666666666666667,0.6,-0.11113492848360251,-0.014559878726059112,B,相对固定基准模型提供样本外增量信息,True
term_structure_momentum_20,45,期限结构动量,5,0.9751426095746986,0.02485739042530144,0.0,-0.006651363237478518,0.28534168661186904,-0.02331017005070807,0.5031217481789803,-0.5870343816924187,0.5571806158230346,-0.0015321204753955566,0.24446380379722435,-0.006267269230034587,0.5078043704474505,-0.16218948963350138,0.8711566362745607,1922,1922,0.005226470544793364,0.42052535144843073,0.6741017135031471,-0.0003081017595115636,-0.7033745727856697,0.481822348335571,53831,-0.00021460652298868236,-0.3,1922,0.015972776668143424,0.19362330725699023,0.18129975770162687,-0.20797328083480848,0.011404022774062427,0.13823827917101839,0.0022665149859004315,0.027473238771920618,-0.0068709928022615665,-0.08328083511219347,0.9178257417892693,曲线斜率的20日变化,期限结构与Carry,predictor,1,曲线持续收紧可能代表供需冲击延续,0.015160669018288598,0.014668814180392701,-0.0004918548378958967,0.0011292134099565585,0.001129077342839892,0.00012049725540526093,35415,2018,2022,21,0.9178257417892693,-0.0015321204753955566,0.9751426095746986,True,0.712577875325953,0.5,8,0.5,0.8,-0.1357431087242843,-0.05330693085795755,E,开发期未发现足够稳定的方向或增量证据,False
term_structure_acceleration_20,46,期限结构加速度,5,0.9634269622355405,0.036573037764459526,0.0,0.0011593155349860597,0.27639895215550503,0.004194355752600018,0.5036803364879074,0.10658839233165018,0.915115527697896,0.005740668441291011,0.2379443765960125,0.024126094188128895,0.5173501577287066,0.6253948633131292,0.5317119326256193,1902,1902,0.006972749097145369,0.588863412840655,0.555952902929034,-0.00016702442711317783,-0.3390164446242322,0.7345973419683809,53202,-0.00029069798330636583,0.0,1902,0.018544777108197987,0.22836738854175812,0.20989419377404683,-0.1921929588936444,0.013255443425092016,0.16323653199200286,0.002676776058880037,0.03296482560397315,-0.007901891307331921,-0.09731458760239105,0.867958305927404,曲线斜率20日二阶差分,期限结构与Carry,predictor,1,曲线收紧速度变化刻画供需冲击二阶变化,0.015160669018288598,0.014394708380348993,-0.0007659606379396052,0.0011292134099565585,0.0011290844986005784,0.00011416031269507475,35415,2018,2022,22,0.867958305927404,0.005740668441291011,0.9634269622355405,True,0.712577875325953,0.5,8,0.5666666666666667,0.6,-0.10636724824163792,-0.05313414997038823,E,开发期未发现足够稳定的方向或增量证据,False
carry_change_60,6,Carry变化,5,0.9532637735576576,0.04673622644234243,0.0,-0.011947066728746979,0.24195070625031748,-0.049378102316373386,0.48990435706695007,-1.3624180698516395,0.1730659842733474,-0.0026311915389204913,0.20707266066520646,-0.012706609991236758,0.5005313496280552,-0.36762985204543897,0.7131492525912784,1882,1882,-0.011415416680376827,-1.084409030989061,0.2781834813010825,-0.0001904021599150836,-0.4269880149103249,0.6693880572107813,52611,-0.00020804729081475758,0.0,1882,0.02928185219525554,0.38731769296343094,0.36106398020501945,-0.16231004570759833,0.020183039894089053,0.26698509639197276,0.0019854152917560737,0.026266546684917708,-0.016212209310576917,-0.2145007552956874,0.8976347428256148,Carry的60日变化,期限结构与Carry,predictor,1,期限结构边际收紧可能先于价格调整,0.015160669018288598,0.021452179510021555,0.006291510491732957,0.0011292134099565585,0.0011291023177751513,9.838014712509839e-05,35415,2018,2022,18,0.8976347428256148,-0.0026311915389204913,0.9532637735576576,True,0.9140352753121612,0.375,8,0.5333333333333333,0.4,-0.16390777028581247,-0.005864913693491439,B,相对固定基准模型提供样本外增量信息,True
basis_momentum_60,9,基差动量,5,0.9532637735576576,0.04673622644234243,1.8051844898548633e-05,-0.007781272914407425,0.23859839931592777,-0.03261242714417482,0.5010626992561105,-0.8948119647038486,0.37088761333127596,-0.002026484529894216,0.207645750037841,-0.009759335452446838,0.5085015940488842,-0.2801468156662375,0.7793648683772679,1882,1882,-0.01796369686571116,-1.6505165124402101,0.09883733886428699,-0.00014151735695099108,-0.36864783763843123,0.7123902337884636,52611,-0.00038705250084789856,0.0,1882,0.019972632486737345,0.2650077857449814,0.34359314245316364,-0.1586979317830285,0.011314085296917627,0.1501372027223985,-0.0060030090827218364,-0.07967409673811697,-0.023320103462361283,-0.30955806434536104,0.8976347428256148,近远月对数价差的60日变化,期限结构与Carry,predictor,1,近月相对远月走强刻画曲线动态收紧,0.015160669018288598,0.018225417732344623,0.003064748714056025,0.0011292134099565585,0.0011291666287270225,4.1428156204589144e-05,35415,2018,2022,18,0.8976347428256148,-0.002026484529894216,0.9532637735576576,False,0.9140352753121612,0.625,8,0.5333333333333333,0.6,-0.17436806236604063,-0.0181044769269105,B,相对固定基准模型提供样本外增量信息,True
term_structure_momentum_60,45,期限结构动量,5,0.9532637735576576,0.04673622644234243,0.0,0.005841607007668671,0.26817819517360986,0.02178255769037078,0.5212539851222104,0.5328196568884742,0.5941584253628591,0.0002054103477006225,0.22530774350778593,0.0009116879185003428,0.5111583421891605,0.023243143984526052,0.9814563239694162,1882,1882,0.0013258021658942268,0.11445482098048629,0.9088772586101145,6.064179726518469e-05,0.1579862327282914,0.8744676471620376,52611,0.00026709781881370737,0.3,1882,0.010835582264571278,0.13453488017580204,0.11667550371155887,-0.16560772248527988,0.007895359571039985,0.09802765049901555,0.0020149141839774253,0.02501599398210042,-0.003865531203085144,-0.047989938726694076,0.9909136639529299,曲线斜率的60日变化,期限结构与Carry,predictor,1,曲线持续收紧可能代表供需冲击延续,0.015160669018288598,0.01168868183086001,-0.0034719871874285876,0.0011292134099565585,0.0011293004947412894,-7.711986411337065e-05,35415,2018,2022,28,0.9909136639529299,0.0002054103477006225,0.9532637735576576,True,0.5022839113282797,0.625,8,0.4666666666666667,0.6,-0.11194815182393444,-0.03303780281501646,E,开发期未发现足够稳定的方向或增量证据,False
value_60,11,价值因子,5,0.9816954292728717,0.018304570727128322,0.0,0.0010400408345181617,0.2669773850402818,0.003895613983788325,0.5044432828018819,0.09717742084438728,0.9225854987223858,0.0020778742219129866,0.27083027992114617,0.007672237471075878,0.4955567171981181,0.19414363957137099,0.8460634121981947,1913,1913,4.494665507627102e-05,0.0033323139441755116,0.9973412030728821,-7.762816104018096e-05,-0.2515543012006668,0.8013855851845854,53764,-0.00019480694243969375,-0.3,1913,0.00028815979161548797,0.0032588083213176446,0.1826378021213702,-0.27780068539227976,-0.004314312821843042,-0.04878994723571629,-0.013519258048760086,-0.15288121092012671,-0.022724203275677153,-0.256960931285823,0.9178257417892693,相对60日滚动价格锚的反向标准化偏离,价值与均值回复,predictor,1,价格对历史锚点的偏离可能修复,0.015160669018288598,0.0101541467262976,-0.0050065222919909984,0.0011292134099565585,0.0011293774142422804,-0.0001452376355752279,35415,2018,2022,35,0.9178257417892693,0.0020778742219129866,0.9816954292728717,True,0.853781806219638,0.5,8,0.6666666666666666,0.8,-0.08217145670071051,-0.03021377486866588,E,开发期未发现足够稳定的方向或增量证据,False
value_120,11,价值因子,5,0.9665318795580908,0.033468120441909166,0.0,0.001199485301964367,0.26524636947875013,0.004522155399606562,0.5045140732873075,0.1111482066947184,0.9114988221174932,0.004778210338072984,0.2677596234339672,0.017845148856998408,0.5061072756240043,0.4471385140282629,0.6547750524329825,1883,1883,4.867245626946309e-05,0.0037016606023799596,0.9970465089009629,-0.00014836545868608132,-0.4439425838820056,0.6570840957422623,52864,-0.0008350064997157212,-0.09999999999999999,1883,-0.0008543968015149953,-0.009615227987510262,0.13108108108108107,-0.28422218330112503,-0.004157640044758238,-0.04678930466356172,-0.010764126531244733,-0.12113641246726857,-0.017370613017731216,-0.19548026893657955,0.8976347428256148,相对120日滚动价格锚的反向标准化偏离,价值与均值回复,predictor,1,价格对历史锚点的偏离可能修复,0.015160669018288598,0.014954071085934769,-0.0002065979323538289,0.0011292134099565585,0.0011294344325555423,-0.0001957314685027402,35415,2018,2022,33,0.8976347428256148,0.004778210338072984,0.9665318795580908,True,0.8613036662527824,0.5,8,0.6666666666666666,0.8,-0.0770810102873284,-0.012810104680772866,E,开发期未发现足够稳定的方向或增量证据,False
value_252,11,价值因子,5,0.9323055816304426,0.06769441836955736,0.0,-0.0015633934245010523,0.27646717745984134,-0.005654897043711981,0.5085305448541552,-0.13509027687255554,0.8925404976400517,0.0007198063828160408,0.27700839838976526,0.0025985002151567827,0.49972482113373695,0.06344635111353258,0.9494110787219936,1817,1817,-0.00048556921150400613,-0.03434299557871314,0.9726036395618891,-0.00010893443863013604,-0.2930608500375855,0.7694756407468397,50907,-0.0007435787969174156,-0.19999999999999998,1817,-0.005084893230966811,-0.05351345236267963,0.09701629141497345,-0.3206586947676495,-0.00752970377462417,-0.07924388609242997,-0.012419324861938839,-0.1307064740688652,-0.01730894594925349,-0.18217046841853363,0.9827237481508354,相对252日滚动价格锚的反向标准化偏离,价值与均值回复,predictor,1,价格对历史锚点的偏离可能修复,0.015160669018288598,0.014974086396070422,-0.00018658262221817566,0.0011292134099565585,0.001129605271616886,-0.00034702179133929974,35415,2018,2022,33,0.9827237481508354,0.0007198063828160408,0.9323055816304426,False,0.8613036662527824,0.5,8,0.8,0.8,-0.08921337180813796,-0.0029814376422930685,E,开发期未发现足够稳定的方向或增量证据,False
reversal_5,12,短期反转,5,0.9972922232652177,0.0027077767347822856,0.006949960285941223,0.015385713778340932,0.2990595700719435,0.05144698688170941,0.5203923593185338,1.4448485299700236,0.1485004362122862,0.016647279289099384,0.27324264205684967,0.060924895044880384,0.5193598347960764,1.7404770713882332,0.08177528273350573,1937,1937,0.020203685926052133,1.4378007255196485,0.1504906034590201,0.0003828457652557463,1.438127623633509,0.15039784613047175,54469,0.0010110973393217682,0.9999999999999999,1937,0.06756213843900453,0.6705007497025329,0.3618924952773484,-0.11599971109768559,0.05844244755801535,0.5800101938832857,0.04020306579603699,0.3990096117388398,0.02196368403405863,0.21799105019755932,0.37113397548283367,5日收益反向值,价值与均值回复,predictor,1,短期流动性冲击与过度反应可能反向修复,0.015160669018288598,0.01551716691528604,0.00035649789699744236,0.0011292134099565585,0.0011292170296450955,-3.2054955290584582e-06,35415,2018,2022,40,0.37113397548283367,0.016647279289099384,0.9972922232652177,True,0.4815023652288054,0.875,8,0.7,0.8,-0.03802975322628609,-0.00849065784225262,B,具有较弱但方向一致的样本外预测证据,True
oi_growth_5,18,持仓量增长,5,0.990161744530291,0.009838255469708956,0.00043324427756516714,-0.016336033097037312,0.23148119621146362,-0.07057174994946006,0.4703149199793495,-2.007755214839653,0.04466931005286514,-0.01968642407608321,0.2155887257679867,-0.0913147197561223,0.45172947857511614,-2.6262580277677547,0.008632934790283518,1937,1937,-0.019879195641870094,-1.7900232610664262,0.07345017202119003,-0.0002099314254253805,-0.7254292297249815,0.468188746559003,54452,-0.00045242162079822527,-0.8999999999999998,1937,-0.07580360972211501,-1.0719131722724897,0.34200583891464875,-0.5004342321114948,-0.08442215686276414,-1.193910996491335,-0.10165925114406246,-1.437952614046628,-0.11889634542536077,-1.6820378621447396,0.061471887403300327,持仓量对数5日变化,交易行为与资金流,predictor,0,新增持仓刻画资金进入与风险承担,0.015160669018288598,0.02386809987800988,0.008707430859721282,0.0011292134099565585,0.0011299685246058625,-0.0006687085387456203,35415,2018,2022,4,0.061471887403300327,-0.01968642407608321,0.990161744530291,True,0.4367026890829916,0.75,8,0.6666666666666666,0.8,-0.05436654751570853,-0.010836162716634965,B,存在预测或增量信息，但经济方向未预先固定，暂列辅助,True
reversal_20,12,短期反转,5,0.9891688930608709,0.010831106939129143,0.0065167160083760564,0.004051856827021299,0.329748164978375,0.012287731236615133,0.4875130072840791,0.3045220032350647,0.7607302320813827,0.006496427814044078,0.3043713713832847,0.021343754455353633,0.4927159209157128,0.5348383959999043,0.5927616099709383,1922,1922,0.009457150191299248,0.625889754292315,0.531387255254149,4.8593358883408574e-05,0.15202287243950716,0.8791688957225078,54034,-0.00032298797144643355,0.0,1922,-0.0079500697700568,-0.07562125288641845,0.1890706126687435,-0.2982561640121789,-0.012714649209309144,-0.12095030715894962,-0.022243808087813816,-0.21162547867879516,-0.03177296696631848,-0.3023212396565788,0.867958305927404,20日收益反向值,价值与均值回复,predictor,1,短期流动性冲击与过度反应可能反向修复,0.015160669018288598,0.011297973674958207,-0.0038626953433303912,0.0011292134099565585,0.0011298759472408038,-0.0005867245982057629,35415,2018,2022,29,0.867958305927404,0.006496427814044078,0.9891688930608709,False,0.9482318310166155,0.5,8,0.6666666666666666,0.8,-0.13437547312404605,-0.03148544706802792,E,开发期未发现足够稳定的方向或增量证据,False
oi_growth_20,18,持仓量增长,5,0.9817134811177702,0.018286518882229763,0.0004512961224637158,-0.006089236565565882,0.2310785321760942,-0.026351372878401176,0.49687825182101975,-0.6810426370371958,0.49584451202142343,-0.011053844993671765,0.21751165785131435,-0.05081955193973053,0.4750260145681582,-1.323563949126768,0.18564790477937732,1922,1922,-0.006930420816007978,-0.6469491713468766,0.5176648404545311,1.0100861432140108e-05,0.03525378497075671,0.9718773746533125,53989,0.00010334583636064374,-0.09999999999999999,1922,-0.03232560471489299,-0.4426997514275018,0.20023364485981307,-0.3071954905337041,-0.037371492565360286,-0.5117902545572214,-0.04746326826629487,-0.6499518824415118,-0.057555043967229456,-0.7880814231899053,0.5215822086658696,持仓量对数20日变化,交易行为与资金流,predictor,0,新增持仓刻画资金进入与风险承担,0.015160669018288598,0.014965896902392003,-0.00019477211589659545,0.0011292134099565585,0.0011294399308378474,-0.00020060059444179158,35415,2018,2022,5,0.5215822086658696,-0.011053844993671765,0.9817134811177702,True,0.4367026890829916,0.625,8,0.5666666666666667,0.4,-0.11096277290686099,-0.0096872556101201,B,存在预测或增量信息，但经济方向未预先固定，暂列辅助,True
price_oi_20,19,价格—持仓量交互,5,0.9817134811177702,0.018286518882229763,0.00012636291428984043,-0.01002755691868571,0.26773942609842666,-0.037452672043150524,0.48647242455775236,-0.9961689703658065,0.31916805323974073,-0.017633441879667595,0.23102449979826678,-0.07632715099509065,0.4708636836628512,-2.0695755471850243,0.038492109919292,1922,1922,-0.014900721010366647,-1.2742429403754458,0.2025773314511633,-0.00025423285936661657,-0.9015193170150747,0.3673122678470421,53989,-0.0011623106334958532,-0.7,1922,-0.01215201044491321,-0.14768192455707388,0.2494202146071305,-0.23037151101945985,-0.018437399853012907,-0.22407878722653202,-0.031008178669212273,-0.3768896261472922,-0.04357895748541166,-0.529715225241253,0.20645768047620255,20日收益×20日持仓增长,交易行为与资金流,predictor,1,价格与新增持仓同向可能确认趋势,0.015160669018288598,0.016287406439696863,0.001126737421408265,0.0011292134099565585,0.0011291748082677927,3.418458231673072e-05,35415,2018,2022,41,0.20645768047620255,-0.017633441879667595,0.9817134811177702,True,0.22447727218183228,0.125,8,0.4,0.2,-0.09881883857924639,-0.04130380430833733,B,相对固定基准模型提供样本外增量信息,True
volume_shock_20,21,成交量冲击,5,0.9880316268322623,0.01196837316773769,0.0001624666040869377,-0.006542753172771209,0.23079306981142222,-0.02834900189211574,0.4839544513457557,-0.9156598800496172,0.35984531391317176,-0.01237890123123198,0.229540538677119,-0.05392904147813578,0.4699792960662526,-1.7761846794637015,0.0757024825998427,1932,1932,-0.01919354324567697,-1.6568019390853206,0.09755952486103503,-3.844716660760428e-05,-0.12021072267661857,0.9043162239057879,54310,-0.00039242211365550164,-0.8999999999999998,1932,-0.06218736619813345,-0.8329913110054502,0.5768595041322314,-0.48533728091686956,-0.07672422570226567,-1.0276314611287802,-0.10579794471053014,-1.4167794309438269,-0.1348716637187946,-1.805712221323792,0.37113397548283367,成交量相对前20日历史分布的标准分,交易行为与资金流,conditional,0,异常成交代表关注、信息或流动性冲击,0.015160669018288598,0.01692280667950604,0.0017621376612174423,0.0011292134099565585,0.0011294038645590066,-0.00016866130066186177,35415,2018,2022,2,0.37113397548283367,-0.01237890123123198,0.9880316268322623,True,0.8375881388652142,0.625,8,0.7333333333333333,1.0,-0.06483983600882022,0.008572595047563445,C,经济角色主要是条件变量而非独立方向信号,True
oi_surprise_20,52,持仓意外,5,0.9862264423424074,0.013773557657592583,0.00012636291428984043,-0.013402927954877915,0.21257254086469937,-0.0630510784711783,0.4717762817193164,-2.758849099069695,0.005800531308467573,-0.013047831605501702,0.21291825937193787,-0.061280942479944846,0.47281201450025895,-2.609996073798306,0.00905432618283227,1931,1931,-0.00018228098489542942,-0.017710998800836136,0.9858694062504897,-0.0003799565020588539,-2.569480858968157,0.010185101831254205,54261,-0.0011615277966402784,-0.8999999999999998,1931,-0.09109659401975007,-1.2896629359271707,0.7428596037898363,-0.5272200915225125,-0.10981665603525394,-1.554747237091742,-0.14725678006626172,-2.0849247142720513,-0.18469690409726944,-2.615067208676487,0.061471887403300327,单日持仓变化相对前20日历史分布的标准分,交易行为与资金流,predictor,0,异常持仓变化刻画非正常资金进入或退出,0.015160669018288598,0.018662176578042693,0.0035015075597540947,0.0011292134099565585,0.0011293275519760407,-0.00010108099892877051,35415,2018,2022,1,0.061471887403300327,-0.013047831605501702,0.9862264423424074,False,0.9430812358498979,0.875,8,0.6,0.8,-0.02590224507567454,-8.52792131764292e-05,B,存在预测或增量信息，但经济方向未预先固定，暂列辅助,True
volume_shock_60,21,成交量冲击,5,0.9768575348400607,0.02314246515993934,0.0001624666040869377,-0.0016900067616644784,0.2352365493710435,-0.007184286481769445,0.49581589958158995,-0.20544898581689627,0.8372213512879533,-0.00572397431899622,0.23075296138796847,-0.024805637529272763,0.49215481171548114,-0.7235299222211263,0.4693543775878294,1912,1912,-0.013667342879290008,-1.1444104680792562,0.2524534489486694,3.1461985646227806e-05,0.09206987840401074,0.926642520327873,53697,0.0002316348805055669,-0.09999999999999999,1912,-0.028434643564148925,-0.37744965083775345,0.47163361169102297,-0.36614941823511127,-0.04031981057876271,-0.5351461142072849,-0.06409014460799028,-0.8503919384430556,-0.08786047863721784,-1.165414372213115,0.867958305927404,成交量相对前60日历史分布的标准分,交易行为与资金流,conditional,0,异常成交代表关注、信息或流动性冲击,0.015160669018288598,0.014995599764332703,-0.00016506925395589483,0.0011292134099565585,0.0011292505702337528,-3.290810830502305e-05,35415,2018,2022,3,0.867958305927404,-0.00572397431899622,0.9768575348400607,True,0.8375881388652142,0.625,8,0.7333333333333333,1.0,-0.06614436226262842,0.0007007705938302081,C,经济角色主要是条件变量而非独立方向信号,True
oi_surprise_60,52,持仓意外,5,0.9752870243338869,0.02471297566611308,3.6103689797097266e-05,-0.017815068914276783,0.21420716163006173,-0.08316747572167366,0.4662480376766091,-3.5246452539264923,0.0004240502563813865,-0.01841329610301938,0.21278424276480115,-0.08653505477551891,0.4531658817373103,-3.5837605222310995,0.0003386826277322446,1911,1911,-0.006579249777930062,-0.6360310787490494,0.5247561655442445,-0.00048527219756827296,-3.181672621896634,0.001464272328188055,53656,-0.0012722794885413832,-0.8999999999999998,1911,-0.08824437623901978,-1.2422014567025057,0.7330722367275891,-0.5063597171105545,-0.10671779660455503,-1.5022235844445762,-0.1436646373356255,-2.02218635289173,-0.18061147806669603,-2.5419930543108284,0.0066607583454008105,单日持仓变化相对前60日历史分布的标准分,交易行为与资金流,predictor,0,异常持仓变化刻画非正常资金进入或退出,0.015160669018288598,0.02099112467177994,0.005830455653491343,0.0011292134099565585,0.0011293388521178612,-0.00011108809034381846,35415,2018,2022,1,0.0066607583454008105,-0.01841329610301938,0.9752870243338869,True,0.9430812358498979,1.0,8,0.7,0.8,-0.027671052761575676,-0.0024283532177618145,B,存在预测或增量信息，但经济方向未预先固定，暂列辅助,True
amihud_20,22,Amihud非流动性,5,0.9864972200158856,0.013502779984114421,0.0010109033143187235,0.03441975017272956,0.25618584334228967,0.13435461430529305,0.5243271221532091,3.27816318679177,0.0010448497292680052,0.0132091893234018,0.20771603091098206,0.06359253672174525,0.5186335403726708,1.6086050567444787,0.10770272782744958,1932,1932,0.008091655771506771,0.8397380737515194,0.4010552614815146,0.001140238732311915,2.168166333858086,0.030146033298100935,54287,0.0012915032266328334,0.39999999999999997,1932,0.053328056704477676,0.7381154071818514,0.049741735537190086,-0.1644442770813842,0.05207456496894047,0.7208050525024229,0.0495675814978661,0.686175114315513,0.04706059802679172,0.6515334673431921,0.4538900672728232,20日单位成交额绝对收益均值,交易行为与资金流,risk,-1,单位成交额价格冲击刻画流动性风险,0.015160669018288598,0.015160669018288598,0.0,0.0011292134099565585,0.0011292134099565585,0.0,35415,2018,2022,14,0.4538900672728232,0.0132091893234018,0.9864972200158856,True,0.19149726042129656,0.375,8,0.2,0.0,-0.1749446001718196,-0.05754744500383251,D,主要用途是风险、波动或流动性刻画,True
volume_oi_turnover,23,成交量—持仓量换手率,5,0.9941873059426674,0.005812694057332646,0.00048739981226081304,-0.005392013878731977,0.27634922054570693,-0.01951159430840574,0.49948506694129763,-0.4917073272843025,0.6229262576152012,0.0001227800498989792,0.2749344276531448,0.0004465793933012914,0.48764160659114314,0.011388279582593634,0.9909136639529299,1942,1942,-0.0024433016134735542,-0.18180840261458647,0.8557330900926342,-0.00024167853928428352,-0.7038981155124103,0.4814962251324597,54614,-0.00042525271890791935,-0.19999999999999998,1942,-0.0405299559224628,-0.4836800039974781,0.26258992805755393,-0.34982211634981963,-0.04714722210951315,-0.5626630238613526,-0.06038175448361388,-0.7206300683090932,-0.0736162868577146,-0.8785910007859813,0.9909136639529299,当日成交量/持仓量,交易行为与资金流,conditional,0,交易活跃度相对存量持仓刻画换手与拥挤,0.015160669018288598,0.016829295444726736,0.0016686264264381377,0.0011292134099565585,0.0011294501606826954,-0.0002096598606157113,35415,2018,2022,13,0.9909136639529299,0.0001227800498989792,0.9941873059426674,True,0.5057866451874196,0.5,8,0.4666666666666667,0.6,-0.10550969824640348,-0.054525208783551195,C,经济角色主要是条件变量而非独立方向信号,True
low_vol_20,25,低波动,5,0.9864972200158856,0.013502779984114421,0.49221965484872554,-0.026112427574654925,0.3433213663827293,-0.0760582653208516,0.4684265010351967,-1.8728707248569028,0.061086238647235405,-0.020116731477163013,0.3378371536086965,-0.059545645771286106,0.48188405797101447,-1.4733586264431497,0.14065436015339688,1932,1932,-0.017041602582729243,-1.0353871366479723,0.3004881505956737,-0.0007777316898474658,-1.4911398325255478,0.13592478637054742,54287,-0.001990542424415126,-0.8999999999999998,1932,-0.05916863934406896,-0.5135013208358673,0.07735881542699724,-0.4187233916379285,-0.0611180814928293,-0.5304124748915321,-0.06501696579034996,-0.56423158467001,-0.06891585008787063,-0.5980460700342456,0.518662953065651,20日波动率的负横截面排名,波动率与风险,risk,1,低波动特征用于防御暴露与风险控制,0.015160669018288598,0.013791555844746258,-0.0013691131735423401,0.0011292134099565585,0.001129781756879332,-0.0005033122328890978,35415,2018,2022,11,0.518662953065651,-0.020116731477163013,0.9864972200158856,True,0.9509777842768655,0.375,8,0.6333333333333333,0.6,-0.1235869357507432,-0.04700929102398036,D,主要用途是风险、波动或流动性刻画,True
low_vol_60,25,低波动,5,0.9753953354032782,0.024604664596721837,0.7159542205213373,-0.02153313406548648,0.35087587774382806,-0.061369662126524595,0.47384937238493724,-1.5014553973680003,0.1332378147482752,-0.018538788457090286,0.3429686904805718,-0.05405388005276375,0.4848326359832636,-1.329429095098292,0.1837064441434768,1912,1912,-0.016885096298108145,-0.9932679224465674,0.320579405469526,-0.0006392772779635535,-1.1436211327008832,0.25278079369241635,53654,-0.002170677393678096,-0.8999999999999998,1912,-0.07016600959244823,-0.592772796342561,0.028923103688239388,-0.48966169941390836,-0.07089487180539185,-0.5989398573254552,-0.07235259623127911,-0.6112737912229873,-0.07381032065716638,-0.6236074220310688,0.5215822086658696,60日波动率的负横截面排名,波动率与风险,risk,1,低波动特征用于防御暴露与风险控制,0.015160669018288598,0.01707356624678902,0.0019128972285004237,0.0011292134099565585,0.001129395198960175,-0.00016098728726882615,35415,2018,2022,11,0.5215822086658696,-0.018538788457090286,0.9753953354032782,False,0.9576557408076186,0.5,8,0.5666666666666667,0.6,-0.14757959937666004,-0.03816888612984958,D,主要用途是风险、波动或流动性刻画,True
realized_skew_60,26,已实现偏度,5,0.9753953354032782,0.024604664596721837,0.0009567477796230774,-0.02139233494783205,0.2183179906032494,-0.09798704581661559,0.4534518828451883,-2.4327803720148107,0.014983386271218868,-0.025947950915354262,0.21872856866376075,-0.118630826662806,0.4450836820083682,-2.968767370747692,0.002989968575696032,1912,1912,-0.02309037917230368,-2.080815261917721,0.03745081866619098,-0.00036880316905982616,-1.0589999652084545,0.2895997955646975,53654,-0.0012452048242892065,-0.8999999999999998,1912,-0.014610846074602387,-0.21106999016598427,0.08519485038274183,-0.23769806109810276,-0.016757756304247477,-0.2420851573332093,-0.02105157676353767,-0.30411230430045033,-0.025345397222827862,-0.3661326945252269,0.035281629193213176,60日收益偏度,波动率与风险,risk,-1,收益不对称刻画尾部风险与彩票偏好,0.015160669018288598,0.0153862926996712,0.00022562368138260257,0.0011292134099565585,0.0011292116902345216,1.5229380219040607e-06,35415,2018,2022,25,0.035281629193213176,-0.025947950915354262,0.9753953354032782,True,0.6704561599552405,0.875,8,0.6666666666666666,0.8,-0.15284054045732198,-0.0034131251310533755,D,主要用途是风险、波动或流动性刻画,True
realized_skew_120,26,已实现偏度,5,0.9597082821864394,0.04029171781356056,0.0011192143837100153,-0.025642316957733606,0.21736835300540114,-0.11796711252210873,0.4495217853347503,-2.875188029368044,0.004037869561093341,-0.030974931181158672,0.22078619708300606,-0.14029378462238487,0.4383634431455898,-3.4739631731341136,0.0005128314143540459,1882,1882,-0.026990816204531417,-2.4205530653706586,0.015496917271567866,-0.0006166236857877578,-1.588258059645179,0.11222799710918269,52744,-0.0016211619753489636,-0.8999999999999998,1882,-0.036720141849161496,-0.5328374734393592,0.0582096147048427,-0.3104080401868754,-0.038187024139723545,-0.5541467175148851,-0.04112078872084761,-0.5967650655955319,-0.04405455330197169,-0.6393818925752918,0.007564263361722177,120日收益偏度,波动率与风险,risk,-1,收益不对称刻画尾部风险与彩票偏好,0.015160669018288598,0.014027892445528208,-0.0011327765727603897,0.0011292134099565585,0.0011292193912693241,-5.296884284998922e-06,35415,2018,2022,26,0.007564263361722177,-0.030974931181158672,0.9597082821864394,True,0.6704561599552405,1.0,8,0.5333333333333333,0.8,-0.15034426653867247,-0.002591904131629784,D,主要用途是风险、波动或流动性刻画,True
seasonality_3y_month,27,季节性,5,0.6045923893421907,0.39540761065780927,0.5747346378799914,0.026068299702021073,0.268927039707588,0.09693446865873313,0.5677685950413223,1.8991799318601081,0.057540822383901756,0.034213334221424016,0.260512813785528,0.13133071546181516,0.5801652892561984,2.5979920105630376,0.009377067569994966,1210,1210,0.039810164891568474,2.344195458777793,0.019068175637058638,0.000762996733223284,1.4502382148067445,0.14699210184036735,33221,0.0030219171956583656,0.3,1210,0.0754149037458775,0.9493887065309897,0.03800109829763867,-0.08963163632548499,0.074457276068777,0.9372687685962586,0.07254202071457604,0.913001881531619,0.07062676536037503,0.8887018502324852,0.061471887403300327,前三年相同月份累计收益均值,价值与均值回复,predictor,1,生产消费季节周期可能形成重复价格模式,0.015160669018288598,0.02256802048975171,0.007407351471463111,0.0011292134099565585,0.0011289335313888161,0.0002478526780452807,35415,2018,2022,15,0.061471887403300327,0.034213334221424016,0.6045923893421907,True,0.18012904645076014,1.0,5,0.5172413793103449,0.6,-0.13662476851940775,-0.015988769246755612,A,FDR后显著、方向一致且分组收益同向,True
idiosyncratic_vol_60,43,特质波动,5,0.9753953354032782,0.024604664596721837,0.0006318145714492022,0.0072119753564776675,0.2850378974041038,0.025301812222720366,0.5172594142259415,0.6217713435484306,0.5340922319199777,0.0036984172787087213,0.25410397384419925,0.014554740025342384,0.518305439330544,0.3628428483075499,0.7167222816626878,1912,1912,0.001893665030396587,0.14981789383484573,0.8809082914574046,0.00025381409564161626,0.49825976819255885,0.6183009606461162,53654,0.0005531272609433576,0.7,1912,0.019279720895737124,0.2145585004814764,0.041805845511482254,-0.1788763763916733,0.018226213588847778,0.20283342395819892,0.01611919897506908,0.17938304236515648,0.014012184361290364,0.15593259092248227,0.8976347428256148,剔除同板块日收益后的60日残差波动,波动率与风险,risk,0,剔除共同冲击后的剩余风险刻画品种特异性,0.015160669018288598,0.022532172808034875,0.007371503789746277,0.0011292134099565585,0.0011293869760869593,-0.0001537053393720287,35415,2018,2022,12,0.8976347428256148,0.0036984172787087213,0.9753953354032782,True,0.6962922356700502,0.5,8,0.7,0.8,-0.062319015135166876,-0.006610918710208276,D,主要用途是风险、波动或流动性刻画,True
relative_value_residual_60,29,相对价值残差,5,0.9594014008231642,0.04059859917683584,0.0,0.006593588883692806,0.23159199798083838,0.028470711169555827,0.5201912858660999,0.6970601767653507,0.4857651349023503,0.002466273384473911,0.21633608329688245,0.011400194303644638,0.5212539851222104,0.28522867492185533,0.7754689529948484,1882,1882,0.003614815214942677,0.330595616066539,0.7409499580658592,5.068400938913414e-05,0.1768928140611075,0.8595925831609774,52768,-0.00027217335987647135,-0.6,1882,-0.016071417216404784,-0.21551900189524872,0.11662248144220572,-0.22656660882383628,-0.019010303748748368,-0.2549258706158741,-0.02488807681343554,-0.3337330104139618,-0.03076584987812271,-0.4125289627336644,0.8976347428256148,60日收益剔除滚动板块暴露后取反,价值与均值回复,predictor,1,相对板块共同变化的偏离可能均值回复,0.015160669018288598,0.01381050773587936,-0.0013501612824092374,0.0011292134099565585,0.0011300623027856206,-0.0007517558873966673,35415,2018,2022,37,0.8976347428256148,0.002466273384473911,0.9594014008231642,True,0.7557013238219941,0.5,8,0.6333333333333333,0.6,-0.07899646415934196,-0.010917871305653273,E,开发期未发现足够稳定的方向或增量证据,False
correlation_risk_20_120,57,相关性风险,5,0.9576323200231064,0.04236767997689361,0.00010831106939129179,0.0027936098693222815,0.23997164415404879,0.011641416548069052,0.5116896918172157,0.28925873589747914,0.7723833871470742,0.005449518692270408,0.24460307461025257,0.022279027771640245,0.51009564293305,0.5631894560648232,0.5733058819337711,1882,1882,0.00522903843038505,0.42560421723228176,0.6703962667788834,0.00018455074954961125,0.6454020484317011,0.5186666762898038,52737,0.0005221859927092107,0.7,1882,0.024629869433287727,0.3219680098636105,0.16779780841286673,-0.11434492013448283,0.020401364661283485,0.2667043111656223,0.011944355117274996,0.1561584474647867,0.0034873455732665104,0.04559512912247815,0.867958305927404,20日市场相关性减120日市场相关性,波动率与风险,risk,-1,相关性突然上升刻画系统性风险暴露,0.015160669018288598,0.01657276587077375,0.0014120968524851535,0.0011292134099565585,0.0011293715475104756,-0.00014004222100340413,35415,2018,2022,42,0.867958305927404,0.005449518692270408,0.9576323200231064,True,0.12467528424591172,0.375,8,0.5,0.6,-0.1419825309494363,-0.07241471678055175,D,主要用途是风险、波动或流动性刻画,True
volume_price_divergence_20,53,量价背离,5,0.9479384793125858,0.05206152068741421,0.0,0.0015172374363719814,0.24987129175158987,0.006072075850475638,0.5128893662728249,0.16167898653962337,0.8715586531177094,0.0015450182004558533,0.24555990689011423,0.006291817829802463,0.49892588614393124,0.17041808773523875,0.8646813482493847,1862,1862,0.003690573638773454,0.31647602520029605,0.7516412198555926,0.00012177690855053297,0.42494484332739235,0.6708768835290431,52129,0.00023780391754919857,0.6,1862,0.033540755420931725,0.3978233206492253,0.4163183279742765,-0.13120267105473538,0.023049533555979954,0.27339925582739105,0.002067089826076414,0.024520064014179933,-0.01891535390382712,-0.22438428099002586,0.9178257417892693,20日价格变化与成交量变化的历史标准分差,交易行为与资金流,conditional,0,价格趋势缺少成交确认可能较脆弱,0.015160669018288598,0.015549308008201729,0.0003886389899131308,0.0011292134099565585,0.0011291856097032944,2.461913135198683e-05,35415,2018,2022,31,0.9178257417892693,0.0015450182004558533,0.9479384793125858,True,0.5743849679610021,0.625,8,0.6,0.8,-0.07834232994457341,-0.010479924887983912,C,经济角色主要是条件变量而非独立方向信号,True
interaction__tsmom_60__carry,54,因子交互,5,0.9550509062026139,0.0449490937973861,0.00048739981226081304,-0.0022831503711059444,0.2574752476947478,-0.00886745577117671,0.48990435706695007,-0.23271375706969044,0.8159836858771188,-0.007637652591560924,0.22050904357444145,-0.034636459656052776,0.48990435706695007,-0.9325756173951647,0.3510391273566076,1882,1882,-0.016546318118017392,-1.4830110914976042,0.13807146392658956,2.5399535198616682e-05,0.08844743523702521,0.9295210611267349,52686,-0.00040666311474943156,-0.3,1882,0.00285520823083006,0.03811198062198895,0.30962354188759283,-0.165176746096655,-0.004947305024737279,-0.06604344415826735,-0.020552331535871965,-0.2744009329704342,-0.036157358047006635,-0.4828028106858997,0.7396895897871374,预注册交互：tsmom_60×carry,非线性交互,predictor,0,经济相关因子同时出现时可能产生非加性信息,0.015160669018288598,0.012135328901837142,-0.0030253401164514557,0.0011292134099565585,0.001129668535765466,-0.00040304676236972025,35415,2018,2022,7,0.7396895897871374,-0.007637652591560924,0.9550509062026139,False,0.9477201977670819,0.625,8,0.5333333333333333,0.4,-0.11159483412313875,-0.006143970512471421,E,开发期未发现足够稳定的方向或增量证据,False
interaction__momentum_quality_60__carry,54,因子交互,5,0.9550509062026139,0.0449490937973861,0.00048739981226081304,0.00457435870003779,0.25985369882512027,0.017603592793636935,0.4989373007438895,0.4640204217676031,0.6426331144160831,-0.008339383244651397,0.2183260816229471,-0.03819691711892515,0.48459086078639746,-1.026324320438865,0.3047387372378991,1882,1882,-0.020117553309657716,-1.8366731478023557,0.06625816163094735,0.00023427061466289135,0.7847969241413182,0.43257264382132865,52686,-0.00048339655825605177,-0.6,1882,-0.01139850717067211,-0.1534474567575811,0.2941675503711559,-0.20393923218466903,-0.018811529440025242,-0.25326002275718046,-0.0336375739787315,-0.4529159419388099,-0.048463618517437766,-0.6525956992368003,0.7113338705041419,预注册交互：momentum_quality_60×carry,非线性交互,predictor,0,经济相关因子同时出现时可能产生非加性信息,0.015160669018288598,0.012341340573113252,-0.0028193284451753457,0.0011292134099565585,0.0011296920386293678,-0.0004238602451840261,35415,2018,2022,7,0.7113338705041419,-0.008339383244651397,0.9550509062026139,True,0.9477201977670819,0.625,8,0.5666666666666667,0.6,-0.11968225782614712,-0.007261841389860483,E,开发期未发现足够稳定的方向或增量证据,False
interaction__tsmom_20__oi_surprise_20,54,因子交互,5,0.9801971261462922,0.019802873853707825,3.6103689797097266e-05,-0.012905205376787052,0.21856586693095348,-0.05904492571506556,0.4854318418314256,-2.6011993364978667,0.009289845699382765,-0.011522980601891266,0.21050001287764697,-0.054740997135183045,0.481789802289282,-2.2696649755175646,0.023227918023008914,1922,1922,-0.021588587375334558,-2.020943995278892,0.04328556290584979,-0.00040564744757197615,-3.2776535218147567,0.0010467379231709152,53991,-0.0012455374311455302,-0.7999999999999999,1922,-0.06347833044182621,-0.8611323008174567,0.6924627898926965,-0.4067307633331485,-0.08092839274712214,-1.0979524074610754,-0.11582851735771407,-1.5716735262967503,-0.15072864196830596,-2.0454581610349574,0.1370447163357526,预注册交互：tsmom_20×oi_surprise_20,非线性交互,predictor,0,经济相关因子同时出现时可能产生非加性信息,0.015160669018288598,0.014728118209359993,-0.00043255080892860495,0.0011292134099565585,0.001128861527865163,0.0003116169966570982,35415,2018,2022,6,0.1370447163357526,-0.011522980601891266,0.9801971261462922,True,0.11395989977776085,0.75,8,0.7,1.0,-0.024773398614330977,0.0015718327139385465,B,存在预测或增量信息，但经济方向未预先固定，暂列辅助,True
