feature_name,product,correlation,observations
tsmom_20,AG,-0.038070075409116916,1694
tsmom_20,AL,0.12327937563418098,1694
tsmom_20,AU,-0.031980759315166904,1694
tsmom_20,BU,-0.07252954106843898,1694
tsmom_20,C,-0.04874471532568396,1694
tsmom_20,CF,0.018025716011136072,1694
tsmom_20,CU,0.03629493056422075,1694
tsmom_20,EG,-0.1292533278453219,1446
tsmom_20,FG,0.10040852296869442,1694
tsmom_20,FU,0.0052271827683639145,1555
tsmom_20,HC,0.0262760772636749,1694
tsmom_20,I,0.017593541514147826,1694
tsmom_20,J,-0.06820744076093466,1694
tsmom_20,JM,-0.0025723616693770165,1694
tsmom_20,M,0.041847070098176474,1694
tsmom_20,MA,-0.003977040722543833,1694
tsmom_20,NI,-0.019401759323076886,1689
tsmom_20,OI,-0.04160175589633596,1694
tsmom_20,P,0.04567474902013067,1694
tsmom_20,PP,-0.11680547371383568,1694
tsmom_20,RB,0.007297158223099549,1694
tsmom_20,RM,-0.037021179190606185,1694
tsmom_20,RU,-0.10306181338468424,1694
tsmom_20,SA,0.10639037481016914,1205
tsmom_20,SC,0.049999398098524786,1620
tsmom_20,SR,-0.06362973748171895,1694
tsmom_20,TA,0.004424152370309751,1694
tsmom_20,V,-0.013601957371142646,1694
tsmom_20,Y,-0.025624429291509536,1694
tsmom_20,ZN,-0.10073781067751318,1694
csmom_20,AG,-0.08547807297615044,1694
csmom_20,AL,0.08495203093970458,1694
csmom_20,AU,-0.09791828018413991,1694
csmom_20,BU,-0.03697426454027199,1694
csmom_20,C,-0.14696619421650445,1694
csmom_20,CF,-0.024043822597115825,1694
csmom_20,CU,-0.003568123010039667,1694
csmom_20,EG,-0.12306273571734472,1446
csmom_20,FG,0.06268480983618092,1694
csmom_20,FU,-0.0002406069162384593,1565
csmom_20,HC,0.03610274469888198,1694
csmom_20,I,0.042231452900767394,1694
csmom_20,J,-0.09350061229420543,1694
csmom_20,JM,-0.011969112794053091,1694
csmom_20,M,0.052409207105396476,1694
csmom_20,MA,-0.032449653294949664,1694
csmom_20,NI,-0.033136935423956404,1689
csmom_20,OI,-0.08765313383086973,1694
csmom_20,P,0.011497613554191937,1694
csmom_20,PP,-0.11159267044897167,1694
csmom_20,RB,0.006766221302218487,1694
csmom_20,RM,0.0013168001069328646,1694
csmom_20,RU,-0.051007844661948715,1694
csmom_20,SA,0.08129939925846845,1205
csmom_20,SC,0.042504646693554554,1620
csmom_20,SR,-0.05880446630922327,1694
csmom_20,TA,-0.016677614867370762,1694
csmom_20,V,-0.0014495344603977988,1694
csmom_20,Y,-0.06691283025638282,1694
csmom_20,ZN,-0.1427150475151018,1694
trend_efficiency_20,AG,0.02218228788570636,1694
trend_efficiency_20,AL,-0.015798516259598022,1694
trend_efficiency_20,AU,0.039273211255805816,1694
trend_efficiency_20,BU,-0.01666472774740977,1694
trend_efficiency_20,C,-0.04236459464658851,1694
trend_efficiency_20,CF,-0.05649314337844189,1694
trend_efficiency_20,CU,0.06302570157875163,1694
trend_efficiency_20,EG,-0.03466386288843368,1446
trend_efficiency_20,FG,0.0010471706841263385,1694
trend_efficiency_20,FU,0.0418875355739869,1555
trend_efficiency_20,HC,0.02812673366739225,1694
trend_efficiency_20,I,0.04926122874962425,1694
trend_efficiency_20,J,0.005754304790466658,1694
trend_efficiency_20,JM,-0.08729827993028555,1694
trend_efficiency_20,M,-0.013461637816944311,1694
trend_efficiency_20,MA,-0.07947623605994476,1694
trend_efficiency_20,NI,-0.06189907838790931,1689
trend_efficiency_20,OI,0.03942491079740242,1694
trend_efficiency_20,P,-0.01407413338728554,1694
trend_efficiency_20,PP,-0.02953720019133945,1694
trend_efficiency_20,RB,-0.02150256763008432,1694
trend_efficiency_20,RM,-0.039570880844327555,1694
trend_efficiency_20,RU,-0.055879039584653546,1694
trend_efficiency_20,SA,0.060668377553651086,1205
trend_efficiency_20,SC,-0.03735304307343848,1620
trend_efficiency_20,SR,-0.025122472746914003,1694
trend_efficiency_20,TA,-0.0016585702182178826,1694
trend_efficiency_20,V,-0.017679649348606195,1694
trend_efficiency_20,Y,0.011400560099452279,1694
trend_efficiency_20,ZN,0.004747609619214291,1694
realized_vol_20,AG,0.04808236858795929,1694
realized_vol_20,AL,0.019138999262540472,1694
realized_vol_20,AU,-0.017384937056064063,1694
realized_vol_20,BU,0.0664766693656018,1694
realized_vol_20,C,0.06686195270392853,1694
realized_vol_20,CF,-0.034544950140769685,1694
realized_vol_20,CU,-0.022257710584401482,1694
realized_vol_20,EG,-0.04866519855198754,1456
realized_vol_20,FG,-0.09595114149585378,1694
realized_vol_20,FU,0.020664698803835847,1555
realized_vol_20,HC,0.044391943331214656,1694
realized_vol_20,I,0.006514335465356636,1694
realized_vol_20,J,0.046451890391656564,1694
realized_vol_20,JM,0.03605650607355133,1694
realized_vol_20,M,-0.01569422760755773,1694
realized_vol_20,MA,-0.054430393159788114,1694
realized_vol_20,NI,-0.002524629262866235,1689
realized_vol_20,OI,-0.002680555560784073,1694
realized_vol_20,P,0.07391708466742057,1694
realized_vol_20,PP,-0.00396527563352866,1694
realized_vol_20,RB,0.05309944216235276,1694
realized_vol_20,RM,-0.008534474811925048,1694
realized_vol_20,RU,-0.12040105151976739,1694
realized_vol_20,SA,0.0024816937054246337,1215
realized_vol_20,SC,0.04094499557243653,1630
realized_vol_20,SR,0.017823716135940987,1694
realized_vol_20,TA,-0.014588479578790855,1694
realized_vol_20,V,-0.011382065768787954,1694
realized_vol_20,Y,0.08383330816548092,1694
realized_vol_20,ZN,0.062155593512052056,1694
momentum_quality_20,AG,-0.0369471685091885,1694
momentum_quality_20,AL,0.12435598248944481,1694
momentum_quality_20,AU,-0.030125903917423487,1694
momentum_quality_20,BU,-0.07303779612363127,1694
momentum_quality_20,C,-0.04820317930598152,1694
momentum_quality_20,CF,0.017020368664618975,1694
momentum_quality_20,CU,0.0368700720999881,1694
momentum_quality_20,EG,-0.1291805847710878,1446
momentum_quality_20,FG,0.09817079612055643,1694
momentum_quality_20,FU,0.003281840518607062,1555
momentum_quality_20,HC,0.02375405787881216,1694
momentum_quality_20,I,0.01770611954279595,1694
momentum_quality_20,J,-0.0671659810599717,1694
momentum_quality_20,JM,-0.0027486528636738268,1694
momentum_quality_20,M,0.04241701781369876,1694
momentum_quality_20,MA,-0.0035433542635361303,1694
momentum_quality_20,NI,-0.019643764497708886,1689
momentum_quality_20,OI,-0.038599011916429386,1694
momentum_quality_20,P,0.04526631578383046,1694
momentum_quality_20,PP,-0.11723190758544794,1694
momentum_quality_20,RB,0.006917355180588531,1694
momentum_quality_20,RM,-0.03718982283018856,1694
momentum_quality_20,RU,-0.10098714879588472,1694
momentum_quality_20,SA,0.10505747273063831,1205
momentum_quality_20,SC,0.05010577024809616,1620
momentum_quality_20,SR,-0.06254627794280154,1694
momentum_quality_20,TA,0.004684077894568497,1694
momentum_quality_20,V,-0.014431013523145346,1694
momentum_quality_20,Y,-0.02640289012892307,1694
momentum_quality_20,ZN,-0.10199043471849627,1694
vol_managed_momentum_20,AG,0.007590086974204361,1694
vol_managed_momentum_20,AL,0.12314155178821053,1694
vol_managed_momentum_20,AU,-0.02343892453410658,1694
vol_managed_momentum_20,BU,-0.048906803651997184,1694
vol_managed_momentum_20,C,-0.058477514842169905,1694
vol_managed_momentum_20,CF,0.005014312541841388,1694
vol_managed_momentum_20,CU,0.039786152844465454,1694
vol_managed_momentum_20,EG,-0.11552826001259371,1446
vol_managed_momentum_20,FG,0.10725318196256874,1694
vol_managed_momentum_20,FU,0.03241241398672531,1555
vol_managed_momentum_20,HC,0.053511725161536516,1694
vol_managed_momentum_20,I,0.03298355171559825,1694
vol_managed_momentum_20,J,-0.008227451903579862,1694
vol_managed_momentum_20,JM,0.011889808586062482,1694
vol_managed_momentum_20,M,0.0802775384006683,1694
vol_managed_momentum_20,MA,0.017507093042198316,1694
vol_managed_momentum_20,NI,-0.015753697558634264,1689
vol_managed_momentum_20,OI,-0.016972287543885422,1694
vol_managed_momentum_20,P,0.047870185972688876,1694
vol_managed_momentum_20,PP,-0.0900140184392838,1694
vol_managed_momentum_20,RB,0.0756743942002061,1694
vol_managed_momentum_20,RM,-0.02149866979635479,1694
vol_managed_momentum_20,RU,-0.07252016310790135,1694
vol_managed_momentum_20,SA,0.14348800928567348,1205
vol_managed_momentum_20,SC,0.13143602698285503,1620
vol_managed_momentum_20,SR,-0.05141070511362319,1694
vol_managed_momentum_20,TA,0.03334558495215097,1694
vol_managed_momentum_20,V,-0.0009859606224938721,1694
vol_managed_momentum_20,Y,0.007172434949391696,1694
vol_managed_momentum_20,ZN,-0.0850946980124004,1694
tsmom_60,AG,-0.03788076387017735,1694
tsmom_60,AL,0.00027803230730103466,1694
tsmom_60,AU,-0.04605621460001262,1694
tsmom_60,BU,-0.08905544526364005,1694
tsmom_60,C,0.012446338567280632,1694
tsmom_60,CF,0.042935123626551365,1694
tsmom_60,CU,-0.004192018965738209,1694
tsmom_60,EG,-0.09527175033991951,1406
tsmom_60,FG,0.020990202498671142,1694
tsmom_60,FU,-0.024066829146089517,1535
tsmom_60,HC,0.014240821938741656,1694
tsmom_60,I,0.0029441320640375573,1694
tsmom_60,J,-0.029064992075999017,1694
tsmom_60,JM,0.04194293113504726,1694
tsmom_60,M,-0.023428304850316554,1694
tsmom_60,MA,-0.03607293673628429,1694
tsmom_60,NI,0.009946335470825712,1689
tsmom_60,OI,-0.01069492876711945,1694
tsmom_60,P,0.07530727212365605,1694
tsmom_60,PP,-0.09929327695331196,1694
tsmom_60,RB,0.01771753903540699,1694
tsmom_60,RM,-0.07530896056247,1694
tsmom_60,RU,-0.0460178324449137,1694
tsmom_60,SA,0.022440877785733913,1165
tsmom_60,SC,0.033002742213175,1580
tsmom_60,SR,0.010288885083351343,1694
tsmom_60,TA,-0.02930931023771973,1694
tsmom_60,V,-0.032434795271047395,1694
tsmom_60,Y,0.012837937509542086,1694
tsmom_60,ZN,-0.1069366178601642,1694
csmom_60,AG,-0.07101289689077436,1694
csmom_60,AL,0.006786395012072371,1694
csmom_60,AU,-0.05693207831799744,1694
csmom_60,BU,-0.06254400993985046,1694
csmom_60,C,-0.05701520819086342,1694
csmom_60,CF,0.09232538925771519,1694
csmom_60,CU,-0.009991073392080864,1694
csmom_60,EG,-0.07104711665199694,1406
csmom_60,FG,0.0031494937561395396,1694
csmom_60,FU,-0.04358764419885434,1565
csmom_60,HC,0.024854382174271276,1694
csmom_60,I,0.0235717446383877,1694
csmom_60,J,-0.02520102105863732,1694
csmom_60,JM,0.05544895141792258,1694
csmom_60,M,-0.002533574821258255,1694
csmom_60,MA,-0.06428614782128633,1694
csmom_60,NI,0.06538308655880946,1689
csmom_60,OI,-0.0623177539450817,1694
csmom_60,P,0.06793654187292417,1694
csmom_60,PP,-0.09795206734412183,1694
csmom_60,RB,0.021200675821969404,1694
csmom_60,RM,-0.04661111650783513,1694
csmom_60,RU,0.016430252167062932,1694
csmom_60,SA,-0.01459539361747734,1165
csmom_60,SC,0.046815914717895556,1580
csmom_60,SR,-0.030876648116747087,1694
csmom_60,TA,-0.025180113660852606,1694
csmom_60,V,-0.05123150055680138,1694
csmom_60,Y,-0.024488312080602134,1694
csmom_60,ZN,-0.09421980288452983,1694
trend_efficiency_60,AG,-0.008703580074932818,1694
trend_efficiency_60,AL,-0.007487388065559729,1694
trend_efficiency_60,AU,0.014047021340695211,1694
trend_efficiency_60,BU,-0.002427718470283893,1694
trend_efficiency_60,C,0.04297207788895773,1694
trend_efficiency_60,CF,-0.05079514114092046,1694
trend_efficiency_60,CU,0.06255987959125053,1694
trend_efficiency_60,EG,-0.04162574541677342,1406
trend_efficiency_60,FG,-0.030712208292859006,1694
trend_efficiency_60,FU,-0.01123741010895195,1535
trend_efficiency_60,HC,0.050647515933982964,1694
trend_efficiency_60,I,-0.0016394809529571522,1694
trend_efficiency_60,J,0.006722848587247877,1694
trend_efficiency_60,JM,0.02235105123606781,1694
trend_efficiency_60,M,0.03211693170403472,1694
trend_efficiency_60,MA,0.003353885974128472,1694
trend_efficiency_60,NI,-0.01962100848988124,1689
trend_efficiency_60,OI,-0.04471313070024627,1694
trend_efficiency_60,P,0.015565657114914228,1694
trend_efficiency_60,PP,0.062241518652303866,1694
trend_efficiency_60,RB,0.0746231936177379,1694
trend_efficiency_60,RM,0.017697575905976502,1694
trend_efficiency_60,RU,-0.008558677673952466,1694
trend_efficiency_60,SA,-0.07157713173557784,1165
trend_efficiency_60,SC,-0.023378176203484514,1580
trend_efficiency_60,SR,-0.028250384323258337,1694
trend_efficiency_60,TA,0.01203517754952634,1694
trend_efficiency_60,V,0.004526614301356367,1694
trend_efficiency_60,Y,0.012560754382148518,1694
trend_efficiency_60,ZN,-0.01897144672017688,1694
realized_vol_60,AG,0.020724830089363783,1694
realized_vol_60,AL,0.0638410462317955,1694
realized_vol_60,AU,-0.01859071797301192,1694
realized_vol_60,BU,0.06409751587112454,1694
realized_vol_60,C,0.08727821961647361,1694
realized_vol_60,CF,0.0389567165614831,1694
realized_vol_60,CU,-0.006898791716594805,1694
realized_vol_60,EG,-0.01914424036711833,1436
realized_vol_60,FG,-0.08672161433511671,1694
realized_vol_60,FU,0.019463050022195606,1535
realized_vol_60,HC,0.028147550896304926,1694
realized_vol_60,I,-0.035223162058614844,1694
realized_vol_60,J,0.021675464573983342,1694
realized_vol_60,JM,0.008678260195866885,1694
realized_vol_60,M,-0.01103610153728501,1694
realized_vol_60,MA,-0.03553752891247947,1694
realized_vol_60,NI,-0.0019076244057773016,1689
realized_vol_60,OI,0.01517980489145178,1694
realized_vol_60,P,0.10477698846390994,1694
realized_vol_60,PP,-0.013050420052989432,1694
realized_vol_60,RB,0.03901616652459054,1694
realized_vol_60,RM,0.007162353408573826,1694
realized_vol_60,RU,-0.1367009317499379,1694
realized_vol_60,SA,0.05156653278479339,1195
realized_vol_60,SC,0.08169457497069228,1610
realized_vol_60,SR,0.026875542582497393,1694
realized_vol_60,TA,-0.012423971035876388,1694
realized_vol_60,V,-0.0076530003357938095,1694
realized_vol_60,Y,0.11779330425851357,1694
realized_vol_60,ZN,0.04525668472467535,1694
momentum_quality_60,AG,-0.037657317280670816,1694
momentum_quality_60,AL,0.00013728076599152212,1694
momentum_quality_60,AU,-0.04563156795551888,1694
momentum_quality_60,BU,-0.08840204465521871,1694
momentum_quality_60,C,0.013204922677173613,1694
momentum_quality_60,CF,0.045032533393288054,1694
momentum_quality_60,CU,-0.004241342978246008,1694
momentum_quality_60,EG,-0.09567765370713543,1406
momentum_quality_60,FG,0.021462251393976367,1694
momentum_quality_60,FU,-0.02287685031561749,1535
momentum_quality_60,HC,0.014047640954346229,1694
momentum_quality_60,I,0.003590488675969138,1694
momentum_quality_60,J,-0.028502171052039213,1694
momentum_quality_60,JM,0.042495228748501056,1694
momentum_quality_60,M,-0.02254703401976329,1694
momentum_quality_60,MA,-0.03612258412831517,1694
momentum_quality_60,NI,0.009541399571438897,1689
momentum_quality_60,OI,-0.011763216623226536,1694
momentum_quality_60,P,0.07376800425276618,1694
momentum_quality_60,PP,-0.09962583943592297,1694
momentum_quality_60,RB,0.01666695558937477,1694
momentum_quality_60,RM,-0.0746382591524126,1694
momentum_quality_60,RU,-0.044829926266963936,1694
momentum_quality_60,SA,0.02331560190553736,1165
momentum_quality_60,SC,0.0339704185858678,1580
momentum_quality_60,SR,0.012664702374876158,1694
momentum_quality_60,TA,-0.027481528614293958,1694
momentum_quality_60,V,-0.032647727090082936,1694
momentum_quality_60,Y,0.01172974067439423,1694
momentum_quality_60,ZN,-0.10634677119740076,1694
vol_managed_momentum_60,AG,0.03647302875651089,1694
vol_managed_momentum_60,AL,-0.02073966234647484,1694
vol_managed_momentum_60,AU,0.04457729403359961,1694
vol_managed_momentum_60,BU,-0.04859595329308283,1694
vol_managed_momentum_60,C,0.0500677065323492,1694
vol_managed_momentum_60,CF,0.04144296424839325,1694
vol_managed_momentum_60,CU,0.03353773529800034,1694
vol_managed_momentum_60,EG,-0.05047420568075395,1406
vol_managed_momentum_60,FG,0.015469098742450837,1694
vol_managed_momentum_60,FU,-0.014194520442276337,1535
vol_managed_momentum_60,HC,0.03828987348801179,1694
vol_managed_momentum_60,I,0.04856005067381332,1694
vol_managed_momentum_60,J,0.0171253423170954,1694
vol_managed_momentum_60,JM,0.0318720618404281,1694
vol_managed_momentum_60,M,-0.001795342462677887,1694
vol_managed_momentum_60,MA,0.013102772979211131,1694
vol_managed_momentum_60,NI,0.02403685701202584,1689
vol_managed_momentum_60,OI,0.01713815653805171,1694
vol_managed_momentum_60,P,0.07016731554356134,1694
vol_managed_momentum_60,PP,-0.023664611328737765,1694
vol_managed_momentum_60,RB,0.05047161350438438,1694
vol_managed_momentum_60,RM,-0.058227764483184674,1694
vol_managed_momentum_60,RU,0.006391832652490006,1694
vol_managed_momentum_60,SA,0.09999279032036483,1165
vol_managed_momentum_60,SC,0.07149548741653047,1580
vol_managed_momentum_60,SR,0.053386887034403495,1694
vol_managed_momentum_60,TA,0.006624235125960746,1694
vol_managed_momentum_60,V,-0.0014463678554741113,1694
vol_managed_momentum_60,Y,0.006430340727876509,1694
vol_managed_momentum_60,ZN,-0.044467796750039805,1694
tsmom_120,AG,-0.044603649489760325,1694
tsmom_120,AL,0.004891343166714133,1694
tsmom_120,AU,-0.009573700478989828,1694
tsmom_120,BU,-0.1309476082836664,1694
tsmom_120,C,-0.03131328068820093,1694
tsmom_120,CF,0.008275213326631807,1694
tsmom_120,CU,-0.004318941713703829,1694
tsmom_120,EG,-0.08407185178522533,1346
tsmom_120,FG,0.047573946994321714,1694
tsmom_120,FU,-0.059693432848962946,1505
tsmom_120,HC,0.021877326212869086,1694
tsmom_120,I,0.017002253220669974,1694
tsmom_120,J,-0.01723918670971012,1694
tsmom_120,JM,0.013891103054422368,1694
tsmom_120,M,-0.09241267471603068,1694
tsmom_120,MA,-0.04975195095804352,1694
tsmom_120,NI,-0.07077487531515839,1689
tsmom_120,OI,-0.006462560186925195,1694
tsmom_120,P,0.05653761669861792,1694
tsmom_120,PP,-0.18691645082885527,1694
tsmom_120,RB,0.001014227938589716,1694
tsmom_120,RM,-0.0925456157785198,1694
tsmom_120,RU,-0.03548240132699638,1694
tsmom_120,SA,-0.022878765883438814,1105
tsmom_120,SC,-0.02591874253845559,1520
tsmom_120,SR,0.024120952881195534,1694
tsmom_120,TA,0.003432590618128107,1694
tsmom_120,V,-0.035155572106962796,1694
tsmom_120,Y,0.04471402184525979,1694
tsmom_120,ZN,-0.07924597505005022,1694
csmom_120,AG,-0.0057974661818062856,1694
csmom_120,AL,0.07927530486943678,1694
csmom_120,AU,0.018425849860200072,1694
csmom_120,BU,-0.10977464265914273,1694
csmom_120,C,0.04154322976668772,1694
csmom_120,CF,-0.0044677491252211226,1694
csmom_120,CU,0.039491625591293385,1694
csmom_120,EG,-0.09765440763150855,1346
csmom_120,FG,0.04798244158871096,1694
csmom_120,FU,-0.050228468227106624,1565
csmom_120,HC,0.03562134853200072,1694
csmom_120,I,0.04741824534337514,1694
csmom_120,J,-0.025505054007142255,1694
csmom_120,JM,-0.014004709049434226,1694
csmom_120,M,-0.09521241583499578,1694
csmom_120,MA,-0.040768880145145625,1694
csmom_120,NI,-0.04306077926891491,1689
csmom_120,OI,-0.006133110220956308,1694
csmom_120,P,0.09018892039699825,1694
csmom_120,PP,-0.1455248896149435,1694
csmom_120,RB,0.009212775890233074,1694
csmom_120,RM,-0.067889617649835,1694
csmom_120,RU,0.0361515105515011,1694
csmom_120,SA,-0.0076849329762423285,1105
csmom_120,SC,-0.017521336231992507,1520
csmom_120,SR,0.0495127783414327,1694
csmom_120,TA,-0.008773155312904225,1694
csmom_120,V,0.02567450442085442,1694
csmom_120,Y,0.05697203857680649,1694
csmom_120,ZN,-0.02064455597029363,1694
trend_efficiency_120,AG,-0.08580408158721671,1694
trend_efficiency_120,AL,0.03050321127901212,1694
trend_efficiency_120,AU,0.012818174332316851,1694
trend_efficiency_120,BU,-0.047099138206734864,1694
trend_efficiency_120,C,0.11157098328765212,1694
trend_efficiency_120,CF,0.024580417114247438,1694
trend_efficiency_120,CU,0.0659565837235091,1694
trend_efficiency_120,EG,0.02454390548121216,1346
trend_efficiency_120,FG,0.002293466611171619,1694
trend_efficiency_120,FU,-0.0658040561050561,1505
trend_efficiency_120,HC,0.06489297009881581,1694
trend_efficiency_120,I,0.03228121342328772,1694
trend_efficiency_120,J,-0.023093360221062714,1694
trend_efficiency_120,JM,-0.06855566122919889,1694
trend_efficiency_120,M,-0.03363576865512572,1694
trend_efficiency_120,MA,0.020141707732416525,1694
trend_efficiency_120,NI,-0.052410557831267024,1689
trend_efficiency_120,OI,0.06071906034460665,1694
trend_efficiency_120,P,0.03417984728771264,1694
trend_efficiency_120,PP,0.005497371143809866,1694
trend_efficiency_120,RB,-0.03653738372154414,1694
trend_efficiency_120,RM,-0.05174947595705256,1694
trend_efficiency_120,RU,-0.03727889042917229,1694
trend_efficiency_120,SA,0.029745670401501598,1105
trend_efficiency_120,SC,-0.028083642012073508,1520
trend_efficiency_120,SR,-0.010452044855014097,1694
trend_efficiency_120,TA,-0.08252897678200598,1694
trend_efficiency_120,V,0.04022635016734799,1694
trend_efficiency_120,Y,0.03802206834226902,1694
trend_efficiency_120,ZN,-0.01631099869874931,1694
realized_vol_120,AG,0.009797018716071982,1694
realized_vol_120,AL,0.06183661053773956,1694
realized_vol_120,AU,-0.007555022511501772,1694
realized_vol_120,BU,0.019130240885853245,1694
realized_vol_120,C,0.06731018136729633,1694
realized_vol_120,CF,0.05867396893765943,1694
realized_vol_120,CU,0.03614155734860982,1694
realized_vol_120,EG,-0.014874189994308423,1406
realized_vol_120,FG,-0.12078965623739124,1694
realized_vol_120,FU,0.020772770621009233,1505
realized_vol_120,HC,0.048187919901212704,1694
realized_vol_120,I,-0.04899695117937951,1694
realized_vol_120,J,0.02641897270444423,1694
realized_vol_120,JM,0.014584159614736041,1694
realized_vol_120,M,-0.013486562715012263,1694
realized_vol_120,MA,-0.020823685459431817,1694
realized_vol_120,NI,-0.009933845443545898,1689
realized_vol_120,OI,0.029658168806970912,1694
realized_vol_120,P,0.10298659179508171,1694
realized_vol_120,PP,-0.0204142573994489,1694
realized_vol_120,RB,0.062856058178143,1694
realized_vol_120,RM,-0.0027437898285584492,1694
realized_vol_120,RU,-0.09362652037192369,1694
realized_vol_120,SA,0.08118108802074961,1165
realized_vol_120,SC,0.04720171694802865,1580
realized_vol_120,SR,0.036088677418229645,1694
realized_vol_120,TA,-0.0018544431517486368,1694
realized_vol_120,V,0.011723693993300035,1694
realized_vol_120,Y,0.09679300792811112,1694
realized_vol_120,ZN,0.05596293547684895,1694
momentum_quality_120,AG,-0.043220059222029324,1694
momentum_quality_120,AL,0.0037452097198675217,1694
momentum_quality_120,AU,-0.008241322662114537,1694
momentum_quality_120,BU,-0.13099725444145502,1694
momentum_quality_120,C,-0.03132395961712176,1694
momentum_quality_120,CF,0.009606292688445836,1694
momentum_quality_120,CU,-0.005856085400031201,1694
momentum_quality_120,EG,-0.08454671072548435,1346
momentum_quality_120,FG,0.04650544684064301,1694
momentum_quality_120,FU,-0.06153754435417578,1505
momentum_quality_120,HC,0.022825193471084804,1694
momentum_quality_120,I,0.017927903566606115,1694
momentum_quality_120,J,-0.016901590862327395,1694
momentum_quality_120,JM,0.014680689627503421,1694
momentum_quality_120,M,-0.0911424919091716,1694
momentum_quality_120,MA,-0.04975056116678975,1694
momentum_quality_120,NI,-0.07016085660816088,1689
momentum_quality_120,OI,-0.006897162476403865,1694
momentum_quality_120,P,0.05589470987856984,1694
momentum_quality_120,PP,-0.18748598629723837,1694
momentum_quality_120,RB,0.0021842124737060536,1694
momentum_quality_120,RM,-0.09233828015294838,1694
momentum_quality_120,RU,-0.034118774189549735,1694
momentum_quality_120,SA,-0.02265097399144138,1105
momentum_quality_120,SC,-0.025371082520469632,1520
momentum_quality_120,SR,0.025322125023980922,1694
momentum_quality_120,TA,0.0025003961568497404,1694
momentum_quality_120,V,-0.03575142227407844,1694
momentum_quality_120,Y,0.04446224005357041,1694
momentum_quality_120,ZN,-0.0799603302230418,1694
vol_managed_momentum_120,AG,0.008968222995645581,1694
vol_managed_momentum_120,AL,-0.004032017707293347,1694
vol_managed_momentum_120,AU,0.06276307793415528,1694
vol_managed_momentum_120,BU,-0.0571159167393783,1694
vol_managed_momentum_120,C,-0.02857764198924735,1694
vol_managed_momentum_120,CF,-0.000557618563804653,1694
vol_managed_momentum_120,CU,0.0526591153152941,1694
vol_managed_momentum_120,EG,-0.060783553494003356,1346
vol_managed_momentum_120,FG,0.031835697771663375,1694
vol_managed_momentum_120,FU,-0.08912416011461695,1505
vol_managed_momentum_120,HC,0.027894732315247098,1694
vol_managed_momentum_120,I,0.07487868563368029,1694
vol_managed_momentum_120,J,0.0037525931378760624,1694
vol_managed_momentum_120,JM,0.03076097186966846,1694
vol_managed_momentum_120,M,-0.10505816810220109,1694
vol_managed_momentum_120,MA,-0.004897581178790208,1694
vol_managed_momentum_120,NI,0.020203773487539888,1689
vol_managed_momentum_120,OI,0.0151428285447547,1694
vol_managed_momentum_120,P,0.06474749256663483,1694
vol_managed_momentum_120,PP,-0.16569048992073332,1694
vol_managed_momentum_120,RB,0.009327055730993388,1694
vol_managed_momentum_120,RM,-0.020940151447626502,1694
vol_managed_momentum_120,RU,-0.08746758514012727,1694
vol_managed_momentum_120,SA,-0.01014612231297292,1105
vol_managed_momentum_120,SC,-0.07488927237243438,1520
vol_managed_momentum_120,SR,0.018788610188435396,1694
vol_managed_momentum_120,TA,0.032447110825754355,1694
vol_managed_momentum_120,V,-0.06716180070209847,1694
vol_managed_momentum_120,Y,0.0291641288730719,1694
vol_managed_momentum_120,ZN,-0.025373195516975283,1694
multi_horizon_trend,AG,-0.03642934467069092,1694
multi_horizon_trend,AL,0.04452835174189611,1694
multi_horizon_trend,AU,-0.00020383623993070084,1694
multi_horizon_trend,BU,-0.09501186392114162,1694
multi_horizon_trend,C,-0.020115235257119227,1694
multi_horizon_trend,CF,0.029315662821909408,1694
multi_horizon_trend,CU,0.00928622616660615,1694
multi_horizon_trend,EG,-0.14105340003842923,1346
multi_horizon_trend,FG,0.06230404341383757,1694
multi_horizon_trend,FU,-0.03549575758158842,1565
multi_horizon_trend,HC,0.03810590088956925,1694
multi_horizon_trend,I,0.016092616230981693,1694
multi_horizon_trend,J,-0.032760671648215126,1694
multi_horizon_trend,JM,0.04575554632801309,1694
multi_horizon_trend,M,-0.02232103991176006,1694
multi_horizon_trend,MA,-0.01960427789087215,1694
multi_horizon_trend,NI,-0.00890329855803302,1689
multi_horizon_trend,OI,-0.02419593601129613,1694
multi_horizon_trend,P,0.07954897862571451,1694
multi_horizon_trend,PP,-0.15245665592134608,1694
multi_horizon_trend,RB,0.03309864027815179,1694
multi_horizon_trend,RM,-0.05220424578164741,1694
multi_horizon_trend,RU,-0.06742015422386283,1694
multi_horizon_trend,SA,0.04476963355402512,1105
multi_horizon_trend,SC,0.060188228594044935,1520
multi_horizon_trend,SR,-0.017491553964862017,1694
multi_horizon_trend,TA,-0.0012944781440548264,1694
multi_horizon_trend,V,-0.048543610607785295,1694
multi_horizon_trend,Y,0.02457174742164458,1694
multi_horizon_trend,ZN,-0.11974438265365386,1694
carry,AG,0.029046819870811005,1694
carry,AL,0.14201268669272568,1694
carry,AU,0.014874186136557725,1694
carry,BU,-0.04170601830337465,1694
carry,C,-0.06982131427749791,1694
carry,CF,0.005712066114090204,1694
carry,CU,0.11023161846135993,1694
carry,EG,-0.0033978829910167713,1466
carry,FG,0.06768516591305498,1694
carry,FU,-0.09728631592673989,1565
carry,HC,0.1178252528083134,1694
carry,I,0.017711709840531824,1694
carry,J,0.0406020669145507,1694
carry,JM,0.0470002348389603,1694
carry,M,0.08170140442819154,1694
carry,MA,-0.02628483313371015,1694
carry,NI,-0.01147855385663966,1689
carry,OI,0.076832053760582,1694
carry,P,0.14008061185682205,1694
carry,PP,0.04175272626556298,1694
carry,RB,0.02506870846655219,1694
carry,RM,0.030765571586077997,1694
carry,RU,0.09441252021121754,1694
carry,SA,0.0561552159469836,1225
carry,SC,0.05369464758343648,1640
carry,SR,0.011245386379174663,1694
carry,TA,-0.02009546417456421,1694
carry,V,0.06549537727901743,1694
carry,Y,0.05161637494137801,1694
carry,ZN,0.10632478423867048,1694
curve_curvature,AG,0.03358394530222991,1694
curve_curvature,AL,-0.07582129787213535,1694
curve_curvature,AU,0.03111847569789735,1688
curve_curvature,BU,-0.002454882344669479,1694
curve_curvature,C,0.031075581930068853,1694
curve_curvature,CF,-0.024774902127503908,1693
curve_curvature,CU,-0.10208171321518535,1694
curve_curvature,EG,-0.08168762524000649,1460
curve_curvature,FG,-0.08001072036001822,1692
curve_curvature,FU,0.03042545005689634,1561
curve_curvature,HC,-0.022167777787495617,1694
curve_curvature,I,0.005245690562495978,1694
curve_curvature,J,-0.021629319976479846,1684
curve_curvature,JM,-0.015094244909445009,1687
curve_curvature,M,-0.12240495509360744,1694
curve_curvature,MA,-0.029500786673071967,1694
curve_curvature,NI,0.020114221361737242,1689
curve_curvature,OI,0.01019469300241173,1674
curve_curvature,P,-0.04836817730354282,1686
curve_curvature,PP,-0.08736568640456896,1686
curve_curvature,RB,0.02585004943540563,1694
curve_curvature,RM,-0.0396987613880418,1694
curve_curvature,RU,-0.08311320256647121,1694
curve_curvature,SA,-0.0362059698761238,1223
curve_curvature,SC,-0.05951066293235352,1640
curve_curvature,SR,0.014098226385059821,1694
curve_curvature,TA,-0.00963854918757728,1694
curve_curvature,V,-0.06832794206666468,1662
curve_curvature,Y,-0.049496779355281594,1687
curve_curvature,ZN,-0.05793940642799131,1694
term_structure_slope,AG,0.048084222465814064,1694
term_structure_slope,AL,0.12820690150711692,1694
term_structure_slope,AU,0.11948299172908194,1694
term_structure_slope,BU,-0.07528575134184794,1694
term_structure_slope,C,-0.0904757452210676,1694
term_structure_slope,CF,-0.027263030207909007,1694
term_structure_slope,CU,0.06801970538856937,1694
term_structure_slope,EG,-0.06509308460306917,1466
term_structure_slope,FG,0.058490927613316715,1694
term_structure_slope,FU,-0.028480085920580465,1565
term_structure_slope,HC,0.07319600147255911,1694
term_structure_slope,I,0.033701150557697256,1694
term_structure_slope,J,0.012746144636057147,1694
term_structure_slope,JM,0.04792007772117533,1694
term_structure_slope,M,-0.012711686206018792,1694
term_structure_slope,MA,-0.09617394355792351,1694
term_structure_slope,NI,-0.0027522989246323115,1689
term_structure_slope,OI,0.09763236778902536,1694
term_structure_slope,P,0.1250411731059132,1694
term_structure_slope,PP,0.002412708473393733,1694
term_structure_slope,RB,0.06944141987591447,1694
term_structure_slope,RM,-0.008176380160685419,1694
term_structure_slope,RU,0.022228910061208022,1694
term_structure_slope,SA,-0.024126955839432015,1225
term_structure_slope,SC,0.03166590551412238,1640
term_structure_slope,SR,-0.00492000544832731,1694
term_structure_slope,TA,-0.040587247802852194,1694
term_structure_slope,V,0.0543907409095047,1694
term_structure_slope,Y,0.06584470923039797,1694
term_structure_slope,ZN,0.02907092399142148,1694
carry_change_5,AG,-0.03636567540486337,1694
carry_change_5,AL,0.050192925183604735,1694
carry_change_5,AU,-0.029711343750839114,1694
carry_change_5,BU,0.002159836820091354,1694
carry_change_5,C,0.027817774184529676,1694
carry_change_5,CF,-0.016508497169531507,1694
carry_change_5,CU,0.13671027881403386,1694
carry_change_5,EG,0.0012279347744234108,1461
carry_change_5,FG,-0.03548057220028925,1694
carry_change_5,FU,-0.009033001683319644,1560
carry_change_5,HC,-0.010584725486009122,1694
carry_change_5,I,-0.05460943184549781,1694
carry_change_5,J,-0.005107059502067293,1694
carry_change_5,JM,-0.020841755214276777,1694
carry_change_5,M,0.034290032019074844,1694
carry_change_5,MA,0.04246978051042774,1694
carry_change_5,NI,0.0028431486185730966,1689
carry_change_5,OI,0.02212598157787259,1694
carry_change_5,P,0.04669739099751939,1694
carry_change_5,PP,0.011887283263766526,1694
carry_change_5,RB,0.005432401488377565,1694
carry_change_5,RM,0.003718988824665077,1694
carry_change_5,RU,0.011277962243629876,1694
carry_change_5,SA,-0.0035048243442654336,1220
carry_change_5,SC,0.029902368241631446,1635
carry_change_5,SR,0.0347806456114814,1694
carry_change_5,TA,-0.04719162841538293,1694
carry_change_5,V,0.049010661482440834,1694
carry_change_5,Y,0.012577651577765149,1694
carry_change_5,ZN,0.10224712527649772,1694
basis_momentum_5,AG,-0.019494658705434664,1694
basis_momentum_5,AL,0.05011750416850216,1694
basis_momentum_5,AU,-0.03155599911756895,1694
basis_momentum_5,BU,0.013390336341635039,1694
basis_momentum_5,C,0.023991804753968355,1694
basis_momentum_5,CF,-0.012971367344088486,1694
basis_momentum_5,CU,0.14084699865229128,1694
basis_momentum_5,EG,0.01157412016054776,1461
basis_momentum_5,FG,-0.02643388523822275,1694
basis_momentum_5,FU,-0.014679008028437754,1560
basis_momentum_5,HC,-0.022609742501247518,1694
basis_momentum_5,I,-0.054716912327184904,1694
basis_momentum_5,J,0.0019904538497257846,1694
basis_momentum_5,JM,-0.012556910856425352,1694
basis_momentum_5,M,0.04947909765988467,1694
basis_momentum_5,MA,0.060732570695462715,1694
basis_momentum_5,NI,0.005219715643795281,1689
basis_momentum_5,OI,0.010648655877151043,1694
basis_momentum_5,P,0.036670038455357386,1694
basis_momentum_5,PP,0.028385120018503233,1694
basis_momentum_5,RB,0.0014462629404947854,1694
basis_momentum_5,RM,0.008546247306577453,1694
basis_momentum_5,RU,0.02041145560002963,1694
basis_momentum_5,SA,-0.005200363876516057,1220
basis_momentum_5,SC,0.016577757313115674,1635
basis_momentum_5,SR,0.030563310474867173,1694
basis_momentum_5,TA,-0.05084356536853451,1694
basis_momentum_5,V,0.039158863279859346,1694
basis_momentum_5,Y,0.03788309662252769,1694
basis_momentum_5,ZN,0.10728213163422803,1694
term_structure_momentum_5,AG,-0.03444877434293825,1694
term_structure_momentum_5,AL,-0.04621966688789568,1694
term_structure_momentum_5,AU,0.04831588434574371,1694
term_structure_momentum_5,BU,-0.024368649229831715,1694
term_structure_momentum_5,C,0.011130492568903414,1694
term_structure_momentum_5,CF,-0.05378468083829567,1694
term_structure_momentum_5,CU,0.1010959941963996,1694
term_structure_momentum_5,EG,-0.06688616854205444,1461
term_structure_momentum_5,FG,-0.019659158915352276,1694
term_structure_momentum_5,FU,0.004681592669857398,1560
term_structure_momentum_5,HC,-0.031891707781412044,1694
term_structure_momentum_5,I,-0.06481494303062361,1694
term_structure_momentum_5,J,-0.05499335735940106,1694
term_structure_momentum_5,JM,-0.06529193518761561,1694
term_structure_momentum_5,M,0.13162783688439708,1694
term_structure_momentum_5,MA,-0.023766315413384243,1694
term_structure_momentum_5,NI,0.03672485682792558,1689
term_structure_momentum_5,OI,0.04151972118417645,1694
term_structure_momentum_5,P,0.08680794163430179,1694
term_structure_momentum_5,PP,0.03507590096226567,1694
term_structure_momentum_5,RB,-0.021384795781191145,1694
term_structure_momentum_5,RM,0.0537682427921874,1694
term_structure_momentum_5,RU,0.025896455626844207,1694
term_structure_momentum_5,SA,0.12293107020846768,1220
term_structure_momentum_5,SC,-0.0025934365011116567,1635
term_structure_momentum_5,SR,-0.028475402141992935,1694
term_structure_momentum_5,TA,0.06023859498092848,1694
term_structure_momentum_5,V,0.0323704809744767,1694
term_structure_momentum_5,Y,0.10177012688504093,1694
term_structure_momentum_5,ZN,0.015278489944653539,1694
term_structure_acceleration_5,AG,-0.01745301091854014,1694
term_structure_acceleration_5,AL,-0.062014488968788035,1694
term_structure_acceleration_5,AU,0.004893564854864969,1694
term_structure_acceleration_5,BU,0.018768094104745624,1694
term_structure_acceleration_5,C,0.048505407005096444,1694
term_structure_acceleration_5,CF,-0.026441337728883484,1694
term_structure_acceleration_5,CU,0.013086589185228273,1694
term_structure_acceleration_5,EG,0.014079978919113138,1456
term_structure_acceleration_5,FG,-0.019440724707712104,1694
term_structure_acceleration_5,FU,-0.019888017212508994,1555
term_structure_acceleration_5,HC,-0.026525100439433295,1694
term_structure_acceleration_5,I,-0.04544997432496429,1694
term_structure_acceleration_5,J,0.01394617877851333,1694
term_structure_acceleration_5,JM,-0.05414314823994262,1694
term_structure_acceleration_5,M,0.09853978792464317,1694
term_structure_acceleration_5,MA,0.025140048777106197,1694
term_structure_acceleration_5,NI,0.043834349711897536,1689
term_structure_acceleration_5,OI,0.06324405185543211,1694
term_structure_acceleration_5,P,-0.019492407391714886,1694
term_structure_acceleration_5,PP,0.01075110052552068,1694
term_structure_acceleration_5,RB,-0.005383156469333569,1694
term_structure_acceleration_5,RM,0.05339767211075837,1694
term_structure_acceleration_5,RU,0.04022794600769595,1694
term_structure_acceleration_5,SA,0.025012123022181115,1215
term_structure_acceleration_5,SC,-0.07574029733362042,1630
term_structure_acceleration_5,SR,0.07399795788319068,1694
term_structure_acceleration_5,TA,0.028209511394513713,1694
term_structure_acceleration_5,V,0.015231469085324748,1694
term_structure_acceleration_5,Y,0.03975555521997048,1694
term_structure_acceleration_5,ZN,-0.02334787469289054,1694
carry_change_20,AG,-0.034029402980440306,1694
carry_change_20,AL,0.02343150410006101,1694
carry_change_20,AU,0.002445695650168756,1694
carry_change_20,BU,-0.01458925346788203,1694
carry_change_20,C,-0.10217937116448315,1694
carry_change_20,CF,-0.04721670017110663,1694
carry_change_20,CU,0.14886462293337133,1694
carry_change_20,EG,-0.039288235531262934,1446
carry_change_20,FG,-0.00780567866078347,1694
carry_change_20,FU,0.002964018992592783,1545
carry_change_20,HC,-0.004982015320487323,1694
carry_change_20,I,-0.004935379551219988,1694
carry_change_20,J,-0.011634899146915642,1694
carry_change_20,JM,0.031233989668012874,1694
carry_change_20,M,-0.010850010216385129,1694
carry_change_20,MA,0.0005682481217776568,1694
carry_change_20,NI,-0.018500263274333746,1689
carry_change_20,OI,0.006802232081278497,1694
carry_change_20,P,0.06946627817442519,1694
carry_change_20,PP,-0.03164295612946971,1694
carry_change_20,RB,-0.08593980711635206,1694
carry_change_20,RM,-0.005068999463788665,1694
carry_change_20,RU,0.05024730909536975,1694
carry_change_20,SA,-0.01891807144780914,1205
carry_change_20,SC,0.06865013595423108,1620
carry_change_20,SR,-0.0734788449301714,1694
carry_change_20,TA,-0.01959150716066277,1694
carry_change_20,V,-0.023692044336074025,1694
carry_change_20,Y,-0.03384478289180297,1694
carry_change_20,ZN,0.13460583122467584,1694
basis_momentum_20,AG,-0.01949752469907767,1694
basis_momentum_20,AL,0.04095817647419656,1694
basis_momentum_20,AU,-0.00030550351843984844,1694
basis_momentum_20,BU,-0.012963298910324848,1694
basis_momentum_20,C,-0.10436357746952077,1694
basis_momentum_20,CF,-0.05069027975492007,1694
basis_momentum_20,CU,0.1570067976899571,1694
basis_momentum_20,EG,-0.03443351246599806,1446
basis_momentum_20,FG,0.010475350408325578,1694
basis_momentum_20,FU,0.005981431846029924,1545
basis_momentum_20,HC,-0.02267580819103086,1694
basis_momentum_20,I,0.012119096988933936,1694
basis_momentum_20,J,-0.024075905609303033,1694
basis_momentum_20,JM,0.0241413294771522,1694
basis_momentum_20,M,0.010476711791909147,1694
basis_momentum_20,MA,0.010853582202076476,1694
basis_momentum_20,NI,-0.02324784592481666,1689
basis_momentum_20,OI,0.012080797501718154,1694
basis_momentum_20,P,0.05395979703811896,1694
basis_momentum_20,PP,-0.008839791960616595,1694
basis_momentum_20,RB,-0.09230139267389807,1694
basis_momentum_20,RM,0.015237030718885634,1694
basis_momentum_20,RU,0.031806998380257544,1694
basis_momentum_20,SA,-0.022551220133462353,1205
basis_momentum_20,SC,0.04712805568902526,1620
basis_momentum_20,SR,-0.07056419841077123,1694
basis_momentum_20,TA,-0.016135744303622874,1694
basis_momentum_20,V,-0.021890674995572977,1694
basis_momentum_20,Y,-0.026124030858969433,1694
basis_momentum_20,ZN,0.12672004950322893,1694
term_structure_momentum_20,AG,-0.04081797413376183,1694
term_structure_momentum_20,AL,0.08788818583814685,1694
term_structure_momentum_20,AU,0.036864836314465396,1694
term_structure_momentum_20,BU,-0.037043640511190426,1694
term_structure_momentum_20,C,-0.09913317337008781,1694
term_structure_momentum_20,CF,-0.057400722665532235,1694
term_structure_momentum_20,CU,0.15224318819150406,1694
term_structure_momentum_20,EG,-0.10830393765448613,1446
term_structure_momentum_20,FG,-0.06357270674782972,1694
term_structure_momentum_20,FU,0.05561660176637919,1545
term_structure_momentum_20,HC,0.011737141381777703,1694
term_structure_momentum_20,I,-0.007267387561428758,1694
term_structure_momentum_20,J,-0.1305846985723283,1694
term_structure_momentum_20,JM,-0.06648140889137961,1694
term_structure_momentum_20,M,0.09769633521488563,1694
term_structure_momentum_20,MA,0.019434101563488623,1694
term_structure_momentum_20,NI,-0.008132922979692637,1689
term_structure_momentum_20,OI,-0.006751296108399966,1694
term_structure_momentum_20,P,0.07703056761131755,1694
term_structure_momentum_20,PP,0.0163348522562721,1694
term_structure_momentum_20,RB,-0.010637426462562287,1694
term_structure_momentum_20,RM,0.037072784139381296,1694
term_structure_momentum_20,RU,0.004128140407524687,1694
term_structure_momentum_20,SA,0.12391478594949326,1205
term_structure_momentum_20,SC,0.10952206581392537,1620
term_structure_momentum_20,SR,-0.05828904859982141,1694
term_structure_momentum_20,TA,0.04817614370373441,1694
term_structure_momentum_20,V,0.02846164740510822,1694
term_structure_momentum_20,Y,0.017114468373093758,1694
term_structure_momentum_20,ZN,0.045161744455367005,1694
term_structure_acceleration_20,AG,-0.03160734242000126,1694
term_structure_acceleration_20,AL,0.10498860201459374,1694
term_structure_acceleration_20,AU,-0.01877414573305419,1694
term_structure_acceleration_20,BU,-0.036446045082968254,1694
term_structure_acceleration_20,C,-0.07507917854311796,1694
term_structure_acceleration_20,CF,-0.10173939842762152,1694
term_structure_acceleration_20,CU,0.12665031308596525,1694
term_structure_acceleration_20,EG,-0.07316545284037732,1426
term_structure_acceleration_20,FG,-0.0694535072387361,1694
term_structure_acceleration_20,FU,0.014253223811029394,1525
term_structure_acceleration_20,HC,-0.008898966704951734,1694
term_structure_acceleration_20,I,0.025144474879624918,1694
term_structure_acceleration_20,J,-0.15887875517261388,1694
term_structure_acceleration_20,JM,-0.10690126581656659,1694
term_structure_acceleration_20,M,0.09845980457399679,1694
term_structure_acceleration_20,MA,0.07526431197560104,1694
term_structure_acceleration_20,NI,0.04498798491752622,1689
term_structure_acceleration_20,OI,-0.01604762461624682,1694
term_structure_acceleration_20,P,0.04989757173653953,1694
term_structure_acceleration_20,PP,0.0733436747708756,1694
term_structure_acceleration_20,RB,0.00020408825364539562,1694
term_structure_acceleration_20,RM,-0.01581639346787496,1694
term_structure_acceleration_20,RU,-0.057124164080211856,1694
term_structure_acceleration_20,SA,0.17182633489467436,1185
term_structure_acceleration_20,SC,0.05666573307255199,1600
term_structure_acceleration_20,SR,-0.04701683930204757,1694
term_structure_acceleration_20,TA,0.1256084918205684,1694
term_structure_acceleration_20,V,0.03253522184323805,1694
term_structure_acceleration_20,Y,0.0483525348444026,1694
term_structure_acceleration_20,ZN,0.04326633825668942,1694
carry_change_60,AG,-0.01642811640329715,1694
carry_change_60,AL,-0.006083323679416631,1694
carry_change_60,AU,0.006292299649880603,1694
carry_change_60,BU,0.02117046924713821,1694
carry_change_60,C,-0.021904969001644094,1694
carry_change_60,CF,-0.03964902265984903,1694
carry_change_60,CU,0.10630580568078163,1694
carry_change_60,EG,0.027709725275651034,1406
carry_change_60,FG,0.05207924043948292,1694
carry_change_60,FU,-0.11287080077307825,1505
carry_change_60,HC,0.0364200920272743,1694
carry_change_60,I,0.0005278898674115076,1694
carry_change_60,J,0.020988646028764373,1694
carry_change_60,JM,0.04837167101100889,1694
carry_change_60,M,0.0850719923286485,1694
carry_change_60,MA,-0.06620357406790969,1694
carry_change_60,NI,-0.04895364952121728,1689
carry_change_60,OI,0.06404107368829363,1694
carry_change_60,P,0.08295191149028737,1694
carry_change_60,PP,-0.009839269098658598,1694
carry_change_60,RB,-0.020125003083367916,1694
carry_change_60,RM,0.06493903929371253,1694
carry_change_60,RU,0.043692621547011326,1694
carry_change_60,SA,0.021144482518457453,1165
carry_change_60,SC,0.06697361715257696,1580
carry_change_60,SR,-0.024960032547281925,1694
carry_change_60,TA,-0.013288440944630525,1694
carry_change_60,V,-0.02470863831727432,1694
carry_change_60,Y,-0.0232920065656158,1694
carry_change_60,ZN,0.09398909296514266,1694
basis_momentum_60,AG,-0.010432774159091312,1694
basis_momentum_60,AL,0.011749307609483757,1694
basis_momentum_60,AU,-0.007135340112498912,1694
basis_momentum_60,BU,0.021356988860839757,1694
basis_momentum_60,C,-0.022060399763938646,1694
basis_momentum_60,CF,-0.045126076437914164,1694
basis_momentum_60,CU,0.11035568454831628,1694
basis_momentum_60,EG,0.05354909800373062,1406
basis_momentum_60,FG,0.06095480287317767,1694
basis_momentum_60,FU,-0.12277311736546173,1505
basis_momentum_60,HC,0.038108500792189345,1694
basis_momentum_60,I,0.011783759860906828,1694
basis_momentum_60,J,0.029934971778319924,1694
basis_momentum_60,JM,0.039585205815279106,1694
basis_momentum_60,M,0.06509057837983578,1694
basis_momentum_60,MA,-0.06011035399236021,1694
basis_momentum_60,NI,-0.05364604692255441,1689
basis_momentum_60,OI,0.06941579143400187,1694
basis_momentum_60,P,0.09197351061077759,1694
basis_momentum_60,PP,0.001767055396999148,1694
basis_momentum_60,RB,-0.02365429774461997,1694
basis_momentum_60,RM,0.04602337306743648,1694
basis_momentum_60,RU,0.006553350830838133,1694
basis_momentum_60,SA,0.021724664500113573,1165
basis_momentum_60,SC,0.06690258724616305,1580
basis_momentum_60,SR,-0.024682168101263054,1694
basis_momentum_60,TA,-0.0010082861496065272,1694
basis_momentum_60,V,-0.020650038077626668,1694
basis_momentum_60,Y,-0.0009851089729953006,1694
basis_momentum_60,ZN,0.0899499942368714,1694
term_structure_momentum_60,AG,-0.009913115650703515,1694
term_structure_momentum_60,AL,-0.010001583386953746,1694
term_structure_momentum_60,AU,0.054506125674663584,1694
term_structure_momentum_60,BU,-0.04337029368181968,1694
term_structure_momentum_60,C,-0.011174059932790338,1694
term_structure_momentum_60,CF,0.046067495854062,1694
term_structure_momentum_60,CU,0.05661256538043687,1694
term_structure_momentum_60,EG,-0.06769089825003365,1406
term_structure_momentum_60,FG,0.007694332436255375,1694
term_structure_momentum_60,FU,0.01026027720096172,1505
term_structure_momentum_60,HC,-0.015103415752729313,1694
term_structure_momentum_60,I,-0.012161649780466363,1694
term_structure_momentum_60,J,0.007313287700989843,1694
term_structure_momentum_60,JM,0.03952823671660261,1694
term_structure_momentum_60,M,0.02201071283436367,1694
term_structure_momentum_60,MA,-0.10830695203639688,1694
term_structure_momentum_60,NI,-0.05196249833819129,1689
term_structure_momentum_60,OI,0.030034022176291777,1694
term_structure_momentum_60,P,0.06471790453737278,1694
term_structure_momentum_60,PP,-0.010763112469110237,1694
term_structure_momentum_60,RB,-0.03514514120183483,1694
term_structure_momentum_60,RM,0.05934855583871764,1694
term_structure_momentum_60,RU,0.06787981536981133,1694
term_structure_momentum_60,SA,-0.07355690100993573,1165
term_structure_momentum_60,SC,0.08329228712176259,1580
term_structure_momentum_60,SR,0.019937280053731354,1694
term_structure_momentum_60,TA,0.0008479417607160122,1694
term_structure_momentum_60,V,-0.040655290772687716,1694
term_structure_momentum_60,Y,-0.0036212862526693694,1694
term_structure_momentum_60,ZN,0.033780430372806626,1694
value_60,AG,0.03566393820300839,1694
value_60,AL,-0.053742752588836436,1694
value_60,AU,0.0035616930898671665,1694
value_60,BU,0.08370358490402542,1694
value_60,C,-0.0019400510851224756,1694
value_60,CF,-0.03862136706668566,1694
value_60,CU,-0.016447763538595648,1694
value_60,EG,0.11985861706731882,1437
value_60,FG,-0.0556104087334922,1694
value_60,FU,0.008136222493969619,1564
value_60,HC,-0.014121993552196776,1694
value_60,I,-0.0015932450911749036,1694
value_60,J,0.042787405822742756,1694
value_60,JM,-0.014474862283381485,1694
value_60,M,-0.004114141284611334,1694
value_60,MA,0.023325201100233305,1694
value_60,NI,-0.03305821069986143,1689
value_60,OI,0.004512421392015043,1694
value_60,P,-0.059867089954706125,1694
value_60,PP,0.14527053882052623,1694
value_60,RB,-0.00023317512814514097,1694
value_60,RM,0.062032563660724474,1694
value_60,RU,0.06924549140022537,1694
value_60,SA,-0.11552719275975022,1196
value_60,SC,-0.027724624277861452,1611
value_60,SR,0.07107797189934656,1694
value_60,TA,0.021108997520987004,1694
value_60,V,0.025837380858648215,1694
value_60,Y,0.007929296011546573,1694
value_60,ZN,0.10060366496470106,1694
value_120,AG,0.022493070389411222,1694
value_120,AL,-0.02082218458361956,1694
value_120,AU,-0.009448303292293904,1694
value_120,BU,0.11119988776460545,1694
value_120,C,0.02548834086465658,1694
value_120,CF,-0.0465224636459274,1694
value_120,CU,0.008024554723255872,1694
value_120,EG,0.11334924576283573,1407
value_120,FG,-0.05926204452856996,1694
value_120,FU,0.021902078202453542,1564
value_120,HC,0.002973276951197201,1694
value_120,I,-0.0060482073781833005,1694
value_120,J,0.046032817723452434,1694
value_120,JM,-0.01175507042227184,1694
value_120,M,0.03770933568761832,1694
value_120,MA,0.03459890386818218,1694
value_120,NI,-0.012021836801592667,1689
value_120,OI,0.032801903777037296,1694
value_120,P,-0.07143283279974554,1694
value_120,PP,0.1878054506761325,1694
value_120,RB,0.007969592552269126,1694
value_120,RM,0.07637845800599156,1694
value_120,RU,0.06767606900975144,1694
value_120,SA,-0.04282468371231322,1166
value_120,SC,-0.02215200653303596,1581
value_120,SR,0.03157766554356269,1694
value_120,TA,0.019833449329166492,1694
value_120,V,0.023505572800644695,1694
value_120,Y,-0.014552890545798737,1694
value_120,ZN,0.09609846283471389,1694
value_252,AG,0.017768918123212386,1694
value_252,AL,-0.009798017230733175,1694
value_252,AU,-0.004072427798631812,1694
value_252,BU,0.11237539567154908,1694
value_252,C,0.03308842668809286,1694
value_252,CF,-0.01476172704718242,1694
value_252,CU,0.016860134105105236,1694
value_252,EG,0.10391884783366696,1341
value_252,FG,-0.04782485859474132,1694
value_252,FU,0.022592867901225163,1565
value_252,HC,-0.01470345333115434,1694
value_252,I,-0.009418779485197499,1694
value_252,J,0.04032127678517931,1694
value_252,JM,-0.03977378543028878,1694
value_252,M,0.04753705569501434,1694
value_252,MA,0.04065057338177122,1694
value_252,NI,0.008550610412413976,1689
value_252,OI,-0.02165115927258943,1694
value_252,P,-0.07058307912645244,1694
value_252,PP,0.19150420606560817,1694
value_252,RB,-0.024479347445857128,1694
value_252,RM,0.07653525509454921,1694
value_252,RU,0.06236801187331006,1694
value_252,SA,0.014426518308918211,1100
value_252,SC,-0.007829396094578212,1515
value_252,SR,-0.013002162452242973,1694
value_252,TA,-0.010476689581463,1694
value_252,V,0.013107687845700931,1694
value_252,Y,-0.04389002127596377,1694
value_252,ZN,0.09047075617844755,1694
reversal_5,AG,0.07556304802251684,1694
reversal_5,AL,-0.0036947798011155394,1694
reversal_5,AU,0.05215804496311662,1694
reversal_5,BU,0.05288286479105551,1694
reversal_5,C,-0.002964698773028276,1694
reversal_5,CF,0.0030454831504016277,1694
reversal_5,CU,0.028705196632171925,1694
reversal_5,EG,0.014295089309755891,1461
reversal_5,FG,-0.06777220468257028,1694
reversal_5,FU,0.0635640882423947,1565
reversal_5,HC,0.040591635718066316,1694
reversal_5,I,-0.00441580500739817,1694
reversal_5,J,0.040706293471665336,1694
reversal_5,JM,0.03802405079569558,1694
reversal_5,M,-0.022482855644241805,1694
reversal_5,MA,0.044961054154938014,1694
reversal_5,NI,0.06632945668456049,1689
reversal_5,OI,0.02945221805373782,1694
reversal_5,P,-0.0249895613994236,1694
reversal_5,PP,0.04216218865432825,1694
reversal_5,RB,0.036642394468441225,1694
reversal_5,RM,0.0280424945783916,1694
reversal_5,RU,0.020815125095160363,1694
reversal_5,SA,-0.08186170200990195,1220
reversal_5,SC,0.042896682196094486,1635
reversal_5,SR,0.10495134802126979,1694
reversal_5,TA,-0.037726810592786784,1694
reversal_5,V,0.026778357831871043,1694
reversal_5,Y,0.027359238092341198,1694
reversal_5,ZN,0.11276789458424928,1694
oi_growth_5,AG,-0.019340847322859272,1694
oi_growth_5,AL,-0.0420543267302841,1694
oi_growth_5,AU,-0.014242964627658785,1694
oi_growth_5,BU,0.07743027083558927,1694
oi_growth_5,C,0.019307073926159084,1694
oi_growth_5,CF,0.02694571346381198,1694
oi_growth_5,CU,-0.03226515800176974,1694
oi_growth_5,EG,0.03594220299147511,1461
oi_growth_5,FG,-0.030266285232819847,1694
oi_growth_5,FU,-0.00034077259516016316,1560
oi_growth_5,HC,-0.05854692032999231,1694
oi_growth_5,I,-0.06856167213808516,1694
oi_growth_5,J,0.009797543269950356,1694
oi_growth_5,JM,0.04342375495022877,1694
oi_growth_5,M,0.01234611432972105,1694
oi_growth_5,MA,-0.03977232158266268,1694
oi_growth_5,NI,-0.05815590562610104,1689
oi_growth_5,OI,0.0030490082299648833,1694
oi_growth_5,P,-0.03164930769767255,1694
oi_growth_5,PP,0.025909477205643,1694
oi_growth_5,RB,-0.010141954772131844,1694
oi_growth_5,RM,0.0019383058208870233,1694
oi_growth_5,RU,-0.0771401302638012,1694
oi_growth_5,SA,0.05666342839785193,1220
oi_growth_5,SC,0.04496938819527831,1635
oi_growth_5,SR,-0.033704184400416434,1694
oi_growth_5,TA,0.005145056595604654,1694
oi_growth_5,V,0.0032402736227438674,1694
oi_growth_5,Y,0.0251741887647436,1694
oi_growth_5,ZN,0.060680328861885686,1694
reversal_20,AG,0.04191457993891322,1694
reversal_20,AL,-0.1094667735686858,1694
reversal_20,AU,0.022971295571120987,1694
reversal_20,BU,0.08320094594475654,1694
reversal_20,C,0.03804004317548233,1694
reversal_20,CF,-0.007448552908490341,1694
reversal_20,CU,-0.02656769024278228,1694
reversal_20,EG,0.13030799129087434,1446
reversal_20,FG,-0.09033744264430374,1694
reversal_20,FU,0.0017228465304156009,1565
reversal_20,HC,-0.006289342339842239,1694
reversal_20,I,0.00746004275927312,1694
reversal_20,J,0.08007929684807502,1694
reversal_20,JM,-0.00431848009564973,1694
reversal_20,M,-0.02701930825142248,1694
reversal_20,MA,0.013932989338603959,1694
reversal_20,NI,0.02566136500083657,1689
reversal_20,OI,0.04912387766047988,1694
reversal_20,P,-0.03679689825548483,1694
reversal_20,PP,0.10740454798573054,1694
reversal_20,RB,0.01834048026800389,1694
reversal_20,RM,0.03847062532083766,1694
reversal_20,RU,0.10684451167918271,1694
reversal_20,SA,-0.08852454069378231,1205
reversal_20,SC,-0.03227196158194836,1620
reversal_20,SR,0.065633384515914,1694
reversal_20,TA,0.007237465088661224,1694
reversal_20,V,0.016736267437427618,1694
reversal_20,Y,0.03578015740294412,1694
reversal_20,ZN,0.09869353882775293,1694
oi_growth_20,AG,-0.029339119161867943,1694
oi_growth_20,AL,0.07513915423784227,1694
oi_growth_20,AU,0.027754641092796073,1694
oi_growth_20,BU,0.060033699512698394,1694
oi_growth_20,C,-0.030507966951218157,1694
oi_growth_20,CF,-0.021717834693130728,1694
oi_growth_20,CU,-0.03227849555442374,1694
oi_growth_20,EG,0.05010360023941949,1446
oi_growth_20,FG,0.0023230089310004166,1694
oi_growth_20,FU,-0.01802340611054529,1545
oi_growth_20,HC,-0.07652035623393574,1694
oi_growth_20,I,0.018150926800379684,1694
oi_growth_20,J,-0.04610715797852838,1694
oi_growth_20,JM,-0.02198614339857517,1694
oi_growth_20,M,-0.003920042001318414,1694
oi_growth_20,MA,-0.0799861092462448,1694
oi_growth_20,NI,-0.010894324805562777,1689
oi_growth_20,OI,-0.008068477557676137,1694
oi_growth_20,P,0.0034852841956087765,1694
oi_growth_20,PP,0.01510863671765668,1694
oi_growth_20,RB,-0.03727395086913885,1694
oi_growth_20,RM,0.008073945386498757,1694
oi_growth_20,RU,-0.04376321454964811,1694
oi_growth_20,SA,0.02636245990515846,1205
oi_growth_20,SC,0.050403497672758174,1620
oi_growth_20,SR,0.07503426572918623,1694
oi_growth_20,TA,-0.016237744613821565,1694
oi_growth_20,V,-0.020632884153252675,1694
oi_growth_20,Y,-0.02765787409963728,1694
oi_growth_20,ZN,-0.02434841084251201,1694
price_oi_20,AG,-0.005933685373423788,1694
price_oi_20,AL,-0.012021174716367024,1694
price_oi_20,AU,-0.04747000999261146,1694
price_oi_20,BU,0.07590411958251739,1694
price_oi_20,C,0.04163832128155974,1694
price_oi_20,CF,-0.047284032224815795,1694
price_oi_20,CU,0.04286405663663493,1694
price_oi_20,EG,-0.00035289400539697017,1446
price_oi_20,FG,0.015095431260147795,1694
price_oi_20,FU,-0.03044349591747691,1545
price_oi_20,HC,-0.024204716809700304,1694
price_oi_20,I,0.003941076479601731,1694
price_oi_20,J,0.002398850057587778,1694
price_oi_20,JM,-0.05503690497486826,1694
price_oi_20,M,-0.02930461134280847,1694
price_oi_20,MA,0.025376607047193283,1694
price_oi_20,NI,0.04674721086358913,1689
price_oi_20,OI,0.012171521494896007,1694
price_oi_20,P,-0.010020527013176059,1694
price_oi_20,PP,-0.08030882963697511,1694
price_oi_20,RB,-0.02801483321983474,1694
price_oi_20,RM,-0.025922807352659772,1694
price_oi_20,RU,-0.03604850304824976,1694
price_oi_20,SA,0.06450578197637556,1205
price_oi_20,SC,-0.019774420875168126,1620
price_oi_20,SR,-0.05262885588156604,1694
price_oi_20,TA,0.06291992813527661,1694
price_oi_20,V,0.027175389428365216,1694
price_oi_20,Y,-0.019799616663234258,1694
price_oi_20,ZN,-0.061563562186305314,1694
volume_shock_20,AG,0.001278009331928646,1694
volume_shock_20,AL,0.00011155234789155922,1694
volume_shock_20,AU,-0.029029546227663124,1694
volume_shock_20,BU,-0.01136158423771433,1694
volume_shock_20,C,0.014862500508427853,1694
volume_shock_20,CF,-0.030686666174232935,1694
volume_shock_20,CU,-0.012085941951048331,1694
volume_shock_20,EG,-0.028242463477977774,1456
volume_shock_20,FG,-0.06257303582164067,1694
volume_shock_20,FU,-0.00515383170552641,1555
volume_shock_20,HC,-0.0648314440646582,1694
volume_shock_20,I,-0.018791383587983473,1694
volume_shock_20,J,-0.031458612519428455,1694
volume_shock_20,JM,0.006123317819531323,1694
volume_shock_20,M,0.013672017151110234,1694
volume_shock_20,MA,-0.047993242948477205,1694
volume_shock_20,NI,-0.07866855014119584,1689
volume_shock_20,OI,0.04116739799288593,1694
volume_shock_20,P,-0.025360051760812786,1694
volume_shock_20,PP,0.010922760728002034,1694
volume_shock_20,RB,-0.038396149295745814,1694
volume_shock_20,RM,-0.04603380761029572,1694
volume_shock_20,RU,-0.047157321771784146,1694
volume_shock_20,SA,0.020568138877916614,1215
volume_shock_20,SC,0.025312102336785502,1630
volume_shock_20,SR,0.0633397326884636,1694
volume_shock_20,TA,0.03529492393944312,1694
volume_shock_20,V,-0.04175258157273925,1694
volume_shock_20,Y,-0.008741835122953913,1694
volume_shock_20,ZN,-0.01107426525448488,1694
oi_surprise_20,AG,0.010888839213382864,1694
oi_surprise_20,AL,-0.026380623846313574,1694
oi_surprise_20,AU,-0.011151725751381044,1694
oi_surprise_20,BU,0.00888237931181572,1694
oi_surprise_20,C,0.018336002337337603,1694
oi_surprise_20,CF,0.008108704979117861,1694
oi_surprise_20,CU,-0.002844874308223226,1694
oi_surprise_20,EG,0.0017749405545602317,1455
oi_surprise_20,FG,-0.02769473694450444,1694
oi_surprise_20,FU,0.008551559616714615,1554
oi_surprise_20,HC,0.01966335788740038,1694
oi_surprise_20,I,-0.036841496214457335,1694
oi_surprise_20,J,0.015311748661460385,1694
oi_surprise_20,JM,0.02510207266938286,1694
oi_surprise_20,M,0.00038895023876484144,1694
oi_surprise_20,MA,0.007391466544697468,1694
oi_surprise_20,NI,-0.04175018381385113,1689
oi_surprise_20,OI,0.008879407177258486,1694
oi_surprise_20,P,-0.03180146145177993,1694
oi_surprise_20,PP,0.017595555847474804,1694
oi_surprise_20,RB,0.0050390979691934505,1694
oi_surprise_20,RM,-0.018220342306696655,1694
oi_surprise_20,RU,-0.04342791938689865,1694
oi_surprise_20,SA,-0.046303944741654834,1214
oi_surprise_20,SC,-0.0005805875514040784,1629
oi_surprise_20,SR,-0.03558492250028408,1694
oi_surprise_20,TA,0.009818482715281879,1694
oi_surprise_20,V,0.010814043504897284,1694
oi_surprise_20,Y,0.033343611329249984,1694
oi_surprise_20,ZN,0.03389372427972047,1694
volume_shock_60,AG,0.048474740231367254,1694
volume_shock_60,AL,0.0299151641672713,1694
volume_shock_60,AU,-0.010505914688058855,1694
volume_shock_60,BU,0.003166274028934599,1694
volume_shock_60,C,-0.006188501011808765,1694
volume_shock_60,CF,-0.06814110106261452,1694
volume_shock_60,CU,0.014678650608719004,1694
volume_shock_60,EG,-0.10629102413566871,1436
volume_shock_60,FG,-0.07753082097085674,1694
volume_shock_60,FU,-0.035370582913922075,1535
volume_shock_60,HC,-0.05281053964663159,1694
volume_shock_60,I,-0.0021052239469944475,1694
volume_shock_60,J,-0.018285442795053376,1694
volume_shock_60,JM,0.012241443053090464,1694
volume_shock_60,M,0.02544181862010848,1694
volume_shock_60,MA,-0.10269503419870817,1694
volume_shock_60,NI,-0.044105401982873396,1689
volume_shock_60,OI,0.026775055490902627,1694
volume_shock_60,P,-0.015131531254496206,1694
volume_shock_60,PP,-0.030243626395401797,1694
volume_shock_60,RB,-0.04461866192317499,1694
volume_shock_60,RM,-0.05281026930828133,1694
volume_shock_60,RU,-0.07359485423740349,1694
volume_shock_60,SA,-0.004028278699159025,1195
volume_shock_60,SC,0.04159361063051185,1610
volume_shock_60,SR,0.021002896943343594,1694
volume_shock_60,TA,-0.014163731723659494,1694
volume_shock_60,V,-0.046296436191983564,1694
volume_shock_60,Y,-0.016074171357176148,1694
volume_shock_60,ZN,0.03401128630222542,1694
oi_surprise_60,AG,-0.0038595712728861555,1694
oi_surprise_60,AL,-0.037399876324623965,1694
oi_surprise_60,AU,0.004795573463017232,1694
oi_surprise_60,BU,0.03156390095197424,1694
oi_surprise_60,C,0.019820975779747382,1694
oi_surprise_60,CF,0.012066976114098358,1694
oi_surprise_60,CU,-0.007529680420895441,1694
oi_surprise_60,EG,0.010736666527647416,1435
oi_surprise_60,FG,-0.03328269261900322,1694
oi_surprise_60,FU,0.0011933164931664725,1534
oi_surprise_60,HC,-0.018509984195882602,1694
oi_surprise_60,I,-0.047774865517793544,1694
oi_surprise_60,J,0.005929223473329891,1694
oi_surprise_60,JM,0.014651703963379174,1694
oi_surprise_60,M,-0.010195840657174273,1694
oi_surprise_60,MA,-0.002990992467892999,1694
oi_surprise_60,NI,-0.043412886629852925,1689
oi_surprise_60,OI,0.007847794505267732,1694
oi_surprise_60,P,-0.03258268212381721,1694
oi_surprise_60,PP,0.01188926303745309,1694
oi_surprise_60,RB,-0.011800726175804285,1694
oi_surprise_60,RM,-0.02638408721599219,1694
oi_surprise_60,RU,-0.03309238249180722,1694
oi_surprise_60,SA,-0.054675249800084674,1194
oi_surprise_60,SC,0.004594762599803195,1609
oi_surprise_60,SR,-0.014862976919412036,1694
oi_surprise_60,TA,0.013501880049685333,1694
oi_surprise_60,V,-0.0004085282750592894,1694
oi_surprise_60,Y,0.018651261525925503,1694
oi_surprise_60,ZN,0.01726757498576436,1694
amihud_20,AG,-0.021762747427824858,1694
amihud_20,AL,0.01708440395447945,1694
amihud_20,AU,-0.013412548307974509,1694
amihud_20,BU,0.058053482720950275,1694
amihud_20,C,0.08854289011072645,1694
amihud_20,CF,-0.013430962441528204,1694
amihud_20,CU,0.05503453023386268,1694
amihud_20,EG,0.06398728351016983,1456
amihud_20,FG,0.03420196673409224,1694
amihud_20,FU,0.05296632263802247,1555
amihud_20,HC,0.10550973066544067,1694
amihud_20,I,-0.009548429976210068,1694
amihud_20,J,-0.022131153181205947,1694
amihud_20,JM,-0.007924208338768507,1694
amihud_20,M,0.08997878000431957,1694
amihud_20,MA,0.13677215785019486,1694
amihud_20,NI,-0.03281182218564569,1689
amihud_20,OI,0.005524569580815568,1694
amihud_20,P,-0.04645195830533172,1694
amihud_20,PP,0.06117830118915464,1694
amihud_20,RB,0.054884383407538956,1694
amihud_20,RM,0.05719407082713186,1694
amihud_20,RU,0.08500410500952436,1694
amihud_20,SA,0.02632057980695224,1215
amihud_20,SC,0.024865684957137067,1630
amihud_20,SR,0.049350414869259625,1694
amihud_20,TA,0.049195964133336184,1694
amihud_20,V,0.10882199202325482,1694
amihud_20,Y,0.02548089076214208,1694
amihud_20,ZN,0.070703300963437,1694
volume_oi_turnover,AG,0.019135298924279537,1694
volume_oi_turnover,AL,0.023698171208125358,1694
volume_oi_turnover,AU,-0.03084654400787891,1694
volume_oi_turnover,BU,0.008290086319854598,1694
volume_oi_turnover,C,0.0036671345572960785,1694
volume_oi_turnover,CF,-0.014056947363131218,1694
volume_oi_turnover,CU,-0.006729247057815928,1694
volume_oi_turnover,EG,-0.08117356051002665,1466
volume_oi_turnover,FG,-0.05315818377529089,1694
volume_oi_turnover,FU,-0.015743252861246546,1565
volume_oi_turnover,HC,0.020123758948732123,1694
volume_oi_turnover,I,0.0684818591170951,1694
volume_oi_turnover,J,0.05910171113851594,1694
volume_oi_turnover,JM,0.07210117670453377,1694
volume_oi_turnover,M,0.0034682166681849255,1694
volume_oi_turnover,MA,-0.09940383571154161,1694
volume_oi_turnover,NI,-0.0270341024317722,1689
volume_oi_turnover,OI,0.09615168468095123,1694
volume_oi_turnover,P,0.0671524460651004,1694
volume_oi_turnover,PP,-0.016190805206481418,1694
volume_oi_turnover,RB,0.026012771033748522,1694
volume_oi_turnover,RM,0.014806486718609848,1694
volume_oi_turnover,RU,-0.041503080717317176,1694
volume_oi_turnover,SA,-0.013532173064984557,1225
volume_oi_turnover,SC,0.029598733636591885,1640
volume_oi_turnover,SR,0.02658714485178953,1694
volume_oi_turnover,TA,0.0121769436631372,1694
volume_oi_turnover,V,-0.10650741428022734,1694
volume_oi_turnover,Y,0.07360099351066843,1694
volume_oi_turnover,ZN,0.0204305448642668,1694
low_vol_20,AG,-0.0562335206711943,1694
low_vol_20,AL,0.06674052639833158,1694
low_vol_20,AU,0.014829712066055396,1694
low_vol_20,BU,-0.06598206086914808,1694
low_vol_20,C,0.011827260040707822,1694
low_vol_20,CF,0.09184780219045138,1694
low_vol_20,CU,0.0509340728531142,1694
low_vol_20,EG,0.06489415561148797,1456
low_vol_20,FG,0.09486788038985526,1694
low_vol_20,FU,-0.014132031694541278,1555
low_vol_20,HC,-0.029262490810889226,1694
low_vol_20,I,0.029767240879758447,1694
low_vol_20,J,0.029511838680373745,1694
low_vol_20,JM,0.0017954197776459844,1694
low_vol_20,M,0.07809803398806256,1694
low_vol_20,MA,0.06752676165881294,1694
low_vol_20,NI,0.03389495039899314,1689
low_vol_20,OI,0.06896793320825931,1694
low_vol_20,P,-0.09717870849206645,1694
low_vol_20,PP,0.012894061651275405,1694
low_vol_20,RB,-0.04803897207100897,1694
low_vol_20,RM,0.09678441735830391,1694
low_vol_20,RU,0.09795287613838129,1694
low_vol_20,SA,0.011929630348998452,1215
low_vol_20,SC,0.014601331203796537,1630
low_vol_20,SR,-0.028741315955198073,1694
low_vol_20,TA,0.007949661345925115,1694
low_vol_20,V,0.061982762173016515,1694
low_vol_20,Y,-0.07474459422126764,1694
low_vol_20,ZN,-6.787683500012286e-05,1694
low_vol_60,AG,-0.04314159405576046,1694
low_vol_60,AL,0.027752335293233878,1694
low_vol_60,AU,0.04998376267480566,1694
low_vol_60,BU,-0.024755065747065003,1694
low_vol_60,C,-0.002871749211664641,1694
low_vol_60,CF,0.011696659848081391,1694
low_vol_60,CU,0.0238407532348838,1694
low_vol_60,EG,0.033415489410605424,1436
low_vol_60,FG,0.08318374709829145,1694
low_vol_60,FU,0.01688472285045373,1535
low_vol_60,HC,-0.005978023523779717,1694
low_vol_60,I,0.08745371229370434,1694
low_vol_60,J,-0.031849752163727096,1694
low_vol_60,JM,0.011812885777291327,1694
low_vol_60,M,0.10065384807528903,1694
low_vol_60,MA,0.0924912799276552,1694
low_vol_60,NI,0.04011096681219359,1689
low_vol_60,OI,0.0514090394478791,1694
low_vol_60,P,-0.07320160030294671,1694
low_vol_60,PP,0.02297508492340637,1694
low_vol_60,RB,-0.02171280647052873,1694
low_vol_60,RM,0.06793115038680704,1694
low_vol_60,RU,0.11781149647281736,1694
low_vol_60,SA,0.02018166390068623,1195
low_vol_60,SC,-0.01077075495399125,1610
low_vol_60,SR,-0.028037636112721722,1694
low_vol_60,TA,0.041106425710185183,1694
low_vol_60,V,0.03392439656283353,1694
low_vol_60,Y,-0.07486935543149084,1694
low_vol_60,ZN,0.02496485867153465,1694
realized_skew_60,AG,0.024281504627928663,1694
realized_skew_60,AL,0.0037300985170872387,1694
realized_skew_60,AU,0.0520668667575219,1694
realized_skew_60,BU,-0.0510922788210796,1694
realized_skew_60,C,0.05660937989683299,1694
realized_skew_60,CF,0.037303603063635345,1694
realized_skew_60,CU,0.060222769096989245,1694
realized_skew_60,EG,-0.00880895386558256,1436
realized_skew_60,FG,-0.03359483160971302,1694
realized_skew_60,FU,-0.05103241765887344,1535
realized_skew_60,HC,-0.057037397201061255,1694
realized_skew_60,I,-0.01075880732533297,1694
realized_skew_60,J,-0.0638652095524105,1694
realized_skew_60,JM,0.05324985806016257,1694
realized_skew_60,M,0.07346309313977993,1694
realized_skew_60,MA,-0.018777885591444634,1694
realized_skew_60,NI,-0.004118730323848601,1689
realized_skew_60,OI,-0.023942554768220433,1694
realized_skew_60,P,-0.04708370976675971,1694
realized_skew_60,PP,-0.10774250177224613,1694
realized_skew_60,RB,-0.003698655413373012,1694
realized_skew_60,RM,0.08330801150537331,1694
realized_skew_60,RU,-0.007220861649977865,1694
realized_skew_60,SA,0.057546355462867224,1195
realized_skew_60,SC,0.02263199301401194,1610
realized_skew_60,SR,0.04729472596497814,1694
realized_skew_60,TA,-0.0500821424333751,1694
realized_skew_60,V,-0.04272550585667786,1694
realized_skew_60,Y,-0.06379279229446902,1694
realized_skew_60,ZN,-0.0417414311516143,1694
realized_skew_120,AG,0.005908063106505799,1694
realized_skew_120,AL,-0.001833550614832697,1694
realized_skew_120,AU,0.05780811417527649,1694
realized_skew_120,BU,-0.07691133072791659,1694
realized_skew_120,C,0.0135003360076478,1694
realized_skew_120,CF,-0.011723564372943127,1694
realized_skew_120,CU,0.06181647704049112,1694
realized_skew_120,EG,0.004882529858935929,1406
realized_skew_120,FG,-0.0710164904305309,1694
realized_skew_120,FU,0.03403681523467593,1505
realized_skew_120,HC,-0.0820062103809632,1694
realized_skew_120,I,-0.012748070101737346,1694
realized_skew_120,J,-0.07967505026560841,1694
realized_skew_120,JM,0.021282659701039486,1694
realized_skew_120,M,0.057259576156990566,1694
realized_skew_120,MA,-0.06624368546770144,1694
realized_skew_120,NI,-0.01619409866010773,1689
realized_skew_120,OI,-0.007614455218830625,1694
realized_skew_120,P,-0.057779865407714834,1694
realized_skew_120,PP,-0.1143061822327494,1694
realized_skew_120,RB,-0.09104841316232788,1694
realized_skew_120,RM,0.03684719114948839,1694
realized_skew_120,RU,0.011991998974220503,1694
realized_skew_120,SA,0.042792995700703676,1165
realized_skew_120,SC,-0.007200011402753641,1580
realized_skew_120,SR,0.07918335426476014,1694
realized_skew_120,TA,0.024296968832750534,1694
realized_skew_120,V,-0.006794254984093222,1694
realized_skew_120,Y,0.006926469051474814,1694
realized_skew_120,ZN,0.0049468484147459,1694
seasonality_3y_month,AG,0.008166039264904794,1694
seasonality_3y_month,AL,-0.02200129329908047,1694
seasonality_3y_month,AU,0.030499031908413996,1694
seasonality_3y_month,BU,0.009111013521990249,1694
seasonality_3y_month,C,-0.009075423129560646,1694
seasonality_3y_month,CF,-0.06262818255112144,1694
seasonality_3y_month,CU,-0.006704458026465655,1694
seasonality_3y_month,EG,0.05793438162534955,744
seasonality_3y_month,FG,-0.028784534618628847,1694
seasonality_3y_month,FU,-0.0033721001154902773,1565
seasonality_3y_month,HC,0.04137004883205979,1694
seasonality_3y_month,I,0.042977498458193875,1694
seasonality_3y_month,J,-0.0055477966300038475,1694
seasonality_3y_month,JM,-0.05333079868677417,1694
seasonality_3y_month,M,-0.0824356579434568,1694
seasonality_3y_month,MA,0.021427432847663547,1694
seasonality_3y_month,NI,0.04464523919617211,1652
seasonality_3y_month,OI,-0.02615471113867618,1694
seasonality_3y_month,P,0.024754949305045768,1694
seasonality_3y_month,PP,-0.08761034974031759,1694
seasonality_3y_month,RB,0.02585116267940245,1694
seasonality_3y_month,RM,-0.04059408234335067,1694
seasonality_3y_month,RU,-0.015038647197137892,1694
seasonality_3y_month,SA,-0.1977340915614218,501
seasonality_3y_month,SC,-0.08070893768263568,929
seasonality_3y_month,SR,-0.08639597074872259,1694
seasonality_3y_month,TA,0.03596531120603784,1694
seasonality_3y_month,V,-0.07628726702094886,1694
seasonality_3y_month,Y,-0.019321527531927254,1694
seasonality_3y_month,ZN,-0.10659908427686265,1694
idiosyncratic_vol_60,AG,-0.00037424387772683437,1694
idiosyncratic_vol_60,AL,0.05971756639923655,1694
idiosyncratic_vol_60,AU,-0.08039746030336219,1694
idiosyncratic_vol_60,BU,0.02812987610876807,1694
idiosyncratic_vol_60,C,0.0987220321388512,1694
idiosyncratic_vol_60,CF,0.04632438012980391,1694
idiosyncratic_vol_60,CU,0.03143194235121194,1694
idiosyncratic_vol_60,EG,-0.0240702013160062,1436
idiosyncratic_vol_60,FG,-0.03901587037133563,1694
idiosyncratic_vol_60,FU,0.011605843692871529,1535
idiosyncratic_vol_60,HC,-0.04786730024271254,1694
idiosyncratic_vol_60,I,0.01765169798332711,1694
idiosyncratic_vol_60,J,0.06359658240456512,1694
idiosyncratic_vol_60,JM,0.08165111866501196,1694
idiosyncratic_vol_60,M,0.007821692102572296,1694
idiosyncratic_vol_60,MA,0.0035803232045959776,1694
idiosyncratic_vol_60,NI,-0.009020885467470964,1689
idiosyncratic_vol_60,OI,0.0260811176597584,1694
idiosyncratic_vol_60,P,0.10350308679210159,1694
idiosyncratic_vol_60,PP,0.0021031824596642866,1694
idiosyncratic_vol_60,RB,-0.01160814998523532,1694
idiosyncratic_vol_60,RM,0.022508186515392374,1694
idiosyncratic_vol_60,RU,-0.04925559799678254,1694
idiosyncratic_vol_60,SA,0.05336374572376302,1195
idiosyncratic_vol_60,SC,0.06341037857041246,1610
idiosyncratic_vol_60,SR,-0.0012900114005465224,1694
idiosyncratic_vol_60,TA,-0.003252350984802781,1694
idiosyncratic_vol_60,V,0.08805237622120733,1694
idiosyncratic_vol_60,Y,0.11303720160766757,1694
idiosyncratic_vol_60,ZN,0.024621710947450505,1694
relative_value_residual_60,AG,0.08051444226730572,1694
relative_value_residual_60,AL,0.02901179491521912,1694
relative_value_residual_60,AU,0.028287338453043723,1694
relative_value_residual_60,BU,0.06771563983981511,1694
relative_value_residual_60,C,1.895349424464854e-05,1694
relative_value_residual_60,CF,-0.06486797233029293,1694
relative_value_residual_60,CU,-0.038008313605384314,1694
relative_value_residual_60,EG,0.04286226656954028,1406
relative_value_residual_60,FG,0.002493574333760161,1694
relative_value_residual_60,FU,-0.042410386328065604,1535
relative_value_residual_60,HC,-0.027488942891440177,1694
relative_value_residual_60,I,0.01207883747639754,1694
relative_value_residual_60,J,0.0352572773607948,1694
relative_value_residual_60,JM,-0.07498659070523532,1694
relative_value_residual_60,M,0.052509314085374514,1694
relative_value_residual_60,MA,0.03003714488665774,1694
relative_value_residual_60,NI,-0.015779265379183532,1689
relative_value_residual_60,OI,0.053504021998494765,1694
relative_value_residual_60,P,-0.040518518552209594,1694
relative_value_residual_60,PP,0.018504600286192083,1694
relative_value_residual_60,RB,0.001126378908824158,1694
relative_value_residual_60,RM,0.05420203046157059,1694
relative_value_residual_60,RU,-0.020142122448101492,1694
relative_value_residual_60,SA,0.0006763085134972169,1165
relative_value_residual_60,SC,-0.07786910950076795,1580
relative_value_residual_60,SR,0.03642718783953882,1694
relative_value_residual_60,TA,0.0234158201946678,1694
relative_value_residual_60,V,-0.040984059100490446,1694
relative_value_residual_60,Y,0.08142525166654146,1694
relative_value_residual_60,ZN,0.11745397055492716,1694
correlation_risk_20_120,AG,0.025263553839080525,1694
correlation_risk_20_120,AL,-0.0014318268849847701,1694
correlation_risk_20_120,AU,0.0040316375487604895,1694
correlation_risk_20_120,BU,0.10320958287434145,1694
correlation_risk_20_120,C,0.018376213713281627,1694
correlation_risk_20_120,CF,0.09898846092486177,1694
correlation_risk_20_120,CU,-0.06034287125306462,1694
correlation_risk_20_120,EG,-0.04431449094125597,1406
correlation_risk_20_120,FG,-0.07919365683817502,1694
correlation_risk_20_120,FU,0.10873544778679817,1505
correlation_risk_20_120,HC,0.029061754596191033,1694
correlation_risk_20_120,I,0.05498277223525144,1694
correlation_risk_20_120,J,0.01934966495632035,1694
correlation_risk_20_120,JM,-0.06035463881062553,1694
correlation_risk_20_120,M,0.043839574075142516,1694
correlation_risk_20_120,MA,-0.054504037284964287,1694
correlation_risk_20_120,NI,0.07148919280154026,1689
correlation_risk_20_120,OI,-0.039806325800284176,1694
correlation_risk_20_120,P,0.0322553455523439,1694
correlation_risk_20_120,PP,-0.03618083931703164,1694
correlation_risk_20_120,RB,-0.007521684801231123,1694
correlation_risk_20_120,RM,0.024744138473616582,1694
correlation_risk_20_120,RU,0.04963552446658074,1694
correlation_risk_20_120,SA,0.007242063318894114,1165
correlation_risk_20_120,SC,0.04939625720432015,1580
correlation_risk_20_120,SR,0.01475047047859048,1694
correlation_risk_20_120,TA,0.01621639909876135,1694
correlation_risk_20_120,V,-0.03309928454570702,1694
correlation_risk_20_120,Y,0.011394813324960602,1694
correlation_risk_20_120,ZN,0.0016710363732007443,1694
volume_price_divergence_20,AG,0.013116611646659676,1694
volume_price_divergence_20,AL,0.07422456791393006,1694
volume_price_divergence_20,AU,0.010198504218031883,1694
volume_price_divergence_20,BU,-0.043409892858394035,1694
volume_price_divergence_20,C,-0.03738643513919378,1694
volume_price_divergence_20,CF,0.046065010028497944,1694
volume_price_divergence_20,CU,0.01183406141752919,1694
volume_price_divergence_20,EG,-0.06114435713211347,1386
volume_price_divergence_20,FG,0.07960095454393508,1694
volume_price_divergence_20,FU,0.007734935163997298,1485
volume_price_divergence_20,HC,0.0475071097959141,1694
volume_price_divergence_20,I,-0.007777199034085204,1694
volume_price_divergence_20,J,-0.0026289333321887513,1694
volume_price_divergence_20,JM,0.013708480040292592,1694
volume_price_divergence_20,M,0.04155590019059827,1694
volume_price_divergence_20,MA,0.08907249287566897,1694
volume_price_divergence_20,NI,0.021951542977872555,1689
volume_price_divergence_20,OI,-0.01891619819788385,1694
volume_price_divergence_20,P,0.03756655008788643,1694
volume_price_divergence_20,PP,-0.06119753116049921,1694
volume_price_divergence_20,RB,0.020108784737830846,1694
volume_price_divergence_20,RM,0.04428065629719879,1694
volume_price_divergence_20,RU,-0.049413182551432476,1694
volume_price_divergence_20,SA,0.027087306027153764,1145
volume_price_divergence_20,SC,0.0517540640267926,1560
volume_price_divergence_20,SR,-0.11799696175092665,1694
volume_price_divergence_20,TA,0.015004557901264476,1694
volume_price_divergence_20,V,0.03146143653575942,1694
volume_price_divergence_20,Y,-0.012032137528015447,1694
volume_price_divergence_20,ZN,-0.04226572558214989,1694
interaction__tsmom_60__carry,AG,0.03700276844441551,1694
interaction__tsmom_60__carry,AL,-0.0586994963426546,1694
interaction__tsmom_60__carry,AU,0.07624093579965266,1694
interaction__tsmom_60__carry,BU,-0.04438412304706124,1694
interaction__tsmom_60__carry,C,-0.08492786623652719,1694
interaction__tsmom_60__carry,CF,-0.010818321362001301,1694
interaction__tsmom_60__carry,CU,-0.0052817703948523365,1694
interaction__tsmom_60__carry,EG,0.07972973522862127,1406
interaction__tsmom_60__carry,FG,-0.05947194348430662,1694
interaction__tsmom_60__carry,FU,0.09605306817923286,1535
interaction__tsmom_60__carry,HC,0.05232635826336241,1694
interaction__tsmom_60__carry,I,0.022924793319079484,1694
interaction__tsmom_60__carry,J,-0.07547875976163797,1694
interaction__tsmom_60__carry,JM,-0.06231071304379374,1694
interaction__tsmom_60__carry,M,0.08951619938282579,1694
interaction__tsmom_60__carry,MA,-0.011230079637480083,1694
interaction__tsmom_60__carry,NI,0.021603487504779084,1689
interaction__tsmom_60__carry,OI,0.04041540762090187,1694
interaction__tsmom_60__carry,P,0.0681597950891423,1694
interaction__tsmom_60__carry,PP,-0.036653885205961155,1694
interaction__tsmom_60__carry,RB,0.046573022961716545,1694
interaction__tsmom_60__carry,RM,0.002928200727591012,1694
interaction__tsmom_60__carry,RU,0.03905940589752635,1694
interaction__tsmom_60__carry,SA,-0.057649129673248645,1165
interaction__tsmom_60__carry,SC,-0.07557228233982247,1580
interaction__tsmom_60__carry,SR,-0.006364972032206117,1694
interaction__tsmom_60__carry,TA,-0.021683622657116413,1694
interaction__tsmom_60__carry,V,-0.019472805143918356,1694
interaction__tsmom_60__carry,Y,-0.0069430774184269005,1694
interaction__tsmom_60__carry,ZN,-0.08194541914326504,1694
interaction__momentum_quality_60__carry,AG,0.03440924669575527,1694
interaction__momentum_quality_60__carry,AL,-0.06172048177105771,1694
interaction__momentum_quality_60__carry,AU,0.07556741028181975,1694
interaction__momentum_quality_60__carry,BU,-0.046472621832812686,1694
interaction__momentum_quality_60__carry,C,-0.09043054336687373,1694
interaction__momentum_quality_60__carry,CF,-0.008146335085685264,1694
interaction__momentum_quality_60__carry,CU,-0.004118887712064152,1694
interaction__momentum_quality_60__carry,EG,0.08025318501011335,1406
interaction__momentum_quality_60__carry,FG,-0.05502998743782418,1694
interaction__momentum_quality_60__carry,FU,0.10484952322298632,1535
interaction__momentum_quality_60__carry,HC,0.041840869198938736,1694
interaction__momentum_quality_60__carry,I,0.023285418310716517,1694
interaction__momentum_quality_60__carry,J,-0.07034557882008309,1694
interaction__momentum_quality_60__carry,JM,-0.04674985761580544,1694
interaction__momentum_quality_60__carry,M,0.08239242315527857,1694
interaction__momentum_quality_60__carry,MA,-0.0020761601606729555,1694
interaction__momentum_quality_60__carry,NI,0.021968714359679647,1689
interaction__momentum_quality_60__carry,OI,0.0454859265058879,1694
interaction__momentum_quality_60__carry,P,0.052082777119737196,1694
interaction__momentum_quality_60__carry,PP,-0.03315357411562847,1694
interaction__momentum_quality_60__carry,RB,0.04942778869647311,1694
interaction__momentum_quality_60__carry,RM,0.003801947626993513,1694
interaction__momentum_quality_60__carry,RU,0.05053617931268484,1694
interaction__momentum_quality_60__carry,SA,-0.06788182958519143,1165
interaction__momentum_quality_60__carry,SC,-0.06931515487691922,1580
interaction__momentum_quality_60__carry,SR,-0.018544635210325636,1694
interaction__momentum_quality_60__carry,TA,-0.01678543551027362,1694
interaction__momentum_quality_60__carry,V,-0.009098114730069015,1694
interaction__momentum_quality_60__carry,Y,-0.01572934421273663,1694
interaction__momentum_quality_60__carry,ZN,-0.08094130883117179,1694
interaction__tsmom_20__oi_surprise_20,AG,-0.013029023940795328,1694
interaction__tsmom_20__oi_surprise_20,AL,-0.08563789162915089,1694
interaction__tsmom_20__oi_surprise_20,AU,-0.003810715047414932,1694
interaction__tsmom_20__oi_surprise_20,BU,0.0011978322003918975,1694
interaction__tsmom_20__oi_surprise_20,C,-0.016962536809133625,1694
interaction__tsmom_20__oi_surprise_20,CF,-0.0073420857556375585,1694
interaction__tsmom_20__oi_surprise_20,CU,-0.04714615900793047,1694
interaction__tsmom_20__oi_surprise_20,EG,-0.03375978173426288,1446
interaction__tsmom_20__oi_surprise_20,FG,-0.027296037183586117,1694
interaction__tsmom_20__oi_surprise_20,FU,-0.04076817274867846,1554
interaction__tsmom_20__oi_surprise_20,HC,-0.01480298879842628,1694
interaction__tsmom_20__oi_surprise_20,I,-0.01531586619576112,1694
interaction__tsmom_20__oi_surprise_20,J,0.004684582709282397,1694
interaction__tsmom_20__oi_surprise_20,JM,0.01147316743541604,1694
interaction__tsmom_20__oi_surprise_20,M,0.02265346536950924,1694
interaction__tsmom_20__oi_surprise_20,MA,-0.060952165119198085,1694
interaction__tsmom_20__oi_surprise_20,NI,-0.0234249428061353,1689
interaction__tsmom_20__oi_surprise_20,OI,-0.011827053216162411,1694
interaction__tsmom_20__oi_surprise_20,P,-0.012384744609709585,1694
interaction__tsmom_20__oi_surprise_20,PP,0.005471476098956914,1694
interaction__tsmom_20__oi_surprise_20,RB,-0.04533961058184839,1694
interaction__tsmom_20__oi_surprise_20,RM,-0.015940827921730783,1694
interaction__tsmom_20__oi_surprise_20,RU,0.0005553993411809348,1694
interaction__tsmom_20__oi_surprise_20,SA,-0.03100044778245496,1205
interaction__tsmom_20__oi_surprise_20,SC,-0.07554456242136734,1620
interaction__tsmom_20__oi_surprise_20,SR,0.0034975380545303357,1694
interaction__tsmom_20__oi_surprise_20,TA,-0.08457458905336757,1694
interaction__tsmom_20__oi_surprise_20,V,0.004575268098107635,1694
interaction__tsmom_20__oi_surprise_20,Y,-0.013129280215322357,1694
interaction__tsmom_20__oi_surprise_20,ZN,-0.03883687604721496,1694
