feature_name,horizon,year,rank_ic_mean,rank_ic_days
tsmom_20,1,2018,-0.012447374550887512,243
tsmom_20,1,2019,-0.01431804563889958,244
tsmom_20,1,2020,0.03106468895128354,243
tsmom_20,1,2021,-0.0304567079818938,243
tsmom_20,1,2022,-0.010527330485282456,242
tsmom_20,1,2023,-0.013965565190259306,242
tsmom_20,1,2024,0.010712925053354565,241
tsmom_20,5,2018,0.010549668863845112,243
tsmom_20,5,2019,-0.0015466993279316615,244
tsmom_20,5,2020,0.07424959079884305,243
tsmom_20,5,2021,-0.039232434758327724,243
tsmom_20,5,2022,-0.03958911449557622,242
tsmom_20,5,2023,-0.02968403827944732,242
tsmom_20,5,2024,0.01357251141681099,237
tsmom_20,20,2018,0.00854278433673921,243
tsmom_20,20,2019,-0.017752833185280897,244
tsmom_20,20,2020,0.0957664110426439,243
tsmom_20,20,2021,-0.09505852410314157,243
tsmom_20,20,2022,-0.02982272050934201,242
tsmom_20,20,2023,0.0015756717748830198,242
tsmom_20,20,2024,0.05929110422992514,222
csmom_20,1,2018,-0.02165200691568261,243
csmom_20,1,2019,-0.005594827604150701,244
csmom_20,1,2020,0.015909545940050823,243
csmom_20,1,2021,-0.042531353486458374,243
csmom_20,1,2022,-0.010656861805333352,242
csmom_20,1,2023,-0.014132054863687314,242
csmom_20,1,2024,-0.0019669700092623927,241
csmom_20,5,2018,0.0041642950966067184,243
csmom_20,5,2019,0.005088293089988963,244
csmom_20,5,2020,0.048894375264598444,243
csmom_20,5,2021,-0.073575120046508,243
csmom_20,5,2022,-0.03808009161432157,242
csmom_20,5,2023,-0.03608049347760137,242
csmom_20,5,2024,0.009669440494126151,237
csmom_20,20,2018,0.006317928480550873,243
csmom_20,20,2019,-0.01663705617917037,244
csmom_20,20,2020,0.06976344643059405,243
csmom_20,20,2021,-0.12972163858333677,243
csmom_20,20,2022,-0.05087943707622138,242
csmom_20,20,2023,0.00034749354195203185,242
csmom_20,20,2024,0.0517832626842638,222
trend_efficiency_20,1,2018,0.016196719779220593,243
trend_efficiency_20,1,2019,0.0012039229672669153,244
trend_efficiency_20,1,2020,0.01547266330827502,243
trend_efficiency_20,1,2021,0.002434430345356309,243
trend_efficiency_20,1,2022,-0.023040717408606862,242
trend_efficiency_20,1,2023,-0.004181990853018877,242
trend_efficiency_20,1,2024,-0.01067526556172261,241
trend_efficiency_20,5,2018,0.013600643715586246,243
trend_efficiency_20,5,2019,-0.03757144651717857,244
trend_efficiency_20,5,2020,0.038234068947206996,243
trend_efficiency_20,5,2021,0.017873540330591374,243
trend_efficiency_20,5,2022,-0.02673671257451215,242
trend_efficiency_20,5,2023,-0.01622739683210914,242
trend_efficiency_20,5,2024,-0.0008495139935136549,237
trend_efficiency_20,20,2018,-0.018962566531744905,243
trend_efficiency_20,20,2019,-0.03940841835132395,244
trend_efficiency_20,20,2020,0.011806050095507519,243
trend_efficiency_20,20,2021,-0.013794018960253047,243
trend_efficiency_20,20,2022,-0.008687207220931562,242
trend_efficiency_20,20,2023,0.019369547431029886,242
trend_efficiency_20,20,2024,-0.04564230526410727,222
realized_vol_20,1,2018,-0.008252216126554857,243
realized_vol_20,1,2019,0.009578147485937192,244
realized_vol_20,1,2020,-0.006204459360971446,243
realized_vol_20,1,2021,0.018124318506007178,243
realized_vol_20,1,2022,0.023847255394571575,242
realized_vol_20,1,2023,0.008242193746878922,242
realized_vol_20,1,2024,-0.03135538093355422,241
realized_vol_20,5,2018,-0.02557690011925857,243
realized_vol_20,5,2019,-0.013355588957806358,244
realized_vol_20,5,2020,-0.007605157994479463,243
realized_vol_20,5,2021,0.04149558036593014,243
realized_vol_20,5,2022,0.03292251787043981,242
realized_vol_20,5,2023,0.004326202667794334,242
realized_vol_20,5,2024,-0.09436739368168101,237
realized_vol_20,20,2018,-0.028536390843755678,243
realized_vol_20,20,2019,-0.04431960570292779,244
realized_vol_20,20,2020,-0.007209656820335352,243
realized_vol_20,20,2021,0.07265228397350508,243
realized_vol_20,20,2022,0.06099778975196105,242
realized_vol_20,20,2023,-0.011516928818981604,242
realized_vol_20,20,2024,-0.1614807243283328,222
momentum_quality_20,1,2018,-0.012886246411609766,243
momentum_quality_20,1,2019,-0.013375885843339614,244
momentum_quality_20,1,2020,0.03146973981740375,243
momentum_quality_20,1,2021,-0.030631572197630158,243
momentum_quality_20,1,2022,-0.010093773311556862,242
momentum_quality_20,1,2023,-0.015213948891977537,242
momentum_quality_20,1,2024,0.0095904149659767,241
momentum_quality_20,5,2018,0.010072336568718008,243
momentum_quality_20,5,2019,-7.514782811560673e-05,244
momentum_quality_20,5,2020,0.07524377141235379,243
momentum_quality_20,5,2021,-0.03917933506365097,243
momentum_quality_20,5,2022,-0.03997935525895886,242
momentum_quality_20,5,2023,-0.0319197639250223,242
momentum_quality_20,5,2024,0.01182842633399511,237
momentum_quality_20,20,2018,0.008798974546100983,243
momentum_quality_20,20,2019,-0.018176577207102924,244
momentum_quality_20,20,2020,0.0951830337320388,243
momentum_quality_20,20,2021,-0.0962962962962963,243
momentum_quality_20,20,2022,-0.02820975161960095,242
momentum_quality_20,20,2023,0.0022908833506467235,242
momentum_quality_20,20,2024,0.05652526831614707,222
vol_managed_momentum_20,1,2018,-0.0107900750248961,243
vol_managed_momentum_20,1,2019,-0.014738091784757438,244
vol_managed_momentum_20,1,2020,0.049232341281512486,243
vol_managed_momentum_20,1,2021,-0.005489963298567587,243
vol_managed_momentum_20,1,2022,-0.006067458455304882,242
vol_managed_momentum_20,1,2023,-0.010523721120995394,242
vol_managed_momentum_20,1,2024,0.010190971809946617,241
vol_managed_momentum_20,5,2018,-0.00407457134575057,243
vol_managed_momentum_20,5,2019,-0.005023464068122067,244
vol_managed_momentum_20,5,2020,0.10442695816568019,243
vol_managed_momentum_20,5,2021,0.015249683003977901,243
vol_managed_momentum_20,5,2022,-0.0324222243526521,242
vol_managed_momentum_20,5,2023,-0.016106049880951285,242
vol_managed_momentum_20,5,2024,0.022129604858656827,237
vol_managed_momentum_20,20,2018,-0.006470869842517353,243
vol_managed_momentum_20,20,2019,-0.003527012840184125,244
vol_managed_momentum_20,20,2020,0.12207587109329787,243
vol_managed_momentum_20,20,2021,0.010382821333260094,243
vol_managed_momentum_20,20,2022,-0.0037100779693559553,242
vol_managed_momentum_20,20,2023,-0.018167109460465715,242
vol_managed_momentum_20,20,2024,0.04132319193498281,222
tsmom_60,1,2018,-0.00020596104703214183,243
tsmom_60,1,2019,-0.006667292059452954,244
tsmom_60,1,2020,0.03661524730499166,243
tsmom_60,1,2021,-0.023734100456694725,243
tsmom_60,1,2022,0.010576077052133356,242
tsmom_60,1,2023,-0.004532960094380933,242
tsmom_60,1,2024,0.0032011917159875548,241
tsmom_60,5,2018,0.02309225706416,243
tsmom_60,5,2019,-0.0073979111147002615,244
tsmom_60,5,2020,0.07285762023124524,243
tsmom_60,5,2021,-0.044417894597106065,243
tsmom_60,5,2022,0.012278236476840986,242
tsmom_60,5,2023,-0.01963614300554335,242
tsmom_60,5,2024,-0.015996207694437794,237
tsmom_60,20,2018,0.029862411684463623,243
tsmom_60,20,2019,-0.007867416799016572,244
tsmom_60,20,2020,0.11274431908469729,243
tsmom_60,20,2021,-0.06752541690126662,243
tsmom_60,20,2022,0.054508091766661895,242
tsmom_60,20,2023,-0.03399369363572013,242
tsmom_60,20,2024,-0.029526300494042434,222
csmom_60,1,2018,-0.0015206980992892984,243
csmom_60,1,2019,-0.009033523072972376,244
csmom_60,1,2020,0.028095244201969093,243
csmom_60,1,2021,-0.02720936986566806,243
csmom_60,1,2022,0.015759969416950004,242
csmom_60,1,2023,-0.0048869303276798635,242
csmom_60,1,2024,0.003753244296649685,241
csmom_60,5,2018,0.024964025772880604,243
csmom_60,5,2019,-0.009614659883173168,244
csmom_60,5,2020,0.055004809707565855,243
csmom_60,5,2021,-0.050755068503183697,243
csmom_60,5,2022,0.02248917530037967,242
csmom_60,5,2023,-0.02032377572877118,242
csmom_60,5,2024,-0.015145755011428548,237
csmom_60,20,2018,0.013639583379898406,243
csmom_60,20,2019,-0.010416610586197923,244
csmom_60,20,2020,0.09515589534128652,243
csmom_60,20,2021,-0.06795936957845251,243
csmom_60,20,2022,0.06477734016413357,242
csmom_60,20,2023,-0.029228067917520847,242
csmom_60,20,2024,-0.02022868252011745,222
trend_efficiency_60,1,2018,-1.9855085649829513e-05,243
trend_efficiency_60,1,2019,0.009792910286779345,244
trend_efficiency_60,1,2020,0.00163082732500008,243
trend_efficiency_60,1,2021,-0.013867101090087479,243
trend_efficiency_60,1,2022,0.031095479069730803,242
trend_efficiency_60,1,2023,0.005682509935134276,242
trend_efficiency_60,1,2024,0.01081804181295402,241
trend_efficiency_60,5,2018,-0.0001362489740522947,243
trend_efficiency_60,5,2019,-0.008838057552020244,244
trend_efficiency_60,5,2020,-0.004484962388806167,243
trend_efficiency_60,5,2021,-0.022026302659104536,243
trend_efficiency_60,5,2022,0.029219991253563907,242
trend_efficiency_60,5,2023,0.003364620009376809,242
trend_efficiency_60,5,2024,0.03013099411911031,237
trend_efficiency_60,20,2018,-0.014104717791392971,243
trend_efficiency_60,20,2019,0.015040557394994929,244
trend_efficiency_60,20,2020,-0.021899046494275765,243
trend_efficiency_60,20,2021,-0.04339984527847586,243
trend_efficiency_60,20,2022,0.015275663763882997,242
trend_efficiency_60,20,2023,0.013611083021539083,242
trend_efficiency_60,20,2024,0.031402258765996255,222
realized_vol_60,1,2018,-0.008900909244462487,243
realized_vol_60,1,2019,0.010358415180417697,244
realized_vol_60,1,2020,-0.012776091865690257,243
realized_vol_60,1,2021,0.01943258125392278,243
realized_vol_60,1,2022,0.023638224085487113,242
realized_vol_60,1,2023,0.008492136871599755,242
realized_vol_60,1,2024,-0.028194611838337044,241
realized_vol_60,5,2018,-0.005731411265681167,243
realized_vol_60,5,2019,-0.0003387260312076567,244
realized_vol_60,5,2020,-0.02713374779868415,243
realized_vol_60,5,2021,0.04165854149786915,243
realized_vol_60,5,2022,0.024717743577082237,242
realized_vol_60,5,2023,-0.0005515770507175088,242
realized_vol_60,5,2024,-0.08977532466922929,237
realized_vol_60,20,2018,0.02294548395016679,243
realized_vol_60,20,2019,-0.025118217628110222,244
realized_vol_60,20,2020,-0.05165691319442401,243
realized_vol_60,20,2021,0.08963320012634066,243
realized_vol_60,20,2022,0.030601494773807445,242
realized_vol_60,20,2023,-0.0025390930234696057,242
realized_vol_60,20,2024,-0.15184439166641614,222
momentum_quality_60,1,2018,-0.00020601702005904453,243
momentum_quality_60,1,2019,-0.005981284524967409,244
momentum_quality_60,1,2020,0.036984968129507384,243
momentum_quality_60,1,2021,-0.02461117111702441,243
momentum_quality_60,1,2022,0.010995088438874246,242
momentum_quality_60,1,2023,-0.004760024446140901,242
momentum_quality_60,1,2024,0.0029731771779753675,241
momentum_quality_60,5,2018,0.02163119664183947,243
momentum_quality_60,5,2019,-0.007109433183486321,244
momentum_quality_60,5,2020,0.07207067229314171,243
momentum_quality_60,5,2021,-0.04532608247847402,243
momentum_quality_60,5,2022,0.014692108377010793,242
momentum_quality_60,5,2023,-0.021303744288879288,242
momentum_quality_60,5,2024,-0.01724090996559703,237
momentum_quality_60,20,2018,0.028529910718075892,243
momentum_quality_60,20,2019,-0.00831583622708552,244
momentum_quality_60,20,2020,0.10910810169245468,243
momentum_quality_60,20,2021,-0.06865332765715908,243
momentum_quality_60,20,2022,0.05703378934747122,242
momentum_quality_60,20,2023,-0.03615035990402559,242
momentum_quality_60,20,2024,-0.029532313180811513,222
vol_managed_momentum_60,1,2018,0.006366712342699729,243
vol_managed_momentum_60,1,2019,0.009210673169362197,244
vol_managed_momentum_60,1,2020,0.04316432852666615,243
vol_managed_momentum_60,1,2021,-0.008493910887245337,243
vol_managed_momentum_60,1,2022,-0.002449933106957928,242
vol_managed_momentum_60,1,2023,-0.0006424036812097971,242
vol_managed_momentum_60,1,2024,0.007818592241385633,241
vol_managed_momentum_60,5,2018,0.04801109868798247,243
vol_managed_momentum_60,5,2019,0.007246493849094189,244
vol_managed_momentum_60,5,2020,0.09045532988185317,243
vol_managed_momentum_60,5,2021,-0.024267475979254497,243
vol_managed_momentum_60,5,2022,-0.008539069384453144,242
vol_managed_momentum_60,5,2023,-0.004975224997471939,242
vol_managed_momentum_60,5,2024,-0.007328348892111722,237
vol_managed_momentum_60,20,2018,0.08850228528389448,243
vol_managed_momentum_60,20,2019,0.004413084246323363,244
vol_managed_momentum_60,20,2020,0.13236779516596595,243
vol_managed_momentum_60,20,2021,-0.04084556686212847,243
vol_managed_momentum_60,20,2022,0.007592195447388085,242
vol_managed_momentum_60,20,2023,-0.007034445986817309,242
vol_managed_momentum_60,20,2024,-0.006621972361683151,222
tsmom_120,1,2018,-0.005108424292295919,243
tsmom_120,1,2019,0.003303003195092034,244
tsmom_120,1,2020,0.03320186139989488,243
tsmom_120,1,2021,-0.011352882725530287,243
tsmom_120,1,2022,0.014149227569296218,242
tsmom_120,1,2023,-0.016826915297908925,242
tsmom_120,1,2024,0.02316278321423941,241
tsmom_120,5,2018,0.018529247111622592,243
tsmom_120,5,2019,0.01971049018816119,244
tsmom_120,5,2020,0.06109603786034388,243
tsmom_120,5,2021,-0.020385705195988226,243
tsmom_120,5,2022,0.02356232098369827,242
tsmom_120,5,2023,-0.051987975620294356,242
tsmom_120,5,2024,0.03157657594232692,237
tsmom_120,20,2018,0.05019737180656721,243
tsmom_120,20,2019,0.043794808294525644,244
tsmom_120,20,2020,0.07150894030142578,243
tsmom_120,20,2021,-0.04298237181687929,243
tsmom_120,20,2022,0.09348561237528778,242
tsmom_120,20,2023,-0.11176054201638183,242
tsmom_120,20,2024,0.11803705819278677,222
csmom_120,1,2018,-0.004710480287187631,243
csmom_120,1,2019,0.00048360142175124033,244
csmom_120,1,2020,0.03161451647730951,243
csmom_120,1,2021,-0.00791145466860304,243
csmom_120,1,2022,0.01642798625870422,242
csmom_120,1,2023,-0.01819583926001613,242
csmom_120,1,2024,0.02216232189475514,241
csmom_120,5,2018,0.02491256248599799,243
csmom_120,5,2019,0.014663023679417122,244
csmom_120,5,2020,0.0587881629532847,243
csmom_120,5,2021,-0.018175659283062574,243
csmom_120,5,2022,0.028794029309753853,242
csmom_120,5,2023,-0.06264812142049477,242
csmom_120,5,2024,0.03397023415609468,237
csmom_120,20,2018,0.06100446106406089,243
csmom_120,20,2019,0.031116360242985454,244
csmom_120,20,2020,0.06973389336508853,243
csmom_120,20,2021,-0.04139304302448537,243
csmom_120,20,2022,0.10313019976282187,242
csmom_120,20,2023,-0.14574688129142574,242
csmom_120,20,2024,0.11721532433434548,222
trend_efficiency_120,1,2018,-0.01595659258903397,243
trend_efficiency_120,1,2019,0.008873022466962966,244
trend_efficiency_120,1,2020,0.010965332405382184,243
trend_efficiency_120,1,2021,-0.01610463446427552,243
trend_efficiency_120,1,2022,0.002039215126911756,242
trend_efficiency_120,1,2023,0.0019812411714316136,242
trend_efficiency_120,1,2024,-0.011740946042324769,241
trend_efficiency_120,5,2018,-0.05811649429359093,243
trend_efficiency_120,5,2019,0.008336922483332884,244
trend_efficiency_120,5,2020,0.010805330110731174,243
trend_efficiency_120,5,2021,-0.02455860878799947,243
trend_efficiency_120,5,2022,0.00422652481505753,242
trend_efficiency_120,5,2023,-0.0031550207301041565,242
trend_efficiency_120,5,2024,-0.01061000736871254,237
trend_efficiency_120,20,2018,-0.13345507306341703,243
trend_efficiency_120,20,2019,0.02713823611223272,244
trend_efficiency_120,20,2020,-0.021965421112621706,243
trend_efficiency_120,20,2021,0.00583638885455719,243
trend_efficiency_120,20,2022,0.019091395004025197,242
trend_efficiency_120,20,2023,-0.005184824276744592,242
trend_efficiency_120,20,2024,-0.021874154465923095,222
realized_vol_120,1,2018,-0.0049699135904101785,243
realized_vol_120,1,2019,0.00932890714102238,244
realized_vol_120,1,2020,-0.01934021843799877,243
realized_vol_120,1,2021,0.014170198246856629,243
realized_vol_120,1,2022,0.02220009412794789,242
realized_vol_120,1,2023,0.008312948274639919,242
realized_vol_120,1,2024,-0.026449802009713703,241
realized_vol_120,5,2018,0.009089602984877569,243
realized_vol_120,5,2019,0.0008376178811453004,244
realized_vol_120,5,2020,-0.04707686834741587,243
realized_vol_120,5,2021,0.029438287626397875,243
realized_vol_120,5,2022,0.02234235074259344,242
realized_vol_120,5,2023,0.00014524862335561187,242
realized_vol_120,5,2024,-0.08258871789095244,237
realized_vol_120,20,2018,0.04826321369531246,243
realized_vol_120,20,2019,-0.017625642682171795,244
realized_vol_120,20,2020,-0.08580806029823457,243
realized_vol_120,20,2021,0.0649033905986075,243
realized_vol_120,20,2022,0.018542247518888232,242
realized_vol_120,20,2023,0.0012208238722547556,242
realized_vol_120,20,2024,-0.14769162933790297,222
momentum_quality_120,1,2018,-0.005345270404368951,243
momentum_quality_120,1,2019,0.003611579318489787,244
momentum_quality_120,1,2020,0.03164983624699064,243
momentum_quality_120,1,2021,-0.01296417137786521,243
momentum_quality_120,1,2022,0.014009729845158447,242
momentum_quality_120,1,2023,-0.017186369596594368,242
momentum_quality_120,1,2024,0.023031717477585926,241
momentum_quality_120,5,2018,0.01881267464068656,243
momentum_quality_120,5,2019,0.021149963659856254,244
momentum_quality_120,5,2020,0.05728116484512479,243
momentum_quality_120,5,2021,-0.022075740305872553,243
momentum_quality_120,5,2022,0.022625887612236082,242
momentum_quality_120,5,2023,-0.05186111289862933,242
momentum_quality_120,5,2024,0.032381971529547596,237
momentum_quality_120,20,2018,0.05046501832368159,243
momentum_quality_120,20,2019,0.04506065663499242,244
momentum_quality_120,20,2020,0.06559335966084205,243
momentum_quality_120,20,2021,-0.045901024000146486,243
momentum_quality_120,20,2022,0.09304014824289877,242
momentum_quality_120,20,2023,-0.11216687044374374,242
momentum_quality_120,20,2024,0.11914539678722104,222
vol_managed_momentum_120,1,2018,-0.007871358179926005,243
vol_managed_momentum_120,1,2019,3.787895559944705e-05,244
vol_managed_momentum_120,1,2020,0.0274489496422335,243
vol_managed_momentum_120,1,2021,-0.009035237510186348,243
vol_managed_momentum_120,1,2022,0.0029885173365479024,242
vol_managed_momentum_120,1,2023,0.004640600154859158,242
vol_managed_momentum_120,1,2024,0.01853482689116533,241
vol_managed_momentum_120,5,2018,0.0029189639491895764,243
vol_managed_momentum_120,5,2019,0.013304754726461906,244
vol_managed_momentum_120,5,2020,0.05285139474980038,243
vol_managed_momentum_120,5,2021,-0.007205994772426612,243
vol_managed_momentum_120,5,2022,0.013178817340006541,242
vol_managed_momentum_120,5,2023,0.008749850614548763,242
vol_managed_momentum_120,5,2024,0.027472625467584704,237
vol_managed_momentum_120,20,2018,0.04067095637125437,243
vol_managed_momentum_120,20,2019,0.019309626997586298,244
vol_managed_momentum_120,20,2020,0.05196929895978221,243
vol_managed_momentum_120,20,2021,-0.03405979208722998,243
vol_managed_momentum_120,20,2022,0.06923684061918464,242
vol_managed_momentum_120,20,2023,0.04371064267919359,242
vol_managed_momentum_120,20,2024,0.09860806301295734,222
multi_horizon_trend,1,2018,-0.004326532881694069,243
multi_horizon_trend,1,2019,-0.004717178810255421,244
multi_horizon_trend,1,2020,0.03305319112162405,243
multi_horizon_trend,1,2021,-0.030756864880890016,243
multi_horizon_trend,1,2022,0.0034312130470742124,242
multi_horizon_trend,1,2023,-0.01569733175291742,242
multi_horizon_trend,1,2024,0.02212894479608776,241
multi_horizon_trend,5,2018,0.03312197067055654,243
multi_horizon_trend,5,2019,-9.166718185937608e-05,244
multi_horizon_trend,5,2020,0.07733761158614676,243
multi_horizon_trend,5,2021,-0.04945449432501326,243
multi_horizon_trend,5,2022,-0.007589234298657971,242
multi_horizon_trend,5,2023,-0.029971210696285704,242
multi_horizon_trend,5,2024,0.03046059630765511,237
multi_horizon_trend,20,2018,0.05759835692243875,243
multi_horizon_trend,20,2019,-0.003133636243465879,244
multi_horizon_trend,20,2020,0.11680380312050341,243
multi_horizon_trend,20,2021,-0.08235207016686247,243
multi_horizon_trend,20,2022,0.04955256582477612,242
multi_horizon_trend,20,2023,-0.02829802617920016,242
multi_horizon_trend,20,2024,0.08124595166072834,222
carry,1,2018,0.02915790676164393,243
carry,1,2019,0.008558644553509043,244
carry,1,2020,0.06044711001161086,243
carry,1,2021,-0.0035589651896391905,243
carry,1,2022,0.013090038547222209,242
carry,1,2023,0.00048624748441518763,242
carry,1,2024,0.05302297037635864,241
carry,5,2018,0.04257306566681385,243
carry,5,2019,0.0064356344214487205,244
carry,5,2020,0.13058996469534215,243
carry,5,2021,0.0024510041325921886,243
carry,5,2022,0.036184599448321086,242
carry,5,2023,-0.008185525548499691,242
carry,5,2024,0.07992272206887091,237
carry,20,2018,0.1254885246266949,243
carry,20,2019,0.03467764614968465,244
carry,20,2020,0.20995118063319868,243
carry,20,2021,0.029421201414154597,243
carry,20,2022,0.0869530454947154,242
carry,20,2023,-0.005435089361852038,242
carry,20,2024,0.15575270023334606,222
curve_curvature,1,2018,-0.01808730804275155,243
curve_curvature,1,2019,0.010175867809893421,244
curve_curvature,1,2020,-0.01595071943991986,243
curve_curvature,1,2021,0.0089657394513565,243
curve_curvature,1,2022,-0.013081102646456129,242
curve_curvature,1,2023,0.01686974720269408,242
curve_curvature,1,2024,-0.0400147169509691,241
curve_curvature,5,2018,-0.018500742085061035,243
curve_curvature,5,2019,0.02360551235995719,244
curve_curvature,5,2020,-0.04250880005147436,243
curve_curvature,5,2021,0.002304343646575758,243
curve_curvature,5,2022,-0.05874262758174175,242
curve_curvature,5,2023,0.007701854218185495,242
curve_curvature,5,2024,-0.06498265771156887,237
curve_curvature,20,2018,-0.07079617390758118,243
curve_curvature,20,2019,0.011025332207337714,244
curve_curvature,20,2020,-0.053603233530175674,243
curve_curvature,20,2021,0.00504721753022334,243
curve_curvature,20,2022,-0.029990688854072415,242
curve_curvature,20,2023,0.01488351874639669,242
curve_curvature,20,2024,-0.07992263676357114,222
term_structure_slope,1,2018,0.02687736379896681,243
term_structure_slope,1,2019,0.02620047929881558,244
term_structure_slope,1,2020,0.06357002604707707,243
term_structure_slope,1,2021,0.005234965044777262,243
term_structure_slope,1,2022,0.035878927712516294,242
term_structure_slope,1,2023,0.002391033843450271,242
term_structure_slope,1,2024,0.01997759210060794,241
term_structure_slope,5,2018,0.06303475028038671,243
term_structure_slope,5,2019,0.03736899964311113,244
term_structure_slope,5,2020,0.11894056954000101,243
term_structure_slope,5,2021,0.004457627816915915,243
term_structure_slope,5,2022,0.04778417052661162,242
term_structure_slope,5,2023,-0.02442750898610945,242
term_structure_slope,5,2024,0.029115332084876308,237
term_structure_slope,20,2018,0.12425474309680354,243
term_structure_slope,20,2019,0.059752053413498735,244
term_structure_slope,20,2020,0.21824615370530584,243
term_structure_slope,20,2021,0.0065504881967618335,243
term_structure_slope,20,2022,0.12999377505899906,242
term_structure_slope,20,2023,-0.025407477546217562,242
term_structure_slope,20,2024,0.03675755844832597,222
carry_change_5,1,2018,0.02276191764523772,243
carry_change_5,1,2019,-0.0012858752502708456,244
carry_change_5,1,2020,0.01822031777922364,243
carry_change_5,1,2021,-0.0025226644821816557,243
carry_change_5,1,2022,-0.005392977751310866,242
carry_change_5,1,2023,0.011807202698004022,242
carry_change_5,1,2024,0.011642066562914714,241
carry_change_5,5,2018,-0.002445647945860802,243
carry_change_5,5,2019,-0.010569381019243344,244
carry_change_5,5,2020,0.040532461765931053,243
carry_change_5,5,2021,-0.0115015769693807,243
carry_change_5,5,2022,0.005404798457685504,242
carry_change_5,5,2023,0.01745925224537824,242
carry_change_5,5,2024,0.005049210796806578,237
carry_change_5,20,2018,-0.005118769094929164,243
carry_change_5,20,2019,-0.0076990306689972985,244
carry_change_5,20,2020,0.03575532026897742,243
carry_change_5,20,2021,-0.012173562760634816,243
carry_change_5,20,2022,0.040402230997842285,242
carry_change_5,20,2023,0.004258174831539175,242
carry_change_5,20,2024,-0.0043070879555862866,222
basis_momentum_5,1,2018,0.027998923968394627,243
basis_momentum_5,1,2019,0.007960096609979227,244
basis_momentum_5,1,2020,0.021610956044823926,243
basis_momentum_5,1,2021,-0.003848277130985172,243
basis_momentum_5,1,2022,-0.0101036956880524,242
basis_momentum_5,1,2023,0.01008157444732209,242
basis_momentum_5,1,2024,0.014937482540798833,241
basis_momentum_5,5,2018,0.008615282042272252,243
basis_momentum_5,5,2019,-0.002547066347463874,244
basis_momentum_5,5,2020,0.03967737357923985,243
basis_momentum_5,5,2021,-0.018128052660248927,243
basis_momentum_5,5,2022,0.004772520431333253,242
basis_momentum_5,5,2023,0.021290874157695875,242
basis_momentum_5,5,2024,0.0069340993039617395,237
basis_momentum_5,20,2018,-0.005437736821304297,243
basis_momentum_5,20,2019,-0.006313806910097869,244
basis_momentum_5,20,2020,0.03298498102601428,243
basis_momentum_5,20,2021,-0.014931084835917366,243
basis_momentum_5,20,2022,0.04357537497389859,242
basis_momentum_5,20,2023,-0.0008365585269215575,242
basis_momentum_5,20,2024,-0.005144855645411818,222
term_structure_momentum_5,1,2018,0.05073178681358234,243
term_structure_momentum_5,1,2019,0.02158727230813893,244
term_structure_momentum_5,1,2020,0.005206250933576157,243
term_structure_momentum_5,1,2021,0.012716288892592024,243
term_structure_momentum_5,1,2022,-0.004316091543063587,242
term_structure_momentum_5,1,2023,0.02929159838242408,242
term_structure_momentum_5,1,2024,-0.016468628749544932,241
term_structure_momentum_5,5,2018,0.036358529759977186,243
term_structure_momentum_5,5,2019,0.016828221833783567,244
term_structure_momentum_5,5,2020,-0.014467835775461532,243
term_structure_momentum_5,5,2021,-0.003485354097144977,243
term_structure_momentum_5,5,2022,-0.023835811271345705,242
term_structure_momentum_5,5,2023,0.04201546254332178,242
term_structure_momentum_5,5,2024,-0.008124357584376452,237
term_structure_momentum_5,20,2018,0.006719869538090056,243
term_structure_momentum_5,20,2019,0.05222033068228294,244
term_structure_momentum_5,20,2020,0.02378774770320933,243
term_structure_momentum_5,20,2021,-0.025258059938569142,243
term_structure_momentum_5,20,2022,-0.015978333528136338,242
term_structure_momentum_5,20,2023,0.016083986798922586,242
term_structure_momentum_5,20,2024,0.013147741735060978,222
term_structure_acceleration_5,1,2018,0.047657639158217704,243
term_structure_acceleration_5,1,2019,0.015387212161505858,244
term_structure_acceleration_5,1,2020,0.010298548142179715,243
term_structure_acceleration_5,1,2021,0.015201811309248366,243
term_structure_acceleration_5,1,2022,-0.002160675320297465,242
term_structure_acceleration_5,1,2023,0.023193034065097273,242
term_structure_acceleration_5,1,2024,-0.018469435218751214,241
term_structure_acceleration_5,5,2018,0.051405766237609576,243
term_structure_acceleration_5,5,2019,-0.027258754848608787,244
term_structure_acceleration_5,5,2020,-0.006217241837066335,243
term_structure_acceleration_5,5,2021,-0.0014584105796564063,243
term_structure_acceleration_5,5,2022,0.011041259276672362,242
term_structure_acceleration_5,5,2023,0.04920251151417093,242
term_structure_acceleration_5,5,2024,-0.025585859581438355,237
term_structure_acceleration_5,20,2018,-0.008368108563936575,243
term_structure_acceleration_5,20,2019,0.02686318131256952,244
term_structure_acceleration_5,20,2020,0.02157953281423804,243
term_structure_acceleration_5,20,2021,-0.005781458135926064,243
term_structure_acceleration_5,20,2022,-0.02673178777941646,242
term_structure_acceleration_5,20,2023,0.0024526792855238603,242
term_structure_acceleration_5,20,2024,0.008534006754251472,222
carry_change_20,1,2018,-0.006034859760859769,243
carry_change_20,1,2019,-0.0038393867278419184,244
carry_change_20,1,2020,0.010338151592792796,243
carry_change_20,1,2021,-0.007351423676208585,243
carry_change_20,1,2022,0.01090618964053474,242
carry_change_20,1,2023,0.01190245761337041,242
carry_change_20,1,2024,0.009572701950694902,241
carry_change_20,5,2018,-0.021435008237903088,243
carry_change_20,5,2019,-0.03269222141466347,244
carry_change_20,5,2020,0.010555918490660796,243
carry_change_20,5,2021,-0.029277157518413234,243
carry_change_20,5,2022,0.03467121411301814,242
carry_change_20,5,2023,0.022265326947296812,242
carry_change_20,5,2024,-0.020764750332061408,237
carry_change_20,20,2018,-0.007815617206847517,243
carry_change_20,20,2019,-0.05226968873096629,244
carry_change_20,20,2020,0.0073851081513916774,243
carry_change_20,20,2021,-0.04574355594007059,243
carry_change_20,20,2022,0.08315273562517975,242
carry_change_20,20,2023,0.020454315630774322,242
carry_change_20,20,2024,-0.02382627343695197,222
basis_momentum_20,1,2018,0.0005997470396829136,243
basis_momentum_20,1,2019,-0.008856802153055775,244
basis_momentum_20,1,2020,0.004642448835230362,243
basis_momentum_20,1,2021,-0.0063020620647736714,243
basis_momentum_20,1,2022,0.006275527258280167,242
basis_momentum_20,1,2023,0.01854334487036893,242
basis_momentum_20,1,2024,0.006087006234592415,241
basis_momentum_20,5,2018,-0.01595521644052934,243
basis_momentum_20,5,2019,-0.03025608585246799,244
basis_momentum_20,5,2020,0.0036432145194968085,243
basis_momentum_20,5,2021,-0.03655181568912875,243
basis_momentum_20,5,2022,0.033078010067594456,242
basis_momentum_20,5,2023,0.022592595997389203,242
basis_momentum_20,5,2024,-0.019298517339941704,237
basis_momentum_20,20,2018,-0.0017869137153939199,243
basis_momentum_20,20,2019,-0.05717157034285355,244
basis_momentum_20,20,2020,-0.002193501303623662,243
basis_momentum_20,20,2021,-0.04783824734387088,243
basis_momentum_20,20,2022,0.07960865608251592,242
basis_momentum_20,20,2023,0.007874681694076981,242
basis_momentum_20,20,2024,-0.025221216767379172,222
term_structure_momentum_20,1,2018,0.007341223508076067,243
term_structure_momentum_20,1,2019,0.025113088818739974,244
term_structure_momentum_20,1,2020,0.023989221673253788,243
term_structure_momentum_20,1,2021,-0.0035342015575717304,243
term_structure_momentum_20,1,2022,-0.011165064168568342,242
term_structure_momentum_20,1,2023,0.008443078311255394,242
term_structure_momentum_20,1,2024,0.012253907283328045,241
term_structure_momentum_20,5,2018,-0.008558478715992551,243
term_structure_momentum_20,5,2019,0.04146589858856676,244
term_structure_momentum_20,5,2020,0.020690570684390976,243
term_structure_momentum_20,5,2021,-0.02504749218381649,243
term_structure_momentum_20,5,2022,-0.03670384120884677,242
term_structure_momentum_20,5,2023,-0.0015977348569117206,242
term_structure_momentum_20,5,2024,0.019987515429708586,237
term_structure_momentum_20,20,2018,0.02182213510438287,243
term_structure_momentum_20,20,2019,-0.0016745627966656801,244
term_structure_momentum_20,20,2020,0.025051350412863205,243
term_structure_momentum_20,20,2021,-0.04750500098417538,243
term_structure_momentum_20,20,2022,0.03615600700240199,242
term_structure_momentum_20,20,2023,0.060349883709171805,242
term_structure_momentum_20,20,2024,0.006463638276763971,222
term_structure_acceleration_20,1,2018,0.002472331889718552,243
term_structure_acceleration_20,1,2019,0.01778985674138006,244
term_structure_acceleration_20,1,2020,0.0027292740590213953,243
term_structure_acceleration_20,1,2021,0.007183398501543129,243
term_structure_acceleration_20,1,2022,-0.023172820951405253,242
term_structure_acceleration_20,1,2023,0.009252448469998153,242
term_structure_acceleration_20,1,2024,0.010348361378557276,241
term_structure_acceleration_20,5,2018,-0.0045838918976424305,243
term_structure_acceleration_20,5,2019,0.05006168851561729,244
term_structure_acceleration_20,5,2020,0.0033872635281608217,243
term_structure_acceleration_20,5,2021,-0.0007955799081741482,243
term_structure_acceleration_20,5,2022,-0.055704619983111235,242
term_structure_acceleration_20,5,2023,-0.0165160554886513,242
term_structure_acceleration_20,5,2024,0.012656350469110076,237
term_structure_acceleration_20,20,2018,-0.021953376708591692,243
term_structure_acceleration_20,20,2019,-0.021860839681642395,244
term_structure_acceleration_20,20,2020,-0.006567490562052421,243
term_structure_acceleration_20,20,2021,-0.01894468934389834,243
term_structure_acceleration_20,20,2022,-0.01250904520699242,242
term_structure_acceleration_20,20,2023,0.016422287390029325,242
term_structure_acceleration_20,20,2024,-0.024203068474481153,222
carry_change_60,1,2018,0.024616734697405437,243
carry_change_60,1,2019,-0.024071272544157467,244
carry_change_60,1,2020,0.022731597033862464,243
carry_change_60,1,2021,-0.0077708740113612085,243
carry_change_60,1,2022,0.010666935220732593,242
carry_change_60,1,2023,0.02249388092834937,242
carry_change_60,1,2024,0.029654580447516107,241
carry_change_60,5,2018,-0.0031853733514014488,243
carry_change_60,5,2019,-0.038839089432645114,244
carry_change_60,5,2020,0.036893497837756896,243
carry_change_60,5,2021,-0.027488247114992884,243
carry_change_60,5,2022,0.03558899892705131,242
carry_change_60,5,2023,0.041717610935934325,242
carry_change_60,5,2024,0.03729694972848406,237
carry_change_60,20,2018,0.028328364948203177,243
carry_change_60,20,2019,-0.04250271429468716,244
carry_change_60,20,2020,0.04757091784653273,243
carry_change_60,20,2021,-0.033719221631717,243
carry_change_60,20,2022,0.04142678536955005,242
carry_change_60,20,2023,0.0693148493735004,242
carry_change_60,20,2024,0.07672789586026516,222
basis_momentum_60,1,2018,0.024997434578679516,243
basis_momentum_60,1,2019,-0.025179614966580357,244
basis_momentum_60,1,2020,0.016858962357164806,243
basis_momentum_60,1,2021,-0.009833568439051052,243
basis_momentum_60,1,2022,0.005519369576588152,242
basis_momentum_60,1,2023,0.01495564037119518,242
basis_momentum_60,1,2024,0.023881314629458014,241
basis_momentum_60,5,2018,0.007378804756412249,243
basis_momentum_60,5,2019,-0.031837779392895275,244
basis_momentum_60,5,2020,0.016582276080483963,243
basis_momentum_60,5,2021,-0.032615114187231356,243
basis_momentum_60,5,2022,0.02779994300370476,242
basis_momentum_60,5,2023,0.04020261263663023,242
basis_momentum_60,5,2024,0.04157925120738937,237
basis_momentum_60,20,2018,0.027796845634223244,243
basis_momentum_60,20,2019,-0.04764417166904448,244
basis_momentum_60,20,2020,0.01810549182938257,243
basis_momentum_60,20,2021,-0.04310505042182214,243
basis_momentum_60,20,2022,0.04236827486397716,242
basis_momentum_60,20,2023,0.04918228702231129,242
basis_momentum_60,20,2024,0.0860736153283428,222
term_structure_momentum_60,1,2018,0.02481637457619536,243
term_structure_momentum_60,1,2019,0.014733871073638861,244
term_structure_momentum_60,1,2020,0.016566771938458354,243
term_structure_momentum_60,1,2021,-0.017611343314695434,243
term_structure_momentum_60,1,2022,0.008537585985035392,242
term_structure_momentum_60,1,2023,0.016527052460856673,242
term_structure_momentum_60,1,2024,0.010979244079085971,241
term_structure_momentum_60,5,2018,0.04879223452233244,243
term_structure_momentum_60,5,2019,0.019812780963148403,244
term_structure_momentum_60,5,2020,0.011295259805950697,243
term_structure_momentum_60,5,2021,-0.0562005337434827,243
term_structure_momentum_60,5,2022,0.017164946490459687,242
term_structure_momentum_60,5,2023,0.04127083352485314,242
term_structure_momentum_60,5,2024,0.011212646024884658,237
term_structure_momentum_60,20,2018,0.06581104750538552,243
term_structure_momentum_60,20,2019,0.04412254255385968,244
term_structure_momentum_60,20,2020,0.049701837367144494,243
term_structure_momentum_60,20,2021,-0.08251051694383793,243
term_structure_momentum_60,20,2022,0.07043940991761802,242
term_structure_momentum_60,20,2023,0.11315235477435902,242
term_structure_momentum_60,20,2024,0.004200863822665825,222
value_60,1,2018,0.010742190360704838,243
value_60,1,2019,0.007893271594489479,244
value_60,1,2020,-0.029148326265462966,243
value_60,1,2021,0.040199312035021265,243
value_60,1,2022,0.016666569778919504,242
value_60,1,2023,0.0042985939510802856,242
value_60,1,2024,-0.005661525340044293,241
value_60,5,2018,-0.022897964183617652,243
value_60,5,2019,-0.0014035819716995523,244
value_60,5,2020,-0.06768635082811328,243
value_60,5,2021,0.06814613402179834,243
value_60,5,2022,0.03407045477527832,242
value_60,5,2023,0.015865194568804638,242
value_60,5,2024,-0.010810886920769914,237
value_60,20,2018,-0.023173546255708877,243
value_60,20,2019,0.01057408454242824,244
value_60,20,2020,-0.1132589676033008,243
value_60,20,2021,0.11981579899019029,243
value_60,20,2022,0.007105231708326056,242
value_60,20,2023,0.019148916610742882,242
value_60,20,2024,-0.052683161470703184,222
value_120,1,2018,0.006030375067701564,243
value_120,1,2019,0.0067733004095925226,244
value_120,1,2020,-0.0339370017232171,243
value_120,1,2021,0.033655356984584196,243
value_120,1,2022,-0.0015161065624106512,242
value_120,1,2023,0.0016326071144724876,242
value_120,1,2024,-0.012722465207286017,241
value_120,5,2018,-0.012958868701738006,243
value_120,5,2019,0.003029018277746373,244
value_120,5,2020,-0.0701811209659436,243
value_120,5,2021,0.05910819978302367,243
value_120,5,2022,0.0002313997055629174,242
value_120,5,2023,0.024011987607902262,242
value_120,5,2024,-0.009123123207689742,237
value_120,20,2018,-0.0428353114176869,243
value_120,20,2019,0.009000915233249886,244
value_120,20,2020,-0.10543454449028543,243
value_120,20,2021,0.09002870130048476,243
value_120,20,2022,-0.05766724932464644,242
value_120,20,2023,0.023379512589746184,242
value_120,20,2024,-0.052895609736544114,222
value_252,1,2018,0.0038988980035058254,243
value_252,1,2019,-0.006749079119830034,244
value_252,1,2020,-0.03185383811536389,243
value_252,1,2021,0.029187850945956585,243
value_252,1,2022,-0.011258011828601557,242
value_252,1,2023,0.014181021632596477,242
value_252,1,2024,-0.018671003887137685,241
value_252,5,2018,-0.016366011359625666,243
value_252,5,2019,-0.013003266126499591,244
value_252,5,2020,-0.06316404862938048,243
value_252,5,2021,0.05608334821040296,243
value_252,5,2022,-0.020352011220653148,242
value_252,5,2023,0.043532299432794935,242
value_252,5,2024,-0.022482552109000624,237
value_252,20,2018,-0.059429225678693534,243
value_252,20,2019,-0.01802785180399652,244
value_252,20,2020,-0.10605258046859826,243
value_252,20,2021,0.08173965585904779,243
value_252,20,2022,-0.09677517850740623,242
value_252,20,2023,0.07867143474383842,242
value_252,20,2024,-0.08052190121155639,222
reversal_5,1,2018,0.03289763563524986,243
reversal_5,1,2019,0.021464393711133546,244
reversal_5,1,2020,0.035429229206612706,243
reversal_5,1,2021,0.041433093023429304,243
reversal_5,1,2022,0.018668339352941717,242
reversal_5,1,2023,0.0013696392193990733,242
reversal_5,1,2024,0.026799731450145848,241
reversal_5,5,2018,0.01630998772761225,243
reversal_5,5,2019,0.014888257314268,244
reversal_5,5,2020,0.027185924556975927,243
reversal_5,5,2021,0.037782263786465986,243
reversal_5,5,2022,0.006273203992892537,242
reversal_5,5,2023,-0.018021860837110104,242
reversal_5,5,2024,0.03381441169982587,237
reversal_5,20,2018,-0.004752122197843781,243
reversal_5,20,2019,-0.012443242947537337,244
reversal_5,20,2020,-0.034252194132838844,243
reversal_5,20,2021,0.05300722796705988,243
reversal_5,20,2022,0.051907865620071096,242
reversal_5,20,2023,0.01405602184245121,242
reversal_5,20,2024,-0.023158865205583783,222
oi_growth_5,1,2018,-0.014396918258123384,243
oi_growth_5,1,2019,-0.03898966966304301,244
oi_growth_5,1,2020,-0.0060267279904820175,243
oi_growth_5,1,2021,-0.023190128540802043,243
oi_growth_5,1,2022,-0.008626271204845881,242
oi_growth_5,1,2023,-0.00042639132538073926,242
oi_growth_5,1,2024,-0.015240385621975378,241
oi_growth_5,5,2018,-0.019598325771165277,243
oi_growth_5,5,2019,-0.0689954099402667,244
oi_growth_5,5,2020,-0.025232425603207955,243
oi_growth_5,5,2021,0.02285392548648018,243
oi_growth_5,5,2022,0.03446483236654133,242
oi_growth_5,5,2023,0.029667490967925796,242
oi_growth_5,5,2024,-0.024603990369045776,237
oi_growth_5,20,2018,-0.03306814718479257,243
oi_growth_5,20,2019,-0.03481066654857206,244
oi_growth_5,20,2020,-0.027944172079631232,243
oi_growth_5,20,2021,0.03005534269902086,243
oi_growth_5,20,2022,0.0021237686370662407,242
oi_growth_5,20,2023,-0.018830840511495785,242
oi_growth_5,20,2024,-0.007285372135205284,222
reversal_20,1,2018,0.02165200691568261,243
reversal_20,1,2019,0.005594827604150701,244
reversal_20,1,2020,-0.015909545940050823,243
reversal_20,1,2021,0.042531353486458374,243
reversal_20,1,2022,0.010656861805333352,242
reversal_20,1,2023,0.014132054863687314,242
reversal_20,1,2024,0.0019669700092623927,241
reversal_20,5,2018,-0.0041642950966067184,243
reversal_20,5,2019,-0.005088293089988963,244
reversal_20,5,2020,-0.048894375264598444,243
reversal_20,5,2021,0.073575120046508,243
reversal_20,5,2022,0.03808009161432157,242
reversal_20,5,2023,0.03608049347760137,242
reversal_20,5,2024,-0.009669440494126151,237
reversal_20,20,2018,-0.006317928480550873,243
reversal_20,20,2019,0.01663705617917037,244
reversal_20,20,2020,-0.06976344643059405,243
reversal_20,20,2021,0.12972163858333677,243
reversal_20,20,2022,0.05087943707622138,242
reversal_20,20,2023,-0.00034749354195203185,242
reversal_20,20,2024,-0.0517832626842638,222
oi_growth_20,1,2018,-0.012045152393261524,243
oi_growth_20,1,2019,-0.013718615032501099,244
oi_growth_20,1,2020,-0.016594969546608176,243
oi_growth_20,1,2021,0.004211404800406548,243
oi_growth_20,1,2022,-0.008365668111869416,242
oi_growth_20,1,2023,-0.006491701471315351,242
oi_growth_20,1,2024,0.003120691040877824,241
oi_growth_20,5,2018,-0.04464113185271125,243
oi_growth_20,5,2019,-0.02284112627526986,244
oi_growth_20,5,2020,-0.022726407746800775,243
oi_growth_20,5,2021,0.03439120742297111,243
oi_growth_20,5,2022,-0.0048727235955469345,242
oi_growth_20,5,2023,-0.001086606789913495,242
oi_growth_20,5,2024,0.01894557008959791,237
oi_growth_20,20,2018,-0.015990566045908747,243
oi_growth_20,20,2019,-0.004669484149416315,244
oi_growth_20,20,2020,0.025377861220155125,243
oi_growth_20,20,2021,-0.00035613415912513644,243
oi_growth_20,20,2022,-0.07910232148274417,242
oi_growth_20,20,2023,-0.08261153347613051,242
oi_growth_20,20,2024,0.033879485714858354,222
price_oi_20,1,2018,-0.013274412433476405,243
price_oi_20,1,2019,-0.0005801596377628927,244
price_oi_20,1,2020,0.005270257698123571,243
price_oi_20,1,2021,-0.010749844648267792,243
price_oi_20,1,2022,-0.0181305440552213,242
price_oi_20,1,2023,0.0218226838839388,242
price_oi_20,1,2024,-0.0026788252059413366,241
price_oi_20,5,2018,-0.018921495703104897,243
price_oi_20,5,2019,-0.005880149308639982,244
price_oi_20,5,2020,0.0328213659569487,243
price_oi_20,5,2021,-0.014931084835917367,243
price_oi_20,5,2022,-0.047685149313220904,242
price_oi_20,5,2023,0.036606330265952065,242
price_oi_20,5,2024,0.026252329123310946,237
price_oi_20,20,2018,-0.05427272977719977,243
price_oi_20,20,2019,0.03291564600213554,244
price_oi_20,20,2020,-0.0062597477502928,243
price_oi_20,20,2021,-0.04777416150546789,243
price_oi_20,20,2022,-0.017258714589081663,242
price_oi_20,20,2023,-0.0412947351970509,242
price_oi_20,20,2024,0.032340237901973164,222
volume_shock_20,1,2018,-0.0052853544268443775,243
volume_shock_20,1,2019,-0.03799100487897427,244
volume_shock_20,1,2020,-0.01922044940358746,243
volume_shock_20,1,2021,-0.01310983826673536,243
volume_shock_20,1,2022,0.016646897347534613,242
volume_shock_20,1,2023,0.005803957319932422,242
volume_shock_20,1,2024,-0.017686585050739726,241
volume_shock_20,5,2018,-0.005892381745936449,243
volume_shock_20,5,2019,-0.03973514678031536,244
volume_shock_20,5,2020,-0.014259099044663253,243
volume_shock_20,5,2021,0.0037801489537986886,243
volume_shock_20,5,2022,0.04151805823865688,242
volume_shock_20,5,2023,0.0017779166934794397,242
volume_shock_20,5,2024,0.01023077681249208,237
volume_shock_20,20,2018,-0.02030176593820698,243
volume_shock_20,20,2019,-0.018098107967999832,244
volume_shock_20,20,2020,-0.010933959543525728,243
volume_shock_20,20,2021,-0.02590807344237081,243
volume_shock_20,20,2022,-0.029818058369984756,242
volume_shock_20,20,2023,-0.07256731538256465,242
volume_shock_20,20,2024,0.02535550010522202,222
oi_surprise_20,1,2018,-0.012267324092053855,243
oi_surprise_20,1,2019,-0.0023353814534388517,244
oi_surprise_20,1,2020,0.003889428768296713,243
oi_surprise_20,1,2021,-0.024749563436998183,243
oi_surprise_20,1,2022,-0.015231831411035228,242
oi_surprise_20,1,2023,-0.008032457828763667,242
oi_surprise_20,1,2024,-0.0035597839317448674,241
oi_surprise_20,5,2018,-0.0008068172308274481,243
oi_surprise_20,5,2019,-0.01500887012110776,244
oi_surprise_20,5,2020,-0.012395116659113692,243
oi_surprise_20,5,2021,-0.01858947069675039,243
oi_surprise_20,5,2022,0.00014380401679420742,242
oi_surprise_20,5,2023,0.011248494654299085,242
oi_surprise_20,5,2024,-0.023103964555084646,237
oi_surprise_20,20,2018,-0.017203305972995204,243
oi_surprise_20,20,2019,-0.016132483920463278,244
oi_surprise_20,20,2020,-0.01993527330321299,243
oi_surprise_20,20,2021,0.005039893434405854,243
oi_surprise_20,20,2022,0.010213434053053834,242
oi_surprise_20,20,2023,0.02508388567646329,242
oi_surprise_20,20,2024,-0.00943190131176783,222
volume_shock_60,1,2018,-0.007703458610928497,243
volume_shock_60,1,2019,-0.03160528098274403,244
volume_shock_60,1,2020,-0.011321372562647938,243
volume_shock_60,1,2021,-0.02375461540511304,243
volume_shock_60,1,2022,0.011735587145379693,242
volume_shock_60,1,2023,-0.00854817981431997,242
volume_shock_60,1,2024,-0.01137451968277181,241
volume_shock_60,5,2018,-0.00870935475448034,243
volume_shock_60,5,2019,-0.040985849776126765,244
volume_shock_60,5,2020,-0.004689840890557737,243
volume_shock_60,5,2021,-0.019735691692186565,243
volume_shock_60,5,2022,0.030312967445134502,242
volume_shock_60,5,2023,-0.019369547431029886,242
volume_shock_60,5,2024,0.009652544083205438,237
volume_shock_60,20,2018,-0.0009176758942616774,243
volume_shock_60,20,2019,-0.03434053855195743,244
volume_shock_60,20,2020,-0.0006470707867321408,243
volume_shock_60,20,2021,-0.04963814389101746,243
volume_shock_60,20,2022,-0.023987429296358408,242
volume_shock_60,20,2023,-0.06574614585535811,242
volume_shock_60,20,2024,0.037563258475383055,222
oi_surprise_60,1,2018,-0.019410267371288505,243
oi_surprise_60,1,2019,-0.01143278274421506,244
oi_surprise_60,1,2020,0.00574151950981523,243
oi_surprise_60,1,2021,-0.025607324207476523,243
oi_surprise_60,1,2022,-0.0154379869295228,242
oi_surprise_60,1,2023,-0.012054327288643675,242
oi_surprise_60,1,2024,-0.002804481618795829,241
oi_surprise_60,5,2018,-0.012687143517284004,243
oi_surprise_60,5,2019,-0.020632004450546,244
oi_surprise_60,5,2020,-0.006648513372033332,243
oi_surprise_60,5,2021,-0.0225316652705109,243
oi_surprise_60,5,2022,-0.004140439396784832,242
oi_surprise_60,5,2023,0.008727787532520064,242
oi_surprise_60,5,2024,-0.021647118457920896,237
oi_surprise_60,20,2018,-0.02484114942182205,243
oi_surprise_60,20,2019,-0.011570970954803628,244
oi_surprise_60,20,2020,0.0010191610117453664,243
oi_surprise_60,20,2021,-0.005451873824139305,243
oi_surprise_60,20,2022,0.0036522280429652273,242
oi_surprise_60,20,2023,0.006008512672482739,242
oi_surprise_60,20,2024,-0.0033811341931475405,222
amihud_20,1,2018,2.339958315201384e-05,243
amihud_20,1,2019,-0.011047749540603441,244
amihud_20,1,2020,-0.017944245326263698,243
amihud_20,1,2021,0.018921430982347883,243
amihud_20,1,2022,0.019633205848461368,242
amihud_20,1,2023,0.006181605039543643,242
amihud_20,1,2024,-0.04081077759297375,241
amihud_20,5,2018,0.006309785007103015,243
amihud_20,5,2019,-0.013502642801134751,244
amihud_20,5,2020,-0.014083320745043646,243
amihud_20,5,2021,0.04563918757467145,243
amihud_20,5,2022,0.025660809005939957,242
amihud_20,5,2023,0.0136147602018772,242
amihud_20,5,2024,-0.06616540647601883,237
amihud_20,20,2018,0.014621142224377643,243
amihud_20,20,2019,-0.022919819836247926,244
amihud_20,20,2020,-0.021277413861766844,243
amihud_20,20,2021,0.06930700320886948,243
amihud_20,20,2022,0.05942389090331248,242
amihud_20,20,2023,-0.03228932054900302,242
amihud_20,20,2024,-0.131856216617062,222
volume_oi_turnover,1,2018,-0.007546683818307253,243
volume_oi_turnover,1,2019,-0.003260274301053168,244
volume_oi_turnover,1,2020,-0.01913303076343691,243
volume_oi_turnover,1,2021,-0.005288673808960041,243
volume_oi_turnover,1,2022,0.011959905554887422,242
volume_oi_turnover,1,2023,-0.014937150609668624,242
volume_oi_turnover,1,2024,0.01519664461646876,241
volume_oi_turnover,5,2018,0.008789732570064627,243
volume_oi_turnover,5,2019,-0.013439210363844293,244
volume_oi_turnover,5,2020,-0.03276892019939851,243
volume_oi_turnover,5,2021,0.0013357319747135576,243
volume_oi_turnover,5,2022,0.02607541108906262,242
volume_oi_turnover,5,2023,-0.04683992314693093,242
volume_oi_turnover,5,2024,0.019675870517170978,237
volume_oi_turnover,20,2018,0.019563478635424143,243
volume_oi_turnover,20,2019,-0.012137933639510984,244
volume_oi_turnover,20,2020,-0.0632627931354912,243
volume_oi_turnover,20,2021,0.03917384199178786,243
volume_oi_turnover,20,2022,0.007973308923860039,242
volume_oi_turnover,20,2023,-0.08421110692321128,242
volume_oi_turnover,20,2024,0.05799637234564932,222
low_vol_20,1,2018,0.008252216126554857,243
low_vol_20,1,2019,-0.009578147485937192,244
low_vol_20,1,2020,0.006204459360971446,243
low_vol_20,1,2021,-0.018124318506007178,243
low_vol_20,1,2022,-0.023847255394571575,242
low_vol_20,1,2023,-0.008242193746878922,242
low_vol_20,1,2024,0.03135538093355422,241
low_vol_20,5,2018,0.02557690011925857,243
low_vol_20,5,2019,0.013355588957806358,244
low_vol_20,5,2020,0.007605157994479463,243
low_vol_20,5,2021,-0.04149558036593014,243
low_vol_20,5,2022,-0.03292251787043981,242
low_vol_20,5,2023,-0.004326202667794334,242
low_vol_20,5,2024,0.09436739368168101,237
low_vol_20,20,2018,0.028536390843755678,243
low_vol_20,20,2019,0.04431960570292779,244
low_vol_20,20,2020,0.007209656820335352,243
low_vol_20,20,2021,-0.07265228397350508,243
low_vol_20,20,2022,-0.06099778975196105,242
low_vol_20,20,2023,0.011516928818981604,242
low_vol_20,20,2024,0.1614807243283328,222
low_vol_60,1,2018,0.008900909244462487,243
low_vol_60,1,2019,-0.010358415180417697,244
low_vol_60,1,2020,0.012776091865690257,243
low_vol_60,1,2021,-0.01943258125392278,243
low_vol_60,1,2022,-0.023638224085487113,242
low_vol_60,1,2023,-0.008492136871599755,242
low_vol_60,1,2024,0.028194611838337044,241
low_vol_60,5,2018,0.005731411265681167,243
low_vol_60,5,2019,0.0003387260312076567,244
low_vol_60,5,2020,0.02713374779868415,243
low_vol_60,5,2021,-0.04165854149786915,243
low_vol_60,5,2022,-0.024717743577082237,242
low_vol_60,5,2023,0.0005515770507175088,242
low_vol_60,5,2024,0.08977532466922929,237
low_vol_60,20,2018,-0.02294548395016679,243
low_vol_60,20,2019,0.025118217628110222,244
low_vol_60,20,2020,0.05165691319442401,243
low_vol_60,20,2021,-0.08963320012634066,243
low_vol_60,20,2022,-0.030601494773807445,242
low_vol_60,20,2023,0.0025390930234696057,242
low_vol_60,20,2024,0.15184439166641614,222
realized_skew_60,1,2018,-0.011999939760499012,243
realized_skew_60,1,2019,0.002660890525434376,244
realized_skew_60,1,2020,0.00339849430297352,243
realized_skew_60,1,2021,-0.015357628578390252,243
realized_skew_60,1,2022,-0.01648708141247009,242
realized_skew_60,1,2023,-0.011519687215608107,242
realized_skew_60,1,2024,-0.020186383913449707,241
realized_skew_60,5,2018,-0.023578283816683136,243
realized_skew_60,5,2019,-0.029730051055658745,244
realized_skew_60,5,2020,0.0008216719995239334,243
realized_skew_60,5,2021,-0.029632376165561185,243
realized_skew_60,5,2022,-0.028341670464230886,242
realized_skew_60,5,2023,-0.022371965177102198,242
realized_skew_60,5,2024,-0.028240473474981577,237
realized_skew_60,20,2018,-0.04092408324847661,243
realized_skew_60,20,2019,-0.030643265408669594,244
realized_skew_60,20,2020,-0.027203784464938836,243
realized_skew_60,20,2021,-0.04691358024691358,243
realized_skew_60,20,2022,-0.07520168677515224,242
realized_skew_60,20,2023,-0.020360547532152346,242
realized_skew_60,20,2024,-0.06403310986180842,222
realized_skew_120,1,2018,-0.008779984524125371,243
realized_skew_120,1,2019,0.007027247891106188,244
realized_skew_120,1,2020,-0.016167318980298745,243
realized_skew_120,1,2021,-0.018409045591281998,243
realized_skew_120,1,2022,-0.02439576888726457,242
realized_skew_120,1,2023,0.00025846827368066773,242
realized_skew_120,1,2024,-0.02214777907645643,241
realized_skew_120,5,2018,-0.022677338428721997,243
realized_skew_120,5,2019,-9.89259468626348e-05,244
realized_skew_120,5,2020,-0.024518457048428623,243
realized_skew_120,5,2021,-0.03136269380244167,243
realized_skew_120,5,2022,-0.03897312112500706,242
realized_skew_120,5,2023,-0.0006894713133968864,242
realized_skew_120,5,2024,-0.032472085721124734,237
realized_skew_120,20,2018,-0.024787956946322208,243
realized_skew_120,20,2019,0.026691611259163545,244
realized_skew_120,20,2020,-0.07379445055875658,243
realized_skew_120,20,2021,-0.06743752775145681,243
realized_skew_120,20,2022,-0.058259472350887055,242
realized_skew_120,20,2023,0.0012631114461430976,242
realized_skew_120,20,2024,-0.05014580765415026,222
seasonality_3y_month,1,2018,0.0019317328547988645,243
seasonality_3y_month,1,2019,0.017318333335837117,244
seasonality_3y_month,1,2020,0.01662553465518705,243
seasonality_3y_month,1,2021,0.007760304114738801,243
seasonality_3y_month,1,2022,0.02372917512933752,242
seasonality_3y_month,1,2023,-0.008816902393325946,242
seasonality_3y_month,1,2024,-0.022741300601738113,241
seasonality_3y_month,5,2018,0.020591708246029232,243
seasonality_3y_month,5,2019,0.04559238575632018,244
seasonality_3y_month,5,2020,0.017744715275579474,243
seasonality_3y_month,5,2021,0.03493773621487543,243
seasonality_3y_month,5,2022,0.04525922443305394,242
seasonality_3y_month,5,2023,-0.04688956508149551,242
seasonality_3y_month,5,2024,-0.032363197739635696,237
seasonality_3y_month,20,2018,0.04288201510423732,243
seasonality_3y_month,20,2019,0.07925498909105466,244
seasonality_3y_month,20,2020,0.05323917052312114,243
seasonality_3y_month,20,2021,0.01874670904045106,243
seasonality_3y_month,20,2022,-0.027533931108610046,242
seasonality_3y_month,20,2023,-0.1518473234723614,242
seasonality_3y_month,20,2024,0.00165549309042079,222
idiosyncratic_vol_60,1,2018,-0.009971842640043879,243
idiosyncratic_vol_60,1,2019,0.0003524696963992549,244
idiosyncratic_vol_60,1,2020,-0.005093533578683115,243
idiosyncratic_vol_60,1,2021,0.005842698741924434,243
idiosyncratic_vol_60,1,2022,0.0017302228138686318,242
idiosyncratic_vol_60,1,2023,-0.00047919318658383583,242
idiosyncratic_vol_60,1,2024,-0.020954143580217636,241
idiosyncratic_vol_60,5,2018,-0.013891965215932861,243
idiosyncratic_vol_60,5,2019,-0.01521104201997362,244
idiosyncratic_vol_60,5,2020,-0.025244327258911365,243
idiosyncratic_vol_60,5,2021,0.024560439811953837,243
idiosyncratic_vol_60,5,2022,-0.0020617818827951295,242
idiosyncratic_vol_60,5,2023,-0.021700879765395895,242
idiosyncratic_vol_60,5,2024,-0.07257665573093404,237
idiosyncratic_vol_60,20,2018,0.005743082422520483,243
idiosyncratic_vol_60,20,2019,-0.03695859915475517,244
idiosyncratic_vol_60,20,2020,-0.03747641739237339,243
idiosyncratic_vol_60,20,2021,0.07684166678110566,243
idiosyncratic_vol_60,20,2022,-0.004381229044996868,242
idiosyncratic_vol_60,20,2023,-0.029601301721839696,242
idiosyncratic_vol_60,20,2024,-0.09778833338343906,222
relative_value_residual_60,1,2018,-0.006890239206506012,243
relative_value_residual_60,1,2019,0.009690360019160666,244
relative_value_residual_60,1,2020,-0.0034694553919872324,243
relative_value_residual_60,1,2021,0.002592921593929798,243
relative_value_residual_60,1,2022,-0.014422498628255509,242
relative_value_residual_60,1,2023,-0.006877632000265339,242
relative_value_residual_60,1,2024,0.00819952513714464,241
relative_value_residual_60,5,2018,-0.02464527289559218,243
relative_value_residual_60,5,2019,0.01725663319784292,244
relative_value_residual_60,5,2020,-0.0013293233908732607,243
relative_value_residual_60,5,2021,-0.00990309305721492,243
relative_value_residual_60,5,2022,-0.019388983955674215,242
relative_value_residual_60,5,2023,0.0012870131183408563,242
relative_value_residual_60,5,2024,0.0115956313390875,237
relative_value_residual_60,20,2018,-0.05725907663753556,243
relative_value_residual_60,20,2019,0.02926368587759204,244
relative_value_residual_60,20,2020,-0.0011175131555801424,243
relative_value_residual_60,20,2021,-0.01240610280283992,243
relative_value_residual_60,20,2022,-0.06215833413224454,242
relative_value_residual_60,20,2023,-0.0028663620735619923,242
relative_value_residual_60,20,2024,0.04980909719508162,222
correlation_risk_20_120,1,2018,-0.016236137485431994,243
correlation_risk_20_120,1,2019,0.029641447224064626,244
correlation_risk_20_120,1,2020,0.013250286306753921,243
correlation_risk_20_120,1,2021,0.004977966536863952,243
correlation_risk_20_120,1,2022,0.00044286763431862324,242
correlation_risk_20_120,1,2023,0.03704589854626457,242
correlation_risk_20_120,1,2024,0.015591225125522636,241
correlation_risk_20_120,5,2018,-0.05164276210678936,243
correlation_risk_20_120,5,2019,0.05554680700243165,244
correlation_risk_20_120,5,2020,0.00218885835002508,243
correlation_risk_20_120,5,2021,0.025270877106249742,243
correlation_risk_20_120,5,2022,0.04064420259687729,242
correlation_risk_20_120,5,2023,0.05033508305831089,242
correlation_risk_20_120,5,2024,0.022938755203859892,237
correlation_risk_20_120,20,2018,-0.029408432098938696,243
correlation_risk_20_120,20,2019,0.026887219934139096,244
correlation_risk_20_120,20,2020,-0.022744717986344483,243
correlation_risk_20_120,20,2021,0.0037288802830763024,243
correlation_risk_20_120,20,2022,0.07769350176570321,242
correlation_risk_20_120,20,2023,9.192950845291751e-05,242
correlation_risk_20_120,20,2024,-0.003068474481155238,222
volume_price_divergence_20,1,2018,-0.010665856217789035,243
volume_price_divergence_20,1,2019,-0.0033534879352197506,244
volume_price_divergence_20,1,2020,0.01861249121127119,243
volume_price_divergence_20,1,2021,-0.018412854180176907,243
volume_price_divergence_20,1,2022,-0.011425413968115677,242
volume_price_divergence_20,1,2023,0.00024086983513740064,242
volume_price_divergence_20,1,2024,0.0009405481852552181,241
volume_price_divergence_20,5,2018,0.007176753051593408,243
volume_price_divergence_20,5,2019,0.004293969330713252,244
volume_price_divergence_20,5,2020,0.02384666743831248,243
volume_price_divergence_20,5,2021,-0.020570638615379687,243
volume_price_divergence_20,5,2022,-0.03217184776998712,242
volume_price_divergence_20,5,2023,0.013416192463618897,242
volume_price_divergence_20,5,2024,-0.015342879805503534,237
volume_price_divergence_20,20,2018,0.0009349504538946847,243
volume_price_divergence_20,20,2019,-0.016968828232253895,244
volume_price_divergence_20,20,2020,-0.012362681377636266,243
volume_price_divergence_20,20,2021,-0.0600365289278897,243
volume_price_divergence_20,20,2022,-0.003553994796789823,242
volume_price_divergence_20,20,2023,0.10805210564539111,242
volume_price_divergence_20,20,2024,-0.006828407940754993,222
interaction__tsmom_60__carry,1,2018,0.006319479754353519,243
interaction__tsmom_60__carry,1,2019,-0.0047472071841525845,244
interaction__tsmom_60__carry,1,2020,0.004772798841324117,243
interaction__tsmom_60__carry,1,2021,0.010481776742218533,243
interaction__tsmom_60__carry,1,2022,0.014150573327691707,242
interaction__tsmom_60__carry,1,2023,0.019369717019714138,242
interaction__tsmom_60__carry,1,2024,-0.00426885360718471,241
interaction__tsmom_60__carry,5,2018,-0.01236360461103983,243
interaction__tsmom_60__carry,5,2019,-0.014272866549515834,244
interaction__tsmom_60__carry,5,2020,0.00892607853215531,243
interaction__tsmom_60__carry,5,2021,0.015513343862844236,243
interaction__tsmom_60__carry,5,2022,-0.0016930646412135857,242
interaction__tsmom_60__carry,5,2023,0.018549745060327905,242
interaction__tsmom_60__carry,5,2024,0.016282223098404224,237
interaction__tsmom_60__carry,20,2018,-0.0280994788351557,243
interaction__tsmom_60__carry,20,2019,0.00827329088124581,244
interaction__tsmom_60__carry,20,2020,0.013291330792500116,243
interaction__tsmom_60__carry,20,2021,-0.02079497339320454,243
interaction__tsmom_60__carry,20,2022,-0.018815628835536,242
interaction__tsmom_60__carry,20,2023,0.008961228551084966,242
interaction__tsmom_60__carry,20,2024,-0.006371112625655883,222
interaction__momentum_quality_60__carry,1,2018,0.005202156527459902,243
interaction__momentum_quality_60__carry,1,2019,-0.00703083009824942,244
interaction__momentum_quality_60__carry,1,2020,0.0003332010000593874,243
interaction__momentum_quality_60__carry,1,2021,0.0074486308231657035,243
interaction__momentum_quality_60__carry,1,2022,0.011309814610094534,242
interaction__momentum_quality_60__carry,1,2023,0.022624887426268475,242
interaction__momentum_quality_60__carry,1,2024,-0.0061786920243817834,241
interaction__momentum_quality_60__carry,5,2018,-0.010549576456273172,243
interaction__momentum_quality_60__carry,5,2019,-0.015237690827436244,244
interaction__momentum_quality_60__carry,5,2020,0.0020827376464645758,243
interaction__momentum_quality_60__carry,5,2021,0.0142058067280354,243
interaction__momentum_quality_60__carry,5,2022,0.0005653553202432894,242
interaction__momentum_quality_60__carry,5,2023,0.018044122740927742,242
interaction__momentum_quality_60__carry,5,2024,0.016443577593213732,237
interaction__momentum_quality_60__carry,20,2018,-0.026392402280350228,243
interaction__momentum_quality_60__carry,20,2019,0.003848936543802379,244
interaction__momentum_quality_60__carry,20,2020,0.006707206351917311,243
interaction__momentum_quality_60__carry,20,2021,-0.021479896189235084,243
interaction__momentum_quality_60__carry,20,2022,-0.01863599786340701,242
interaction__momentum_quality_60__carry,20,2023,0.0034803892116303187,242
interaction__momentum_quality_60__carry,20,2024,-0.003499053471312212,222
interaction__tsmom_20__oi_surprise_20,1,2018,-0.006282268149628453,243
interaction__tsmom_20__oi_surprise_20,1,2019,-0.021180557596156526,244
interaction__tsmom_20__oi_surprise_20,1,2020,-0.020017955885710304,243
interaction__tsmom_20__oi_surprise_20,1,2021,-0.013980931627117719,243
interaction__tsmom_20__oi_surprise_20,1,2022,-0.015762315458023007,242
interaction__tsmom_20__oi_surprise_20,1,2023,-0.0036487324073164753,242
interaction__tsmom_20__oi_surprise_20,1,2024,-0.0297685389524933,241
interaction__tsmom_20__oi_surprise_20,5,2018,-0.01416125775427606,243
interaction__tsmom_20__oi_surprise_20,5,2019,0.0019197466060100318,244
interaction__tsmom_20__oi_surprise_20,5,2020,-0.047110938471709704,243
interaction__tsmom_20__oi_surprise_20,5,2021,-0.005816247591059111,243
interaction__tsmom_20__oi_surprise_20,5,2022,-0.003775347920357528,242
interaction__tsmom_20__oi_surprise_20,5,2023,-0.0032561431894023644,242
interaction__tsmom_20__oi_surprise_20,5,2024,-0.05097177830031493,237
interaction__tsmom_20__oi_surprise_20,20,2018,-0.005218601148784204,243
interaction__tsmom_20__oi_surprise_20,20,2019,0.0005361292811829851,244
interaction__tsmom_20__oi_surprise_20,20,2020,-0.04347406714234053,243
interaction__tsmom_20__oi_surprise_20,20,2021,0.0041133953134941895,243
interaction__tsmom_20__oi_surprise_20,20,2022,-0.011582001778179349,242
interaction__tsmom_20__oi_surprise_20,20,2023,0.0011527960359995963,242
interaction__tsmom_20__oi_surprise_20,20,2024,-0.005685997454629266,222
