feature_name,coefficient_mean,coefficient_std,mean_abs_coefficient,positive_share,folds,sign_consistency,source_factor,usage_type,category,correlation_cluster,cluster_representative
inventory_price_divergence__missing,-0.04944292329776112,0.06732113303464107,0.04944292329776112,0.0,6,1.0,inventory_price_divergence,quality_flag,data_quality,23,inventory_change_5__missing
tsmom_60__csz,-0.035598833932089465,0.009701143047937394,0.03559883393208946,0.0,6,1.0,tsmom_60,predictor,trend_momentum,1,tsmom_60__csz
inventory_change_5__missing,0.03265447972527232,0.043232645583989815,0.03265447972527232,1.0,6,1.0,inventory_change_5,quality_flag,data_quality,23,inventory_change_5__missing
carry_change_20__missing,-0.03085147998239375,0.002113318422850273,0.030851479982393754,0.0,6,1.0,carry_change_20,quality_flag,data_quality,10,carry_change_20__missing
basis_momentum_20__csz,-0.026852776842478873,0.004202478718263273,0.026852776842478873,0.0,6,1.0,basis_momentum_20,predictor,basis_spot,14,basis_momentum_20__csz
vol_managed_momentum__csz,0.02349011327300746,0.002061097283559151,0.02349011327300746,1.0,6,1.0,vol_managed_momentum,predictor,trend_momentum,51,vol_managed_momentum__csz
volume_price_divergence_20__missing,0.02238157668858065,0.020972164030985868,0.02238157668858065,1.0,6,1.0,volume_price_divergence_20,quality_flag,data_quality,33,price_oi_interaction_20__missing
low_volatility_20__csz,-0.020861653995400437,0.013683855509357565,0.020861653995400433,0.0,6,1.0,low_volatility_20,risk,volatility_risk,38,realized_volatility_20__csz
inventory_acceleration__missing,0.01895708269672788,0.022364239335210853,0.01895708269672788,1.0,6,1.0,inventory_acceleration,quality_flag,data_quality,23,inventory_change_5__missing
momentum_quality_60__csz,0.01726427781156237,0.005837296003438117,0.01726427781156237,1.0,6,1.0,momentum_quality_60,predictor,trend_momentum,50,momentum_quality_60__csz
basis_fresh__csz,0.013732550505581495,0.0051606535380567245,0.013732550505581491,1.0,6,1.0,basis_fresh,predictor,basis_spot,11,basis_fresh__csz
fundamental_composite_news__missing,-0.013228357783812985,0.007301295553579672,0.013228357783812985,0.0,6,1.0,fundamental_composite_news,quality_flag,data_quality,12,basis_fresh__missing
carry_annualized__missing,0.013090096389120497,0.0010431289020854657,0.013090096389120497,1.0,6,1.0,carry_annualized,quality_flag,data_quality,8,carry_annualized__missing
realized_volatility_20__csz,-0.004881846362124019,0.014770023278630522,0.0128313575782837,0.5,6,0.5,realized_volatility_20,risk,volatility_risk,38,realized_volatility_20__csz
seasonality_3y__csz,-0.01258086832803256,0.005079026894756561,0.01258086832803256,0.0,6,1.0,seasonality_3y,predictor,value_reversion,40,seasonality_3y__csz
realized_skewness_60__csz,-0.012352849781934253,0.002162745928711613,0.012352849781934254,0.0,6,1.0,realized_skewness_60,risk,volatility_risk,39,realized_skewness_60__csz
price_oi_interaction_20__missing,-0.012129811075299854,0.018422732041221353,0.012129811075299854,0.0,6,1.0,price_oi_interaction_20,quality_flag,data_quality,33,price_oi_interaction_20__missing
volume_shock_20__missing,-0.01179509128932485,0.0016221478059388712,0.01179509128932485,0.0,6,1.0,volume_shock_20,quality_flag,data_quality,35,volume_shock_20__missing
information_divergence__missing,0.01165697586496648,0.013030942117386519,0.01165697586496648,1.0,6,1.0,information_divergence,quality_flag,data_quality,29,tightness_composite__missing
value_252__missing,-0.011386464934652294,0.0037157261309952562,0.011386464934652292,0.0,6,1.0,value_252,quality_flag,data_quality,18,value_252__missing
term_structure_momentum__csz,0.0110798874351723,0.0022221785657985066,0.0110798874351723,1.0,6,1.0,term_structure_momentum,predictor,term_structure,55,term_structure_momentum__csz
warehouse_tightness__csz,0.010749631991516939,0.0019728051536033134,0.010749631991516939,1.0,6,1.0,warehouse_tightness,predictor,inventory_fundamental,26,warehouse_tightness__csz
term_structure_slope__csz,0.010502987641428159,0.003456221349120923,0.01050298764142816,1.0,6,1.0,term_structure_slope,predictor,term_structure,54,term_structure_slope__csz
inventory_scarcity__csz,0.010415685369687086,0.0017434263404103494,0.010415685369687086,1.0,6,1.0,inventory_scarcity,predictor,inventory_fundamental,20,inventory_scarcity__csz
tightness_composite__csz,-0.00954721970666854,0.004820296247479947,0.00954721970666854,0.0,6,1.0,tightness_composite,predictor,inventory_fundamental,28,tightness_composite__csz
basis_fresh__missing,0.009444562081583964,0.003501802881185988,0.009444562081583964,1.0,6,1.0,basis_fresh,quality_flag,data_quality,12,basis_fresh__missing
fundamental_underreaction__missing,-0.0008400122128273084,0.010368998549550574,0.00886845416687902,0.3333333333333333,6,0.6666666666666667,fundamental_underreaction,quality_flag,data_quality,12,basis_fresh__missing
oi_growth_20__missing,0.008649916211251935,0.003946275490250884,0.008649916211251935,1.0,6,1.0,oi_growth_20,quality_flag,data_quality,31,oi_growth_20__missing
carry_change_20__csz,-0.008501471686377068,0.0030659672759811296,0.008501471686377068,0.0,6,1.0,carry_change_20,predictor,term_structure,9,carry_change_20__csz
sector_relative_value_60__csz,0.0017866969445819389,0.009797550454387285,0.008486500741279174,0.5,6,0.5,sector_relative_value_60,predictor,industry_chain,42,sector_relative_value_60__csz
csmom_60__csz,-0.008315323676813704,0.003249042132564151,0.008315323676813704,0.0,6,1.0,csmom_60,predictor,trend_momentum,3,csmom_60__csz
idiosyncratic_volatility_60__missing,0.00804646196880664,0.003740649853634339,0.008046461968806639,1.0,6,1.0,idiosyncratic_volatility_60,quality_flag,data_quality,53,idiosyncratic_volatility_60__missing
curve_curvature__csz,0.008005373419283366,0.004079408836290522,0.008005373419283366,1.0,6,1.0,curve_curvature,predictor,term_structure,15,curve_curvature__csz
short_reversal_5__csz,0.00772905101952765,0.0019411624659617373,0.007729051019527648,1.0,6,1.0,short_reversal_5,predictor,value_reversion,19,short_reversal_5__csz
information_consistency__csz,0.007322988943118422,0.004622978795369364,0.007322988943118423,1.0,6,1.0,information_consistency,predictor,information_news,28,tightness_composite__csz
inventory_scarcity__missing,-0.006943584306700868,0.0019155510004064476,0.006943584306700866,0.0,6,1.0,inventory_scarcity,quality_flag,data_quality,21,inventory_scarcity__missing
seasonality_3y__missing,-0.006856037439030763,0.00170270705915581,0.006856037439030763,0.0,6,1.0,seasonality_3y,quality_flag,data_quality,41,seasonality_3y__missing
momentum_carry_interaction__missing,0.006797403659231079,0.0012476025154026984,0.006797403659231077,1.0,6,1.0,momentum_carry_interaction,quality_flag,data_quality,64,momentum_carry_interaction__missing
volume_price_divergence_20__csz,0.006748072856982347,0.003802838265013543,0.006748072856982346,1.0,6,1.0,volume_price_divergence_20,predictor,trading_liquidity,62,volume_price_divergence_20__csz
nonlinear_tightness__csz,-0.006137931843101855,0.0048680102978936185,0.00663894825065989,0.16666666666666666,6,0.8333333333333334,nonlinear_tightness,predictor,factor_interaction,28,tightness_composite__csz
idiosyncratic_volatility_60__csz,-0.0064396581219996205,0.003550828116091726,0.0064396581219996205,0.0,6,1.0,idiosyncratic_volatility_60,risk,volatility_risk,52,idiosyncratic_volatility_60__csz
fundamental_underreaction__csz,0.006413606386704352,0.0034698085825430524,0.006413606386704354,1.0,6,1.0,fundamental_underreaction,predictor,information_news,46,fundamental_underreaction__csz
oi_surprise_60__missing,0.006357340787022874,0.0012295962769044131,0.0063573407870228735,1.0,6,1.0,oi_surprise_60,quality_flag,data_quality,31,oi_growth_20__missing
volume_shock_20__csz,-0.005807054123014359,0.0053153700255277325,0.006098504683531527,0.16666666666666666,6,0.8333333333333334,volume_shock_20,conditional,trading_liquidity,34,volume_shock_20__csz
basis_shock_20__missing,0.006005500877309971,0.0011846342665009306,0.006005500877309972,1.0,6,1.0,basis_shock_20,quality_flag,data_quality,12,basis_fresh__missing
amihud_20__missing,-0.0028441843937548512,0.008004178119028428,0.005830787412228093,0.6666666666666666,6,0.6666666666666666,amihud_20,quality_flag,data_quality,33,price_oi_interaction_20__missing
information_divergence__csz,0.00485789812971684,0.004466746798289579,0.0057278669594498675,0.8333333333333334,6,0.8333333333333334,information_divergence,predictor,information_news,47,information_divergence__csz
correlation_risk_20_120__csz,-0.0042066846540668714,0.0064805620530870925,0.005373847190035944,0.3333333333333333,6,0.6666666666666667,correlation_risk_20_120,risk,volatility_risk,65,correlation_risk_20_120__csz
turnover_oi__csz,-0.0044003244214887985,0.005573618890160077,0.0053161850514764734,0.3333333333333333,6,0.6666666666666667,turnover_oi,conditional,trading_liquidity,37,turnover_oi__csz
term_structure_acceleration__csz,0.005237091507982986,0.0019047337459398525,0.005237091507982985,1.0,6,1.0,term_structure_acceleration,predictor,term_structure,57,term_structure_acceleration__csz
correlation_risk_20_120__missing,0.005040246200456729,0.001657094024729107,0.005040246200456729,1.0,6,1.0,correlation_risk_20_120,quality_flag,data_quality,6,multi_horizon_trend__missing
multi_horizon_trend__missing,0.00504024620045667,0.0016570940247289808,0.005040246200456671,1.0,6,1.0,multi_horizon_trend,quality_flag,data_quality,6,multi_horizon_trend__missing
oi_surprise_60__csz,-0.0048806567638276345,0.0021534535044689463,0.0048806567638276345,0.0,6,1.0,oi_surprise_60,conditional,trading_liquidity,61,oi_surprise_60__csz
multi_horizon_trend__csz,-0.004654553191387258,0.0015126043627191302,0.004654553191387258,0.0,6,1.0,multi_horizon_trend,predictor,trend_momentum,5,multi_horizon_trend__csz
warehouse_surprise__csz,0.004427137963180615,0.0032718211185487713,0.004427137963180615,1.0,6,1.0,warehouse_surprise,predictor,information_news,48,warehouse_surprise__csz
basis_momentum_20__missing,0.004291042016876862,0.0008780193238257576,0.004291042016876862,1.0,6,1.0,basis_momentum_20,quality_flag,data_quality,12,basis_fresh__missing
warehouse_tightness__missing,0.00211638272445651,0.004330476508251557,0.0037505014749635193,0.6666666666666666,6,0.6666666666666666,warehouse_tightness,quality_flag,data_quality,27,warehouse_tightness__missing
carry_annualized__csz,0.0028989893758648547,0.00387385986135216,0.0034108780550611635,0.6666666666666666,6,0.6666666666666666,carry_annualized,predictor,term_structure,7,carry_annualized__csz
inventory_surprise__missing,0.0030062073104753333,0.0008136344436213675,0.0030062073104753333,1.0,6,1.0,inventory_surprise,quality_flag,data_quality,25,inventory_surprise__missing
oi_growth_20__csz,0.0018053744288543609,0.0028560280257936485,0.002887505573673206,0.6666666666666666,6,0.6666666666666666,oi_growth_20,conditional,trading_liquidity,30,oi_growth_20__csz
warehouse_surprise__missing,0.0027105443982320186,0.0024758594187824414,0.0028617604370060443,0.8333333333333334,6,0.8333333333333334,warehouse_surprise,quality_flag,data_quality,49,warehouse_surprise__missing
amihud_20__csz,0.0022865337126048873,0.0037671623375450385,0.002861577296241393,0.6666666666666666,6,0.6666666666666666,amihud_20,risk,trading_liquidity,36,amihud_20__csz
inventory_price_divergence__csz,-0.001209639825053644,0.0037994497193345883,0.0028489494928497813,0.6666666666666666,6,0.6666666666666666,inventory_price_divergence,predictor,information_news,22,inventory_change_5__csz
information_consistency__missing,0.00012008422140639876,0.0033031963758038906,0.0027263876646499937,0.6666666666666666,6,0.6666666666666666,information_consistency,quality_flag,data_quality,29,tightness_composite__missing
nonlinear_tightness__missing,0.00012008422140709048,0.0033031963758031247,0.002726387664649501,0.6666666666666666,6,0.6666666666666666,nonlinear_tightness,quality_flag,data_quality,29,tightness_composite__missing
tightness_composite__missing,0.00012008422140709048,0.0033031963758031247,0.002726387664649501,0.6666666666666666,6,0.6666666666666666,tightness_composite,quality_flag,data_quality,29,tightness_composite__missing
trend_efficiency_60__csz,-0.0025012717306899072,0.0019976325341892493,0.0026939067708944575,0.16666666666666666,6,0.8333333333333334,trend_efficiency_60,predictor,trend_momentum,4,trend_efficiency_60__csz
momentum_carry_interaction__csz,-0.0003669748237935203,0.0030102384326887305,0.00263399114594713,0.5,6,0.5,momentum_carry_interaction,predictor,factor_interaction,63,momentum_carry_interaction__csz
basis_surprise__missing,-0.0012745317635680352,0.0034678459113846112,0.0025646449651984143,0.5,6,0.5,basis_surprise,quality_flag,data_quality,12,basis_fresh__missing
fundamental_composite_news__csz,-0.002557639699681239,0.001496144785009148,0.002557639699681239,0.0,6,1.0,fundamental_composite_news,predictor,information_news,45,fundamental_composite_news__csz
term_structure_momentum__missing,0.0015696208353487909,0.002457751365877389,0.002505756138166388,0.8333333333333334,6,0.8333333333333334,term_structure_momentum,quality_flag,data_quality,56,term_structure_momentum__missing
inventory_surprise__csz,0.0014726488742300003,0.002494115868611875,0.002457406890020072,0.6666666666666666,6,0.6666666666666666,inventory_surprise,predictor,information_news,24,inventory_surprise__csz
factor_momentum__tsz,-0.0022932843082873783,0.0005630215494270263,0.0022932843082873783,0.0,6,1.0,factor_momentum,conditional,meta_factor,43,factor_momentum__tsz
csmom_60__missing,-0.0021344407484345314,0.0004307085522110284,0.0021344407484345314,0.0,6,1.0,csmom_60,quality_flag,data_quality,2,tsmom_60__missing
tsmom_60__missing,-0.0021344407484345314,0.0004307085522110284,0.0021344407484345314,0.0,6,1.0,tsmom_60,quality_flag,data_quality,2,tsmom_60__missing
vol_managed_momentum__missing,-0.0021344407484345314,0.0004307085522110284,0.0021344407484345314,0.0,6,1.0,vol_managed_momentum,quality_flag,data_quality,2,tsmom_60__missing
sector_relative_value_60__missing,-0.0021344407484345314,0.0004307085522110284,0.0021344407484345314,0.0,6,1.0,sector_relative_value_60,quality_flag,data_quality,2,tsmom_60__missing
realized_skewness_60__missing,-0.0021344407484336007,0.0004307085522095693,0.0021344407484336007,0.0,6,1.0,realized_skewness_60,quality_flag,data_quality,2,tsmom_60__missing
momentum_quality_60__missing,-0.0021344407484336007,0.0004307085522095693,0.0021344407484336007,0.0,6,1.0,momentum_quality_60,quality_flag,data_quality,2,tsmom_60__missing
trend_efficiency_60__missing,-0.0021344407484336007,0.0004307085522095693,0.0021344407484336007,0.0,6,1.0,trend_efficiency_60,quality_flag,data_quality,2,tsmom_60__missing
basis_shock_20__csz,0.0009690573339892311,0.0024762023170701026,0.002083001717159463,0.6666666666666666,6,0.6666666666666666,basis_shock_20,predictor,basis_spot,13,basis_shock_20__csz
inventory_acceleration__csz,0.0014646403655331128,0.0015795182652729985,0.001895811676432337,0.8333333333333334,6,0.8333333333333334,inventory_acceleration,predictor,inventory_fundamental,60,inventory_acceleration__csz
inventory_change_5__csz,0.0013489226235882848,0.0023970770419981945,0.001864912732473728,0.6666666666666666,6,0.6666666666666666,inventory_change_5,predictor,inventory_fundamental,22,inventory_change_5__csz
basis_surprise__csz,0.0006275417473350979,0.0025291013781137198,0.0018434153116898995,0.5,6,0.5,basis_surprise,predictor,basis_spot,59,basis_surprise__csz
realized_volatility_20__missing,0.001356739785595113,0.0022706390049553665,0.0017375379437003157,0.8333333333333334,6,0.8333333333333334,realized_volatility_20,quality_flag,data_quality,33,price_oi_interaction_20__missing
low_volatility_20__missing,0.001356739785595113,0.0022706390049553665,0.0017375379437003157,0.8333333333333334,6,0.8333333333333334,low_volatility_20,quality_flag,data_quality,33,price_oi_interaction_20__missing
term_structure_acceleration__missing,0.0016809690910976267,0.0009038488163896135,0.0016809690910976267,1.0,6,1.0,term_structure_acceleration,quality_flag,data_quality,58,term_structure_acceleration__missing
value_252__csz,-0.00037039094970002864,0.0019995953745106675,0.0015661190360676117,0.3333333333333333,6,0.6666666666666667,value_252,predictor,value_reversion,17,value_252__csz
curve_curvature__missing,-0.0014792513649193534,0.0010780303904263729,0.001542091415466835,0.16666666666666666,6,0.8333333333333334,curve_curvature,quality_flag,data_quality,16,curve_curvature__missing
term_structure_slope__missing,-0.001479251364918688,0.001078030390426651,0.001542091415466187,0.16666666666666666,6,0.8333333333333334,term_structure_slope,quality_flag,data_quality,16,curve_curvature__missing
price_oi_interaction_20__csz,-0.0006119434207757832,0.0016845590510385924,0.001496441142976415,0.3333333333333333,6,0.6666666666666667,price_oi_interaction_20,predictor,trading_liquidity,32,price_oi_interaction_20__csz
factor_momentum__missing,-4.508934351816436e-05,0.0006818622800000403,0.0005367645346974532,0.5,6,0.5,factor_momentum,quality_flag,data_quality,44,factor_momentum__missing
