factor_no,factor_id,factor_name,category,protocol_role,usage_type,economic_meaning,formula,expected_direction,data_source,implementation_status,unavailable_reason,binary,available,development_coverage,development_missing_rate,development_unique_values,development_observations,development_instruments,event_feature,raw_available_date,ml_inclusion_rule,factor_name_metric,category_metric,protocol_role_metric,usage_type_metric,economic_meaning_metric,expected_direction_metric,orientation,coverage,ic_observations,ic_mean,rank_ic,ic_std,ic_ir,rank_ic_hit_rate,p_ic_gt_002,p_ic_lt_neg002,rank_ic_t_stat,rank_ic_p_value,factor_return,annual_return,annual_volatility,sharpe,max_drawdown,calmar,turnover,t_stat,p_value,annual_return_0bps,sharpe_0bps,annual_return_3bps,sharpe_3bps,annual_return_5bps,sharpe_5bps,annual_return_10bps,sharpe_10bps,monotonicity,group_return_spread,rank_ic_fdr_q,portfolio_fdr_q,screening_class,enters_ml,ml_inclusion_note,positive_year_rate,yearly_rank_ic_std,delayed_1d_rank_ic,feature_name,correlation_cluster,cluster_representative,max_abs_feature_correlation,evaluated_products,positive_product_rate,median_product_rank_ic,evaluated_sectors,positive_sector_rate,median_sector_rank_ic
1,tsmom_60,时间序列动量,trend_momentum,core,predictor,波动率调整后的中期趋势延续,log_return_60/(vol_60*sqrt(60)),positive,实际主力合约收益,computed,,False,True,0.9605489819547598,0.039451018045240205,67964,68028,30,False,2015-04-07,pre_registered_and_data_quality_pass,时间序列动量,trend_momentum,core,predictor,波动率调整后的中期趋势延续,positive,1.0,0.9986192295300778,1456,-0.0039132653006652,-0.0063572619574032985,0.27869527282199086,-0.014041376665777512,0.49313186813186816,0.4690934065934066,0.47458791208791207,-0.508916309441378,0.6108880490377413,-0.1781188134993288,-0.03329090004694024,0.10035842994674175,-0.2868127602214259,-0.2516550887181287,-0.13228780795379974,0.5449771689497717,-0.7010248581276304,0.48384768182707794,-0.0199114785885256,-0.15001757756768458,-0.027960677925843336,-0.23210708395026802,-0.03329090004694024,-0.2868127602214259,-0.046491860928786766,-0.4234925741494253,0.0,-0.0005145114524364438,0.7377402398014862,0.9819821207204991,E 暂不使用因子,True,机器学习接口采用预注册与数据质量硬门；统计结果只作研究报告，不用于回看式选特征,0.3333333333333333,0.026097562600141663,-0.005343921865329754,tsmom_60__csz,1.0,tsmom_60__csz,0.8984494128756622,30,0.36666666666666664,-0.035758714037684804,4,0.75,0.005899568677187038
2,csmom_60,横截面动量,trend_momentum,core,predictor,同日商品过去收益相对强弱,cross_sectional_rank(log_return_60),positive,实际主力合约收益,computed,,False,True,0.9617068142667533,0.03829318573324669,152,68110,30,False,2015-04-07,pre_registered_and_data_quality_pass,横截面动量,trend_momentum,core,predictor,同日商品过去收益相对强弱,positive,1.0,0.9986192295300778,1456,-0.004270487408388322,-0.008009846604534358,0.3006080478751404,-0.014206164600630048,0.4993131868131868,0.48695054945054944,0.4642857142857143,-0.5897101254310863,0.5554765649927509,-0.16471748377126538,-0.030588362180576367,0.11217403090679368,-0.2206255560344429,-0.23358550777529608,-0.1309514553017633,0.5034246575342466,-0.5572281411514998,0.5777999051857059,-0.01820534800015494,-0.10752178311150695,-0.025653555156248453,-0.17538294438788563,-0.030588362180576367,-0.2206255560344429,-0.04281891510086466,-0.3337297965220525,-0.49999999999999994,-0.0002963227359113964,0.7300549139904725,0.9819821207204991,E 暂不使用因子,True,机器学习接口采用预注册与数据质量硬门；统计结果只作研究报告，不用于回看式选特征,0.3333333333333333,0.025606888148807922,-0.006238631258239474,csmom_60__csz,3.0,csmom_60__csz,0.8757615755851609,30,0.3333333333333333,-0.02048108626185694,4,0.75,0.018182435651043754
3,trend_efficiency_60,趋势效率,trend_momentum,core,predictor,价格路径的单向和平滑程度,"abs(log_return_60)/sum(abs(daily_log_return),60)",positive,实际主力合约收益,computed,,False,True,0.9605489819547598,0.039451018045240205,67965,68028,30,False,2015-04-07,pre_registered_and_data_quality_pass,趋势效率,trend_momentum,core,predictor,价格路径的单向和平滑程度,positive,1.0,0.9986192295300778,1456,0.009209263950323439,0.0054115810555764405,0.2571903865095078,0.03580718577901818,0.5096153846153846,0.4855769230769231,0.45123626373626374,0.48820893402478366,0.62547542070126,-0.024856511569405382,-0.0043350995669333425,0.0879689089528173,-0.005544055673997218,-0.22089565931280852,-0.01962510073950545,0.9062785388127854,-0.01369185041390513,0.98908520741993,0.01866499675114719,0.25410276926399694,0.004803351389908839,0.09830921056590429,-0.0043350995669333425,-0.005544055673997218,-0.026827153093379796,-0.26508793179279916,0.39999999999999997,0.0005163496017093021,0.7377402398014862,0.9890852074199301,E 暂不使用因子,True,机器学习接口采用预注册与数据质量硬门；统计结果只作研究报告，不用于回看式选特征,0.6666666666666666,0.02373709081042517,0.004768345505800178,trend_efficiency_60__csz,4.0,trend_efficiency_60__csz,0.17571216218945443,30,0.6,0.007523746588535039,4,0.75,0.005933902940173583
4,multi_horizon_trend,多周期趋势一致性,trend_momentum,core,predictor,20/60/120日趋势方向一致程度,"mean(sign(return_20),sign(return_60),sign(return_120))",positive,实际主力合约收益,computed,,False,True,0.9327468865606733,0.06725311343932672,5,66059,30,False,2015-07-02,pre_registered_and_data_quality_pass,多周期趋势一致性,trend_momentum,core,predictor,20/60/120日趋势方向一致程度,positive,1.0,0.9972384590601555,1456,-0.004630988099875482,-0.009074816878535641,0.2536115789731036,-0.018260160354770766,0.49725274725274726,0.46565934065934067,0.4800824175824176,-0.7710052427679075,0.4408290058137352,-0.12457178170792171,-0.022701781395717435,0.08213548480970619,-0.23850510857129104,-0.2278348517650094,-0.09964139033097634,0.7141552511415525,-0.6106903386451416,0.5418812746142689,-0.0049535064232372195,-0.01938030680685114,-0.015639893599953658,-0.1508181216985036,-0.022701781395717435,-0.23850510857129104,-0.04014068779915836,-0.4578901210801091,-0.3,-0.00010460865279183183,0.6541333634655425,0.9819821207204991,E 暂不使用因子,True,机器学习接口采用预注册与数据质量硬门；统计结果只作研究报告，不用于回看式选特征,0.3333333333333333,0.02809097671600295,-0.006215875593174125,multi_horizon_trend__csz,5.0,multi_horizon_trend__csz,0.6187356705832221,30,0.4666666666666667,-0.003401661389238474,4,0.75,0.005805176994220214
5,carry_annualized,Carry因子,term_structure,core,predictor,完整可交易曲线最近两个合约之间的年化期限结构补偿,log(curve_near/curve_middle)*365/maturity_gap,positive,完整实际合约曲线、收盘价、持仓量、成交量与到期日,computed,,False,True,0.9819688797266386,0.0180311202733614,68130,69545,30,False,2015-01-05,pre_registered_and_data_quality_pass,Carry因子,term_structure,core,predictor,完整可交易曲线最近两个合约之间的年化期限结构补偿,positive,1.0,0.9992635890827082,1456,0.030439382505273352,0.02968780975130743,0.2932014271757846,0.10381730675213892,0.5473901098901099,0.510989010989011,0.4381868131868132,2.3516569918025354,0.018822720528117724,0.20851567620814704,0.03322991149589516,0.09809106428019598,0.3823279222665927,-0.27414523459112383,0.12121280001622566,0.4688356164383561,0.8478812260149786,0.3972009658003136,0.04550137926740416,0.5027734169072618,0.03812153316451794,0.43050914637879667,0.03322991149589516,0.3823279222665927,0.02109908342250666,0.26186702929648903,0.9999999999999999,0.0018815810791505039,0.17316902885868307,0.9819821207204991,B 辅助预测因子,True,机器学习接口采用预注册与数据质量硬门；统计结果只作研究报告，不用于回看式选特征,0.8333333333333334,0.042133198753779015,0.02863481048159288,carry_annualized__csz,7.0,carry_annualized__csz,0.6994149572231179,30,0.6333333333333333,0.020891942501695383,4,0.75,0.018698748561026234
6,carry_change_20,Carry变化,term_structure,core,predictor,期限结构二十日边际变化,carry_t-carry_t-20,positive,主力与次近月收盘价、到期日,computed,,False,True,0.9645166756092739,0.0354833243907261,68253,68309,30,False,2015-02-02,pre_registered_and_data_quality_pass,Carry变化,term_structure,core,predictor,期限结构二十日边际变化,positive,1.0,0.9976526902011322,1456,-0.02613974610564311,-0.008796278362500104,0.24687335128603735,-0.10588322299459756,0.4800824175824176,0.42994505494505497,0.5054945054945055,-0.9154438009518966,0.3601103823782784,-0.3297983404870012,-0.06674012718898337,0.08742988268762689,-0.7457656768191919,-0.382739755078779,-0.1743746927340911,0.8828767123287672,-1.896705202634881,0.05885699587348733,-0.04570726039747253,-0.4920075139763251,-0.058381948221642554,-0.6443619874938696,-0.06674012718898337,-0.7457656768191919,-0.08731944883197973,-0.9986452136785012,-0.3,-0.0016818792252773778,0.6541333634655425,0.9497988885483094,E 暂不使用因子,True,机器学习接口采用预注册与数据质量硬门；统计结果只作研究报告，不用于回看式选特征,0.3333333333333333,0.020726242919652197,-0.009163495967811883,carry_change_20__csz,9.0,carry_change_20__csz,0.44660637350035265,30,0.4666666666666667,-0.003409281986816553,4,0.25,-0.004566283760525816
7,basis_fresh,基差,basis_spot,extension,predictor,新鲜现货相对主力期货的强弱,(fresh_spot-main_close)/main_close,positive,现货价格、观察日、主力收盘价,computed,,False,True,0.8078280760215752,0.19217192397842475,54013,57212,27,False,2015-01-06,pre_registered_and_data_quality_pass,基差,basis_spot,extension,predictor,新鲜现货相对主力期货的强弱,positive,1.0,0.7452938739816818,1208,0.03329662307359992,0.03089087336184375,0.273139332759503,0.12190343564658751,0.5513245033112583,0.5182119205298014,0.41804635761589404,2.499451681336237,0.012570540832539213,0.3623471892340644,0.06651600336017371,0.09273900158034203,0.7411426256898672,-0.13123857587239518,0.506832712241925,0.6173553719008265,1.7248717760663053,0.08583263021673723,0.08322185247499769,0.909498616772838,0.07316793360834906,0.8084683191865867,0.06651600336017371,0.7411426256898672,0.05006182338482579,0.5729501061972297,0.7,0.003046890965629246,0.17316902885868307,0.9497988885483094,B 辅助预测因子,True,机器学习接口采用预注册与数据质量硬门；统计结果只作研究报告，不用于回看式选特征,0.6666666666666666,0.08148206733035854,0.030367444110375917,basis_fresh__csz,11.0,basis_fresh__csz,0.5521188690156008,27,0.7777777777777778,0.05323975311741271,3,1.0,0.022805918867753933
8,basis_shock_20,基差冲击,basis_spot,extension,predictor,基差日变化相对历史条件分布的异常,zscore(delta_basis; prior_20),positive,现货价格、观察日、主力收盘价,computed,,False,True,0.7957273163706193,0.20427268362938067,56355,56355,27,False,2015-01-21,pre_registered_and_data_quality_pass,基差冲击,basis_spot,extension,predictor,基差日变化相对历史条件分布的异常,positive,1.0,0.7388732912965434,1198,0.003103479042371166,0.0011683518252807378,0.24128997405794816,0.012862030652072743,0.501669449081803,0.4699499165275459,0.4590984974958264,0.1886906536771765,0.8503672627166182,-0.12807844251976286,-0.02848847486855166,0.08109633864550143,-0.31625921977132215,-0.21323555690280582,-0.13360095887543227,1.6033472803347282,-0.7218681340979809,0.4710841658032626,0.011582066402487712,0.1820702902667605,-0.012650390335686157,-0.11699693885243327,-0.02848847486855166,-0.31625921977132215,-0.06700285561132602,-0.8139159426272511,0.3,0.0003143730771698974,0.9092559251085767,0.9819821207204991,E 暂不使用因子,True,机器学习接口采用预注册与数据质量硬门；统计结果只作研究报告，不用于回看式选特征,0.5,0.042079450590445974,-0.00031948061702034977,basis_shock_20__csz,13.0,basis_shock_20__csz,0.4937067263183487,27,0.6666666666666666,0.011236444675940547,3,0.6666666666666666,0.00682425126919473
9,basis_momentum_20,基差动量,basis_spot,extension,predictor,新鲜可用基差的二十日边际变化,basis_t-basis_t-20,positive,延迟一交易日可用的现货与主力收盘价,computed,,False,True,0.7920279009347377,0.20797209906526226,56080,56093,27,False,2015-02-03,pre_registered_and_data_quality_pass,基差动量,basis_spot,extension,predictor,新鲜可用基差的二十日边际变化,positive,1.0,0.7385511115202283,1198,-0.01128469314836251,-0.005176050963283342,0.3025055351666128,-0.0373040881455183,0.48831385642737896,0.46327212020033387,0.48580968280467446,-0.4045087835900217,0.6859108879010101,-0.08781735063205054,-0.019117063636485354,0.09329217469594384,-0.16025589914346744,-0.19650291633688077,-0.09728641178898044,0.9816666666666668,-0.309011780301406,0.7575817713608995,0.0054516167682543415,0.104855119712252,-0.009360900591657617,-0.05417834159996363,-0.019117063636485354,-0.16025589914346744,-0.0430980116414873,-0.42559915605824955,-0.09999999999999999,-0.00017204766325384967,0.7695585571572309,0.9819821207204991,E 暂不使用因子,True,机器学习接口采用预注册与数据质量硬门；统计结果只作研究报告，不用于回看式选特征,0.5,0.12135456151304856,-0.002338135407062181,basis_momentum_20__csz,14.0,basis_momentum_20__csz,0.6349277164701939,27,0.48148148148148145,-0.00025887097094270066,3,0.6666666666666666,0.007715862250297741
10,curve_curvature,期限结构曲率,term_structure,core,predictor,曲线第二个合约相对第一和第三个合约线性插值的弯曲程度,"2*(log(middle)-interpolate(log(near),log(far)))",mixed,通过流动性和期限硬门的前三个实际合约,computed,,False,True,0.807842195927819,0.19215780407218097,57095,57213,30,False,2015-01-05,pre_registered_and_data_quality_pass,期限结构曲率,term_structure,core,predictor,曲线第二个合约相对第一和第三个合约线性插值的弯曲程度,mixed,1.0,0.9271183320292723,1456,-0.00038980897759247405,-0.007624356910516679,0.23887723406794578,-0.0016318381243546948,0.48695054945054944,0.4635989010989011,0.47870879120879123,-0.7966984027650151,0.4257561882044889,-0.27465407063925573,-0.05391596113345509,0.07656970418729822,-0.6852864075427413,-0.3296719092027838,-0.16354429852344793,0.796917808219178,-1.7796747824437646,0.07617273718690452,-0.03470741992254178,-0.4228769813121616,-0.0462777639988009,-0.5803195642163677,-0.05391596113345509,-0.6852864075427413,-0.07275102154420288,-0.9476320649975003,-0.39999999999999997,-0.0016204018901594436,0.6541333634655425,0.9497988885483094,E 暂不使用因子,True,机器学习接口采用预注册与数据质量硬门；统计结果只作研究报告，不用于回看式选特征,0.3333333333333333,0.03948563056828413,-0.009550147970925812,curve_curvature__csz,15.0,curve_curvature__csz,0.5262275607364006,30,0.36666666666666664,-0.024467912103820315,4,0.75,0.002353704213820139
11,value_252,价值因子,value_reversion,extension,predictor,价格相对一年滚动历史锚点的反向偏离,-(log_price-rolling_mean_252)/rolling_std_252,positive,主力收盘价,computed,,False,True,0.9447488068679224,0.0552511931320776,66909,66909,30,False,2015-07-10,pre_registered_and_data_quality_pass,价值因子,value_reversion,extension,predictor,价格相对一年滚动历史锚点的反向偏离,positive,1.0,0.9971003820131633,1456,0.004517833749817861,0.012332508813361395,0.2768512247075624,0.016318633788201743,0.5082417582417582,0.46703296703296704,0.47596153846153844,0.9225640193143754,0.3563874070527806,-0.15565562992598803,-0.028781192843543968,0.10125244667902195,-0.23800735971983558,-0.23095570727003867,-0.1246178030573297,0.4013698630136986,-0.585324753071999,0.5587829865507965,-0.018903597588136978,-0.13809227705260096,-0.024841846377889443,-0.19803888527113092,-0.028781192843543968,-0.23800735971983558,-0.038561793566821434,-0.33793569589119093,0.19999999999999998,-0.000690616888705533,0.6541333634655425,0.9819821207204991,E 暂不使用因子,True,机器学习接口采用预注册与数据质量硬门；统计结果只作研究报告，不用于回看式选特征,0.6666666666666666,0.025741955380716962,0.009260954231566913,value_252__csz,17.0,value_252__csz,0.6617445441988241,30,0.6333333333333333,0.02232772092949381,4,0.0,-0.013832194698726576
12,short_reversal_5,短期反转,value_reversion,extension,predictor,过去五日过度反应后的修复,-log_return_5,positive,实际主力合约收益,computed,,False,True,0.993547202846573,0.006452797153426948,69915,70365,30,False,2015-01-12,pre_registered_and_data_quality_pass,短期反转,value_reversion,extension,predictor,过去五日过度反应后的修复,positive,1.0,0.9998849357941731,1456,0.021287255308753222,0.017891617866053602,0.30389898002017185,0.07004714299251759,0.5260989010989011,0.49793956043956045,0.448489010989011,1.624896321890735,0.10440122975497076,-0.04900653485763096,-0.008635456056684587,0.10732512590522186,-0.02713604475292599,-0.2451596676662865,-0.035223803894363435,1.575228310502283,-0.06682457105728423,0.9467672504143145,0.03151565678964152,0.34305405067461686,0.007237869828548016,0.12085697213209685,-0.008635456056684587,-0.02713604475292599,-0.047254572717413956,-0.39658764998430246,0.3,0.001057308359022491,0.482868666373629,0.9890852074199301,E 暂不使用因子,True,机器学习接口采用预注册与数据质量硬门；统计结果只作研究报告，不用于回看式选特征,0.8333333333333334,0.017028966391916405,0.013815609092151179,short_reversal_5__csz,19.0,short_reversal_5__csz,0.31650806270664456,30,0.6666666666666666,0.016908239501563817,4,0.75,0.015188709249398559
13,inventory_scarcity,库存稀缺因子,inventory_fundamental,extension,predictor,库存相对历史同期的稀缺程度,-seasonal_z(stock_current),positive,库存、观察日与数据年龄,computed,,False,True,0.2287142413374375,0.7712857586625625,14533,16198,8,False,2016-01-19,pre_registered_and_data_quality_pass,库存稀缺因子,inventory_fundamental,extension,predictor,库存相对历史同期的稀缺程度,positive,1.0,0.2663276108068302,1409,-0.009518083918729343,-0.004236121609454895,0.36853195145264445,-0.02582702498714659,0.48403122782114977,0.47267565649396737,0.4868701206529453,-0.25593723553293213,0.7980366874627359,0.013177051214412927,0.002293549258499672,0.13621383667372958,0.08426241055989492,-0.2397725380111413,0.009565521045588214,0.2708333333333333,0.2274281000626602,0.8202527974148598,0.009195763291420134,0.13464217063736234,0.005049264605313075,0.1043917949780743,0.002293549258499672,0.08426241055989492,-0.004565692387835996,0.03408194546885148,-0.49999999999999994,-0.0007882700978201422,0.874040181506806,0.9819821207204991,E 暂不使用因子,True,机器学习接口采用预注册与数据质量硬门；统计结果只作研究报告，不用于回看式选特征,0.5,0.04126462013336125,-0.006765781176964179,inventory_scarcity__csz,20.0,inventory_scarcity__csz,0.3308424183938058,8,0.75,0.04371475648479205,1,0.0,-0.00434437569591486
14,inventory_change_5,库存变化因子,inventory_fundamental,extension,predictor,五日库存下降所表示的边际趋紧,-delta_5(stock_current),positive,库存、观察日与数据年龄,computed,,False,True,0.33897658919544776,0.6610234108045523,2937,24007,10,False,2015-01-19,pre_registered_and_data_quality_pass,库存变化因子,inventory_fundamental,extension,predictor,五日库存下降所表示的边际趋紧,positive,1.0,0.333686196897869,1450,0.011656852447438302,0.019492241759307978,0.3060904666796507,0.03808303007240724,0.5096551724137931,0.47448275862068967,0.4724137931034483,1.3794973303051035,0.16795431873865357,0.34831117209537577,0.05293638317468674,0.09426201486431826,0.594504000554291,-0.17109884650744123,0.30939064906194147,1.1284246575342465,1.3318970447193896,0.18393625120046517,0.08328841389393449,0.8978811109172323,0.0649762628439603,0.7157484883537827,0.05293638317468674,0.594504000554291,0.023414938210334357,0.2921682541972411,0.8999999999999998,0.00326526267254801,0.482868666373629,0.9819821207204991,E 暂不使用因子,True,机器学习接口采用预注册与数据质量硬门；统计结果只作研究报告，不用于回看式选特征,0.8333333333333334,0.031332406006809366,0.018090596953447113,inventory_change_5__csz,22.0,inventory_change_5__csz,0.9288627433537843,8,0.875,0.051146480448294146,1,1.0,0.020109901444897684
15,inventory_surprise,库存意外／库存新息,information_news,extension,predictor,库存相对仅用历史信息形成的条件预期的标准化意外,-innovation_z(stock_current; prior_60),positive,库存、观察日与数据年龄,computed,,False,True,0.05347208494535596,0.9465279150546441,3769,3787,8,True,2015-02-09,pre_registered_and_data_quality_pass,库存意外／库存新息,information_news,extension,predictor,库存相对仅用历史信息形成的条件预期的标准化意外,positive,1.0,0.055345883002715514,252,-0.02893707580875147,-0.018235071806500386,0.3912679452802713,-0.0739571849874474,0.45634920634920634,0.44047619047619047,0.5158730158730159,-0.802734540069142,0.422887617691146,-0.10502861668452046,-0.13359172303977895,0.1833714399132528,-0.687693232203765,-0.148119641912847,-0.9019176748913813,1.1282051282051282,-0.7323030885508645,0.46847653005167744,-0.10851159157582635,-0.5330462266930339,-0.12364308145165126,-0.6258771745048765,-0.13359172303977895,-0.687693232203765,-0.15798542123465265,-0.8419413617968757,-0.3,-0.006119478278758789,0.6541333634655425,0.9819821207204991,E 暂不使用因子,True,机器学习接口采用预注册与数据质量硬门；统计结果只作研究报告，不用于回看式选特征,0.5,0.06734799355488592,0.005864678832500331,inventory_surprise__csz,24.0,inventory_surprise__csz,0.20481831988315524,8,0.625,0.0029337523401868465,1,1.0,0.012504639636631032
16,warehouse_tightness,仓单紧张因子,inventory_fundamental,extension,predictor,注册仓单相对历史同期的紧张程度,-seasonal_z(warehouse_receipt),positive,注册仓单及观察日,computed,,False,True,0.8148315495185112,0.18516845048148878,55161,57708,30,False,2016-01-12,pre_registered_and_data_quality_pass,仓单紧张因子,inventory_fundamental,extension,predictor,注册仓单相对历史同期的紧张程度,positive,1.0,0.9401205872877065,1435,0.022812907236857,0.02389732372107973,0.21462710177651492,0.10629089731925574,0.5428571428571428,0.5149825783972125,0.418815331010453,2.4953187982015343,0.012696094854676137,0.2490075125567377,0.03967807092582998,0.07749127025411075,0.5408573798923363,-0.07268778556269673,0.5458698544558869,0.5201967592592592,1.6345535841589978,0.10323900962481625,0.05338528265886011,0.7100239257100208,0.045139940401276446,0.6085330563214034,0.03967807092582998,0.5408573798923363,0.026144971605070788,0.3716446707491109,0.09999999999999999,0.0022831459450273267,0.17316902885868307,0.9497988885483094,B 辅助预测因子,True,机器学习接口采用预注册与数据质量硬门；统计结果只作研究报告，不用于回看式选特征,0.8333333333333334,0.025295148141337025,0.02457810056993574,warehouse_tightness__csz,26.0,warehouse_tightness__csz,0.6232334881208775,30,0.8,0.028245537586237247,4,0.75,0.023818365010031893
17,tightness_composite,供需紧张度,inventory_fundamental,extension,predictor,仓单、库存、基差和Carry的等权看多方向组合,"mean(-inventory_z,-warehouse_z,basis_z,carry_z)",positive,库存、仓单、现货、期限结构,computed,,False,True,0.7056140747225439,0.2943859252774561,49973,49973,28,False,2016-01-12,pre_registered_and_data_quality_pass,供需紧张度,inventory_fundamental,extension,predictor,仓单、库存、基差和Carry的等权看多方向组合,positive,1.0,0.7803884567588715,1386,0.009412294320924193,0.017734765323679333,0.29232170803350205,0.03219841038916439,0.5245310245310245,0.4971139971139971,0.4494949494949495,1.4113695946321725,0.1583602602549387,-0.016175021315918636,-0.0028897818465067893,0.08792367364722609,0.01102086810400057,-0.17573452106557053,-0.016444019245533133,0.5132042253521126,0.027792837422602395,0.9778469671722123,0.010098137869659185,0.15829532312343356,0.002285776152481933,0.06989092943306578,-0.0028897818465067893,0.01102086810400057,-0.01571521501031259,-0.1358900847920189,0.8999999999999998,0.0007384640608424338,0.482868666373629,0.9890852074199301,E 暂不使用因子,True,机器学习接口采用预注册与数据质量硬门；统计结果只作研究报告，不用于回看式选特征,0.6666666666666666,0.042625069092251784,0.017050708561989654,tightness_composite__csz,28.0,tightness_composite__csz,0.9403283729647399,28,0.75,0.035165009202896044,3,0.6666666666666666,0.020866955291481793
18,oi_growth_20,持仓量增长,trading_liquidity,core,conditional,未平仓合约数量的二十日增长,log(OI_t)-log(OI_t-20),mixed,主力持仓量,computed,,False,True,0.9869814464431956,0.013018553556804369,69314,69900,30,False,2015-02-02,pre_registered_and_data_quality_pass,持仓量增长,trading_liquidity,core,conditional,未平仓合约数量的二十日增长,mixed,1.0,0.9995397431766926,1456,0.008077072056978694,0.015169755258203852,0.21574770910699206,0.03743757971016587,0.5192307692307693,0.47115384615384615,0.448489010989011,1.5138258245729594,0.13028720225852872,0.04601357288608132,0.007794989772302863,0.07604233561737421,0.1400183507782359,-0.20873628118872045,0.037343722557054364,0.9697488584474887,0.370038056304457,0.7116233032474544,0.03271075434084869,0.4608355629671476,0.017689882823604286,0.26844210324294765,0.007794989772302863,0.1400183507782359,-0.01653210904347313,-0.18154204142684843,0.7999999999999999,0.0013525371153439627,0.482868666373629,0.9819821207204991,C 条件变量,True,机器学习接口采用预注册与数据质量硬门；统计结果只作研究报告，不用于回看式选特征,0.6666666666666666,0.02415779511237689,0.015701297367069742,oi_growth_20__csz,30.0,oi_growth_20__csz,0.29842997029034557,30,0.7,0.017568687554228413,4,0.5,-0.01568330787465534
19,price_oi_interaction_20,价格—持仓量交互,trading_liquidity,core,predictor,价格方向和新增持仓方向的联合变化,log_return_20*oi_growth_20,mixed,实际主力合约收益、持仓量,computed,,False,True,0.9805427691960126,0.019457230803987424,69267,69444,30,False,2015-02-02,pre_registered_and_data_quality_pass,价格—持仓量交互,trading_liquidity,core,predictor,价格方向和新增持仓方向的联合变化,mixed,1.0,0.9995397431766926,1456,0.0017932465961055318,0.005470515119067148,0.2629855095768548,0.006818803815430272,0.5096153846153846,0.47458791208791207,0.4642857142857143,0.5384890655552622,0.5903218202204588,0.0577129248334165,0.00973160715778798,0.08326839557189457,0.15766240179788626,-0.14581946778359356,0.06673736576950326,1.0873287671232876,0.3862057428141254,0.6996265187641021,0.037767090406771286,0.48653068164373997,0.020855703307421924,0.28924692333145374,0.00973160715778798,0.15766240179788626,-0.01756216909744024,-0.17144494904631252,0.19999999999999998,0.0014058053470122494,0.7377402398014862,0.9819821207204991,E 暂不使用因子,True,机器学习接口采用预注册与数据质量硬门；统计结果只作研究报告，不用于回看式选特征,0.6666666666666666,0.023677941695968145,0.0053691425466781345,price_oi_interaction_20__csz,32.0,price_oi_interaction_20__csz,0.1783250002312701,30,0.5,0.0005566565094850434,4,0.5,0.008809780799615849
20,hedging_pressure,套保压力,trading_liquidity,core,predictor,商业交易者净持仓压力,(commercial_long-commercial_short)/OI,mixed,可靠交易者分类持仓,unavailable,data_final_raw没有商业/非商业交易者分类持仓,False,False,0.0,1.0,0,0,0,False,,unavailable_required_data_missing,套保压力,trading_liquidity,core,predictor,商业交易者净持仓压力,mixed,1.0,0.0,0,,,,,,,,,,,,,,,,,,,,,,,,,,,,,,,F 数据不足无法判断,False,机器学习接口采用预注册与数据质量硬门；统计结果只作研究报告，不用于回看式选特征,,,,,,,,0,,,0,,
21,volume_shock_20,成交量冲击,trading_liquidity,core,conditional,成交量相对历史正常水平的异常,zscore(log_volume; prior_20),mixed,主力成交量,computed,,False,True,0.9831549518511197,0.016845048148880326,69628,69629,30,False,2015-01-19,pre_registered_and_data_quality_pass,成交量冲击,trading_liquidity,core,conditional,成交量相对历史正常水平的异常,mixed,1.0,0.9997468587471809,1456,0.00786855937198913,0.006454360928272613,0.2236910552084214,0.03517601257975066,0.5123626373626373,0.47527472527472525,0.45054945054945056,0.7783046153238817,0.4365160007700396,-0.20106968145840953,-0.03800510037711635,0.07639204415378166,-0.46887951312506365,-0.21102965814550478,-0.18009364518285798,1.4340182648401827,-1.2126787665113252,0.22623621275638833,-0.002587431024258402,0.004171422062546574,-0.0239883683833213,-0.27968823263785825,-0.03800510037711635,-0.46887951312506365,-0.0721899937702537,-0.9415897843754814,0.49999999999999994,4.130852585206143e-05,0.6541333634655425,0.9819821207204991,C 条件变量,True,机器学习接口采用预注册与数据质量硬门；统计结果只作研究报告，不用于回看式选特征,0.6666666666666666,0.019997063536726683,0.0076200163735454475,volume_shock_20__csz,34.0,volume_shock_20__csz,0.42653813484005376,30,0.5333333333333333,0.004292197904937008,4,0.25,-0.003916827429703386
22,amihud_20,Amihud非流动性,trading_liquidity,core,risk,单位成交额对应的绝对价格变动,"mean(abs(return)/amount,20)",negative,实际主力合约收益、成交额,computed,,False,True,0.9751348451046286,0.024865154895371444,69041,69061,30,False,2015-02-02,pre_registered_and_data_quality_pass,Amihud非流动性,trading_liquidity,core,risk,单位成交额对应的绝对价格变动,negative,-1.0,0.9990794863533852,1456,0.013828430021534681,0.011819530195533083,0.23607602717489456,0.0585761722061259,0.5274725274725275,0.49313186813186816,0.4381868131868132,1.1544385351126145,0.24850999606908186,0.09690314968263203,0.016092289511247193,0.08728577252924397,0.22655088576057766,-0.26350535311280643,0.06107006677909157,0.19246575342465755,0.5554937503176601,0.5789837738908985,0.021027595721467174,0.2819909704596002,0.01806363828516755,0.24873411025596973,0.016092289511247193,0.22655088576057766,0.011180048808546061,0.17105407154395327,0.49999999999999994,0.0007808543763059941,0.5715729909588882,0.9819821207204991,D 风险变量,True,机器学习接口采用预注册与数据质量硬门；统计结果只作研究报告，不用于回看式选特征,0.6666666666666666,0.031896969133595014,0.01209277412647793,amihud_20__csz,36.0,amihud_20__csz,0.2380612558465907,30,0.26666666666666666,-0.016187228388043533,4,0.75,0.014077432799113014
23,turnover_oi,成交量—持仓量换手率,trading_liquidity,core,conditional,相对存量持仓的交易活跃程度,volume/open_interest,mixed,主力成交量、持仓量,computed,,False,True,0.9961311456891926,0.0038688543108074125,69839,70548,30,False,2015-01-05,pre_registered_and_data_quality_pass,成交量—持仓量换手率,trading_liquidity,core,conditional,相对存量持仓的交易活跃程度,mixed,1.0,1.0,1456,0.008883541847042946,0.007567449582485879,0.2740729209629959,0.03241305932679997,0.5068681318681318,0.5,0.4416208791208791,0.6785963458862556,0.49750157282875673,0.08079335841214497,0.0135007556001423,0.08549805774200073,0.19949708633644436,-0.1445643189732294,0.09338926573328503,0.6110730593607306,0.5125136993043258,0.6086803206750049,0.02921929985089111,0.37941751993392553,0.019759830956065816,0.2714903652295698,0.0135007556001423,0.19949708633644436,-0.001983211910069782,0.019394815086628478,0.6,0.0010756280721481689,0.6730903632389061,0.9819821207204991,C 条件变量,True,机器学习接口采用预注册与数据质量硬门；统计结果只作研究报告，不用于回看式选特征,0.6666666666666666,0.03383924219888041,0.007907249290838244,turnover_oi__csz,37.0,turnover_oi__csz,0.5012127866149094,30,0.6666666666666666,0.020072783028259135,4,0.75,0.018359607869471023
24,realized_volatility_20,已实现波动率,volatility_risk,extension,risk,过去二十日收益波动风险,"std(log_return,20)*sqrt(252)",mixed,实际主力合约收益,computed,,False,True,0.9839597865070175,0.016040213492982458,69418,69686,30,False,2015-02-02,pre_registered_and_data_quality_pass,已实现波动率,volatility_risk,extension,risk,过去二十日收益波动风险,mixed,1.0,0.9995397431766926,1456,0.013468917612196577,0.012610900947719663,0.34421705685691173,0.03912914059280769,0.5123626373626373,0.489010989010989,0.47115384615384615,0.8294974394779064,0.40695904971227015,-0.01995951979226418,-0.0034738653131244357,0.126284866998609,0.035814874008859444,-0.21455480106786662,-0.016191039752243085,0.35593607305936076,0.09271386620863613,0.9261946768875164,0.005505046765274635,0.10683415604954423,0.00010828323459399769,0.0642239767638314,-0.0034738653131244357,0.035814874008859444,-0.012374619250211993,-0.03521319177754139,0.6,0.0006358473638653276,0.6541333634655425,0.9890852074199301,D 风险变量,True,机器学习接口采用预注册与数据质量硬门；统计结果只作研究报告，不用于回看式选特征,0.8333333333333334,0.03584783528581694,0.011773759926613385,realized_volatility_20__csz,38.0,realized_volatility_20__csz,0.9113938181118868,30,0.7,0.011683313863736543,4,0.75,0.022186286208752917
25,low_volatility_20,低波动因子,volatility_risk,extension,risk,横截面低波动品种得分更高,-cross_sectional_rank(realized_volatility_20),positive,实际主力合约收益,computed,,False,True,0.9839597865070175,0.016040213492982458,152,69686,30,False,2015-02-02,pre_registered_and_data_quality_pass,低波动因子,volatility_risk,extension,risk,横截面低波动品种得分更高,positive,1.0,0.9995397431766926,1456,-0.01875898368943552,-0.012610900947719663,0.318118104187249,-0.058968613991216626,0.4876373626373626,0.45604395604395603,0.4993131868131868,-0.8294974394779064,0.40695904971227015,-0.16140432551882788,-0.029925759503011573,0.12630580366521685,-0.1778386584872214,-0.24714777074784566,-0.12108448080457723,0.35593607305936076,-0.4600371653650416,0.6458330800315365,-0.021177961095196207,-0.10683415604954423,-0.026435821893279865,-0.14943901454904115,-0.029925759503011573,-0.1778386584872214,-0.038597346712417546,-0.2488223921894444,-0.6,-0.0006358473638653276,0.6541333634655425,0.9819821207204991,D 风险变量,True,机器学习接口采用预注册与数据质量硬门；统计结果只作研究报告，不用于回看式选特征,0.16666666666666666,0.03584783528581694,-0.011773759926613385,low_volatility_20__csz,38.0,realized_volatility_20__csz,0.9113938181118868,30,0.5666666666666667,0.009022148211400736,4,0.25,-0.022186286208752917
26,realized_skewness_60,已实现偏度,volatility_risk,extension,risk,过去六十日收益分布非对称性,"skew(log_return,60)",mixed,实际主力合约收益,computed,,False,True,0.9617068142667533,0.03829318573324669,67967,68110,30,False,2015-04-07,pre_registered_and_data_quality_pass,已实现偏度,volatility_risk,extension,risk,过去六十日收益分布非对称性,mixed,1.0,0.9986192295300778,1456,-0.007280681162724325,-0.013230962793681246,0.2217438356678736,-0.03283374773776927,0.4608516483516483,0.4416208791208791,0.4958791208791209,-1.2674624232823672,0.20519279968078077,-0.18497426171681985,-0.03468750633605866,0.0811463832361567,-0.39441468535490387,-0.2749279061799659,-0.12616946318047634,0.459703196347032,-1.0281893266219342,0.3047146419824837,-0.023438655123709462,-0.25140953986054904,-0.030203172795456812,-0.3371853937187404,-0.03468750633605866,-0.39441468535490387,-0.04581027853566555,-0.5376166546530177,-0.7999999999999999,-0.0008161926574686011,0.5243815991842175,0.9819821207204991,D 风险变量,True,机器学习接口采用预注册与数据质量硬门；统计结果只作研究报告，不用于回看式选特征,0.3333333333333333,0.02023174855546869,-0.014017233860815841,realized_skewness_60__csz,39.0,realized_skewness_60__csz,0.2222036782194125,30,0.6666666666666666,0.017765169228981026,4,0.0,-0.01233260704864775
27,seasonality_3y,季节性因子,value_reversion,extension,predictor,过去三年近似同期五日收益的平均,mean(trailing_return_5 shifted 252/504/756),mixed,实际主力合约历史收益,computed,,False,True,0.6709214650814719,0.3290785349185281,47505,47516,30,False,2018-02-12,pre_registered_and_data_quality_pass,季节性因子,value_reversion,extension,predictor,过去三年近似同期五日收益的平均,mixed,1.0,0.9632484926589037,1456,-0.015139552492444463,-0.014321118532737322,0.2642476227626161,-0.05729305086708353,0.4842032967032967,0.45604395604395603,0.49244505494505497,-1.4167854813538912,0.1567597226236594,-0.19519182389776968,-0.03678719747326986,0.08872561498104102,-0.37800706958693947,-0.2261688173316453,-0.1626537110963733,1.6252283105022831,-1.0067851889225214,0.31487442803359356,0.003494583888538516,0.08355563023490342,-0.020868209185084585,-0.19333551413468913,-0.03678719747326986,-0.37800706958693947,-0.07548379988179765,-0.8398705369901762,-0.09999999999999999,0.000394144785215516,0.482868666373629,0.9819821207204991,E 暂不使用因子,True,机器学习接口采用预注册与数据质量硬门；统计结果只作研究报告，不用于回看式选特征,0.3333333333333333,0.031402323641103784,-0.020265844063773054,seasonality_3y__csz,40.0,seasonality_3y__csz,0.0538593629884507,30,0.3333333333333333,-0.019516047193712253,4,0.25,-0.01596184393007249
28,industry_chain_residual,产业链残差,industry_chain,extension,predictor,相对明确上下游和替代品关系的状态偏离,x-E[x|industry_neighbors],mixed,产业链邻接关系与传导系数,unavailable,未提供经确认的产业链邻接表和生产传导系数,False,False,0.0,1.0,0,0,0,False,,unavailable_required_data_missing,产业链残差,industry_chain,extension,predictor,相对明确上下游和替代品关系的状态偏离,mixed,1.0,0.0,0,,,,,,,,,,,,,,,,,,,,,,,,,,,,,,,F 数据不足无法判断,False,机器学习接口采用预注册与数据质量硬门；统计结果只作研究报告，不用于回看式选特征,,,,,,,,0,,,0,,
29,sector_relative_value_60,相对价值残差,industry_chain,extension,predictor,品种六十日收益相对板块共同收益的偏离,return_60-sector_mean_return_60,negative,实际主力合约收益、固定板块映射,computed,,False,True,0.9617068142667533,0.03829318573324669,67659,68110,30,False,2015-04-07,pre_registered_and_data_quality_pass,相对价值残差,industry_chain,extension,predictor,品种六十日收益相对板块共同收益的偏离,negative,-1.0,0.9986192295300778,1456,-0.012176713179171078,-0.010771322165785281,0.278819708270351,-0.04367235463629498,0.47596153846153844,0.4368131868131868,0.49793956043956045,-0.8944707415919334,0.37121801251332975,-0.23065263501056632,-0.044249736460153954,0.08748416461281042,-0.4735563573999015,-0.29151489139201536,-0.15179237070482623,0.485958904109589,-1.0656186820657545,0.28747939328739414,-0.032461785951246935,-0.3336533161713024,-0.03955146662244746,-0.4176075035859418,-0.044249736460153954,-0.4735563573999015,-0.05589753103089423,-0.613338991048995,-0.49999999999999994,-0.0012008556881309418,0.6541333634655425,0.9819821207204991,E 暂不使用因子,True,机器学习接口采用预注册与数据质量硬门；统计结果只作研究报告，不用于回看式选特征,0.16666666666666666,0.012046552016555263,-0.014401472058834002,sector_relative_value_60__csz,42.0,sector_relative_value_60__csz,0.7874897733865349,30,0.5333333333333333,0.006428284748726053,4,0.25,-0.018182435651043754
30,market_state_conditional,状态条件因子,state_interaction,extension,conditional,市场状态概率调节基础因子,factor*p_market_state,mixed,实时市场状态概率,unavailable,当前协议未定义和冻结市场状态概率引擎,False,False,0.0,1.0,0,0,0,False,,unavailable_required_data_missing,状态条件因子,state_interaction,extension,conditional,市场状态概率调节基础因子,mixed,1.0,0.0,0,,,,,,,,,,,,,,,,,,,,,,,,,,,,,,,F 数据不足无法判断,False,机器学习接口采用预注册与数据质量硬门；统计结果只作研究报告，不用于回看式选特征,,,,,,,,0,,,0,,
31,product_state_interaction,单品种状态交互因子,state_interaction,extension,conditional,品种自身状态调节基础因子,factor*product_state,mixed,实时单品种状态,unavailable,当前协议未定义和冻结单品种状态引擎,False,False,0.0,1.0,0,0,0,False,,unavailable_required_data_missing,单品种状态交互因子,state_interaction,extension,conditional,品种自身状态调节基础因子,mixed,1.0,0.0,0,,,,,,,,,,,,,,,,,,,,,,,,,,,,,,,F 数据不足无法判断,False,机器学习接口采用预注册与数据质量硬门；统计结果只作研究报告，不用于回看式选特征,,,,,,,,0,,,0,,
32,factor_momentum,因子动量,meta_factor,extension,conditional,四个冻结基础因子组合最近二十日已实现收益的持续性,rolling_sum_20(mean(lagged_factor_portfolio_return)),mixed,严格滞后一期的动量、Carry、反转和板块相对价值组合收益,computed,,False,True,0.9738499336364407,0.02615006636355932,2361,68970,30,False,2015-04-21,pre_registered_and_data_quality_pass,因子动量,meta_factor,extension,conditional,四个冻结基础因子组合最近二十日已实现收益的持续性,mixed,1.0,1.0,1456,,,,,0.0,0.0,0.0,,,,,,,,,,,,,,,,,,,,,,,,C 条件变量,True,机器学习接口采用预注册与数据质量硬门；统计结果只作研究报告，不用于回看式选特征,0.0,,,factor_momentum__tsz,43.0,factor_momentum__tsz,0.09528952525535951,30,0.36666666666666664,-0.016765095720307707,0,,
33,fundamental_composite_news,基本面综合新息代理,information_news,extension,predictor,库存、仓单和基差中至少两类历史模型意外的统一方向组合,"mean(inventory_surprise,warehouse_surprise,basis_surprise)",positive,延迟一交易日可用的库存、仓单和现货；不是市场一致预期,computed,,False,True,0.7881025669989551,0.2118974330010449,55815,55815,28,True,2015-02-03,pre_registered_and_data_quality_pass,基本面综合新息代理,information_news,extension,predictor,库存、仓单和基差中至少两类历史模型意外的统一方向组合,positive,1.0,0.7439821420352557,1200,0.006272280478237456,0.004933777401597188,0.21965945818382349,0.02855456591806967,0.5116666666666667,0.49083333333333334,0.45416666666666666,0.46324966720008837,0.6432694918648331,-0.052428139433500665,-0.011245318899223644,0.06699164652679657,-0.1354850452780785,-0.1183787186491656,-0.09499442997479098,0.8656250000000001,-0.30913823690736075,0.7574856984018962,0.010567511721246037,0.19039586389353375,-0.0025760224543797117,-0.005240473022184089,-0.011245318899223644,-0.1354850452780785,-0.03259734994223351,-0.4603784551368295,0.3,0.00046122506449817265,0.739759915644558,0.9819821207204991,E 暂不使用因子,True,机器学习接口采用预注册与数据质量硬门；统计结果只作研究报告，不用于回看式选特征,0.3333333333333333,0.05021104895884027,0.0030219705036891396,fundamental_composite_news__csz,45.0,fundamental_composite_news__csz,0.6874768127327799,28,0.75,0.031239555501316775,3,0.6666666666666666,0.018831328892878155
34,fundamental_underreaction,基本面反应不足代理,information_news,extension,predictor,模型隐含基本面新息扣除首个可交易日价格反应后的未吸收部分,fundamental_composite_news-cs_z(initial_price_response),positive,基本面综合新息代理与主力收益；不是市场一致预期,computed,,False,True,0.787947248030273,0.21205275196972695,55804,55804,28,True,2015-02-03,pre_registered_and_data_quality_pass,基本面反应不足代理,information_news,extension,predictor,模型隐含基本面新息扣除首个可交易日价格反应后的未吸收部分,positive,1.0,0.7439821420352557,1200,0.01705149086722055,0.013901460392126388,0.27016675686715896,0.06311468910886313,0.5133333333333333,0.4816666666666667,0.465,1.5634905164021284,0.11820114529008564,0.1443439445986925,0.028719283738754875,0.08708216435484967,0.36837842715414193,-0.1364053818287524,0.21054362631241316,1.390625,0.8708504726012921,0.38470967518527843,0.06538136932204397,0.7711774426871002,0.043233416754392406,0.5294593699564336,0.028719283738754875,0.36837842715414193,-0.006706398181339335,-0.03402196879802224,0.6,0.0024093885676228556,0.482868666373629,0.9819821207204991,E 暂不使用因子,True,机器学习接口采用预注册与数据质量硬门；统计结果只作研究报告，不用于回看式选特征,0.6666666666666666,0.022317431640309776,0.005293812451278081,fundamental_underreaction__csz,46.0,fundamental_underreaction__csz,0.6790593485741632,28,0.7142857142857143,0.026716374659332052,3,0.6666666666666666,0.0256216994161572
35,information_consistency,信息一致性,information_news,extension,predictor,仓单、库存、基差和Carry方向一致时放大的综合信号,mean(z_k)*abs(mean(sign(z_k))),positive,库存、仓单、基差、Carry,computed,,False,True,0.7056140747225439,0.2943859252774561,46995,49973,28,False,2016-01-12,pre_registered_and_data_quality_pass,信息一致性,information_news,extension,predictor,仓单、库存、基差和Carry方向一致时放大的综合信号,positive,1.0,0.7803884567588715,1386,0.005183880633936247,0.017480349326117348,0.2886634239815343,0.01795821778330967,0.5353535353535354,0.49927849927849927,0.4588744588744589,1.386285108132485,0.16588298506481627,0.0037987187744443762,0.0006730880484768775,0.08592891544315596,0.05071991533734081,-0.18146386082266608,0.0037092126521800764,0.5843309859154929,0.12312058633147066,0.9020990018046435,0.015519704997441153,0.22220195591074768,0.00658618284607293,0.11929337756713193,0.0006730880484768775,0.05071991533734081,-0.01396197742980032,-0.12055954717170303,0.49999999999999994,0.00041944367829889516,0.482868666373629,0.9890852074199301,E 暂不使用因子,True,机器学习接口采用预注册与数据质量硬门；统计结果只作研究报告，不用于回看式选特征,0.6666666666666666,0.041187359289308334,0.016537744260855563,information_consistency__csz,28.0,tightness_composite__csz,0.9042524258232566,28,0.7142857142857143,0.03150947513997415,3,0.6666666666666666,0.023484661568081284
36,information_divergence,信息背离,information_news,extension,predictor,供需基本面信号相对价格趋势的未反映差异,tightness_z-tsmom_z,positive,供需紧张度与实际主力合约收益,computed,,False,True,0.704879839597865,0.29512016040213496,49863,49921,28,False,2016-01-12,pre_registered_and_data_quality_pass,信息背离,information_news,extension,predictor,供需基本面信号相对价格趋势的未反映差异,positive,1.0,0.7803884567588715,1386,0.0178969657012755,0.024617402786926743,0.28542331375608465,0.06270323704730645,0.5447330447330447,0.5007215007215007,0.45165945165945165,1.9409638450832682,0.05246532078838926,0.15359812633165904,0.02568143830264047,0.0865705751695619,0.336279969578056,-0.14367966248319353,0.1787409425856946,0.648943661971831,0.8644166464997898,0.38809113942438966,0.04258413211106249,0.5252947455190665,0.03241019101424358,0.41188433772075134,0.02568143830264047,0.336279969578056,0.009046174195100232,0.1473217819651831,0.8999999999999998,0.0017884426427272515,0.3447721080379865,0.9819821207204991,B 辅助预测因子,True,机器学习接口采用预注册与数据质量硬门；统计结果只作研究报告，不用于回看式选特征,0.6666666666666666,0.03314782520386844,0.020858200244223503,information_divergence__csz,47.0,information_divergence__csz,0.7249701252677223,28,0.7142857142857143,0.03788649338717985,3,0.6666666666666666,0.007593953614562216
37,cost_transmission_gap,成本传导缺口,industry_chain,extension,predictor,上游成本冲击相对下游价格变化的未传导部分,sum(a_ij*upstream_return)-downstream_return,mixed,上下游关系与生产配比,unavailable,未提供经确认的产业链邻接表和实际生产配比,False,False,0.0,1.0,0,0,0,False,,unavailable_required_data_missing,成本传导缺口,industry_chain,extension,predictor,上游成本冲击相对下游价格变化的未传导部分,mixed,1.0,0.0,0,,,,,,,,,,,,,,,,,,,,,,,,,,,,,,,F 数据不足无法判断,False,机器学习接口采用预注册与数据质量硬门；统计结果只作研究报告，不用于回看式选特征,,,,,,,,0,,,0,,
38,processing_margin_anomaly,加工利润异常,industry_chain,extension,predictor,加工利润相对历史季节正常水平的异常,seasonal_z(output-sum(a*input)-other_cost),mixed,产出投入价格、生产配比和其他成本,unavailable,缺少经确认的生产配比和其他成本序列,False,False,0.0,1.0,0,0,0,False,,unavailable_required_data_missing,加工利润异常,industry_chain,extension,predictor,加工利润相对历史季节正常水平的异常,mixed,1.0,0.0,0,,,,,,,,,,,,,,,,,,,,,,,,,,,,,,,F 数据不足无法判断,False,机器学习接口采用预注册与数据质量硬门；统计结果只作研究报告，不用于回看式选特征,,,,,,,,0,,,0,,
39,warehouse_surprise,仓单新息,information_news,extension,predictor,注册仓单相对历史条件预期的标准化意外,-innovation_z(warehouse_receipt; prior_60),positive,注册仓单及观察日,computed,,False,True,0.9441698907119257,0.0558301092880743,63217,66868,30,True,2015-02-03,pre_registered_and_data_quality_pass,仓单新息,information_news,extension,predictor,注册仓单相对历史条件预期的标准化意外,positive,1.0,0.9686565103327657,1438,-0.0008595273939469159,0.0015367999099760187,0.2048402212050289,-0.004196087022804944,0.4860917941585535,0.4694019471488178,0.4631432545201669,0.16403957407836908,0.8697230587995081,-0.05085788761877741,-0.009092837677416199,0.07356052642400694,-0.08762496927768533,-0.1565708449045463,-0.05807490968679171,0.652199074074074,-0.23475712946421334,0.8145646415552092,0.007330986135402284,0.13585392784835276,-0.002554959837910542,0.0017461736927212844,-0.009092837677416199,-0.08762496927768533,-0.025254819126885986,-0.3108917625898954,0.39999999999999997,0.0003564994855484872,0.9092559251085767,0.9819821207204991,E 暂不使用因子,True,机器学习接口采用预注册与数据质量硬门；统计结果只作研究报告，不用于回看式选特征,0.6666666666666666,0.020486140760690396,0.0008797346953460894,warehouse_surprise__csz,48.0,warehouse_surprise__csz,0.6874768127327799,30,0.6666666666666666,0.02600477473808607,4,0.5,0.024885987912830306
40,transmission_residual,产业链传导残差,industry_chain,extension,predictor,剥离上游滞后冲击和板块共同收益后的残差,r_i-sum(beta*lagged_upstream_return)-beta_sector*r_sector,mixed,产业链邻接、滞后与板块收益,unavailable,未提供经确认的产业链邻接和传导滞后,False,False,0.0,1.0,0,0,0,False,,unavailable_required_data_missing,产业链传导残差,industry_chain,extension,predictor,剥离上游滞后冲击和板块共同收益后的残差,mixed,1.0,0.0,0,,,,,,,,,,,,,,,,,,,,,,,,,,,,,,,F 数据不足无法判断,False,机器学习接口采用预注册与数据质量硬门；统计结果只作研究报告，不用于回看式选特征,,,,,,,,0,,,0,,
41,momentum_quality_60,动量质量因子,trend_momentum,core,predictor,以趋势效率过滤中期动量路径噪声,tsmom_60*trend_efficiency_60,positive,实际主力合约收益,computed,,False,True,0.9605489819547598,0.039451018045240205,67965,68028,30,False,2015-04-07,pre_registered_and_data_quality_pass,动量质量因子,trend_momentum,core,predictor,以趋势效率过滤中期动量路径噪声,positive,1.0,0.9986192295300778,1456,-0.0032931437591892823,-0.006469185777251913,0.278354969467157,-0.011830734567064518,0.4965659340659341,0.46291208791208793,0.47870879120879123,-0.5189130752373904,0.6039002721759341,-0.14977518395924228,-0.027617046391350653,0.10008543059870045,-0.22946682513441438,-0.2438700781723181,-0.11324491548256488,0.5455479452054794,-0.5623506342739947,0.5743100713030905,-0.014147100230486598,-0.09212893239892334,-0.022250774678606144,-0.17454126322143895,-0.027617046391350653,-0.22946682513441438,-0.04090720484813515,-0.36671174945286045,0.0,-0.00033857719878835953,0.7377402398014862,0.9819821207204991,E 暂不使用因子,True,机器学习接口采用预注册与数据质量硬门；统计结果只作研究报告，不用于回看式选特征,0.3333333333333333,0.025776367900318738,-0.005547676742878554,momentum_quality_60__csz,50.0,momentum_quality_60__csz,0.8984494128756622,30,0.36666666666666664,-0.034584963121559356,4,0.75,0.004261495287695234
42,vol_managed_momentum,波动率管理动量,trend_momentum,core,predictor,按短期风险缩放中期趋势方向,sign(return_60)/volatility_20,positive,实际主力合约收益,computed,,False,True,0.9600265454237383,0.03997345457626167,67955,67991,30,False,2015-04-07,pre_registered_and_data_quality_pass,波动率管理动量,trend_momentum,core,predictor,按短期风险缩放中期趋势方向,positive,1.0,0.9986192295300778,1456,-0.002145820552735881,-0.0002557742934743167,0.19706021112016045,-0.010889161949732381,0.5116758241758241,0.46565934065934067,0.4539835164835165,-0.025432831257741862,0.9797132115196512,0.05865919738328729,0.009887469567767981,0.0672928167923666,0.17963046278056632,-0.14875303143534213,0.06646902905011201,0.6445205479452053,0.45105458375911583,0.6522861354112385,0.026416789947718566,0.42080442225086895,0.01646779105495244,0.27613432582026975,0.009887469567767981,0.17963046278056632,-0.00638200550472956,-0.0617432002158145,0.6,0.0009895253321736063,0.9797132115196512,0.9819821207204991,E 暂不使用因子,True,机器学习接口采用预注册与数据质量硬门；统计结果只作研究报告，不用于回看式选特征,0.3333333333333333,0.030643206907711024,-0.001502332088014743,vol_managed_momentum__csz,51.0,vol_managed_momentum__csz,0.5785257430348747,30,0.5,0.0009065912144409593,4,0.75,0.0018137781461378733
43,idiosyncratic_volatility_60,特质波动因子,volatility_risk,extension,risk,剔除商品市场及板块共同收益后的剩余波动,"std(residual(r_i~r_market+r_sector),60)",mixed,实际主力合约收益、固定板块映射,computed,,False,True,0.9710683121064076,0.02893168789359235,68483,68773,30,False,2015-04-03,pre_registered_and_data_quality_pass,特质波动因子,volatility_risk,extension,risk,剔除商品市场及板块共同收益后的剩余波动,mixed,1.0,0.9986422423712431,1456,0.015589990810726928,0.014301364769676032,0.30299604288272025,0.051452786849633204,0.5315934065934066,0.4958791208791209,0.45947802197802196,1.113805105442097,0.26554676461002463,0.06260503701668352,0.010536156681162367,0.09774332211628267,0.15609035123152512,-0.20456199376570738,0.05150593464213996,0.18984018264840183,0.40520923130633424,0.6856214505283552,0.015376519494280094,0.20493322417569768,0.012469623101874383,0.17563405152562592,0.010536156681162367,0.15609035123152512,0.005718070128564401,0.10719529541813776,0.8999999999999998,0.0007637461065737811,0.5816738653362444,0.9819821207204991,D 风险变量,True,机器学习接口采用预注册与数据质量硬门；统计结果只作研究报告，不用于回看式选特征,0.6666666666666666,0.03632434262145855,0.013994209877187405,idiosyncratic_volatility_60__csz,52.0,idiosyncratic_volatility_60__csz,0.6450017064629009,30,0.8,0.04040238906921491,4,0.75,0.015439842829614199
44,term_structure_slope,期限结构斜率,term_structure,core,predictor,用完整可交易曲线加权拟合的年化斜率,-weighted_OLS_slope(log_future_price~maturity),positive,至少三个通过流动性和期限硬门的实际合约,computed,,False,True,0.807842195927819,0.19215780407218097,57210,57213,30,False,2015-01-05,pre_registered_and_data_quality_pass,期限结构斜率,term_structure,core,predictor,用完整可交易曲线加权拟合的年化斜率,positive,1.0,0.9271183320292723,1456,0.025909484819890347,0.02463305171692695,0.30692943069000506,0.08441512031493197,0.5487637362637363,0.5226648351648352,0.43612637362637363,1.834610508812548,0.06676749763370152,0.24485149857191257,0.0385264192768191,0.11622193196081668,0.3834992471150532,-0.1884495814208672,0.20443886893427204,0.37773972602739725,0.9409234386610706,0.347524507712355,0.04845099758566995,0.46536160987821823,0.042485231720086114,0.41624833132326194,0.0385264192768191,0.3834992471150532,0.028693280436439927,0.3016078521339531,0.6,0.0020094966653176408,0.3839131113937837,0.9819821207204991,B 辅助预测因子,True,机器学习接口采用预注册与数据质量硬门；统计结果只作研究报告，不用于回看式选特征,0.6666666666666666,0.038323204083354746,0.02174332518212343,term_structure_slope__csz,54.0,term_structure_slope__csz,0.6994149572231179,30,0.5,0.00229009290839707,4,0.5,0.018603020299978828
45,term_structure_momentum,期限结构动量,term_structure,core,predictor,整条期限结构斜率的二十日变化,slope_t-slope_t-20,positive,完整曲线斜率历史,computed,,False,True,0.7337126881477507,0.2662873118522493,51963,51963,30,False,2015-02-02,pre_registered_and_data_quality_pass,期限结构动量,term_structure,core,predictor,整条期限结构斜率的二十日变化,positive,1.0,0.8931283656280204,1456,0.016863571606593426,0.014325991191867893,0.2929778167175278,0.05755920975700458,0.5412087912087912,0.5034340659340659,0.43956043956043955,1.2007062975648115,0.23006058652420217,0.02437387869499097,0.004165196394203985,0.106379440945459,0.09216671292058011,-0.2795221746633283,0.014901130471028905,0.8480022831050229,0.2116220258130677,0.8325500588717275,0.025847357933321602,0.29296281732503615,0.012783755991851997,0.17250126021710555,0.004165196394203985,0.09216671292058011,-0.017068702755922538,-0.10873556960904708,0.7999999999999999,0.0007587804822598591,0.5569887884270157,0.9819821207204991,E 暂不使用因子,True,机器学习接口采用预注册与数据质量硬门；统计结果只作研究报告，不用于回看式选特征,0.8333333333333334,0.018498426665171767,0.010216828857074456,term_structure_momentum__csz,55.0,term_structure_momentum__csz,0.6486274856995559,30,0.7,0.023774857666603894,4,0.75,0.029109636652759903
46,term_structure_acceleration,期限结构加速度,term_structure,core,predictor,整条期限结构二十日变化的再二十日变化,delta20_slope_t-delta20_slope_t-20,mixed,完整曲线斜率历史,computed,,False,True,0.6765270678602694,0.3234729321397306,47913,47913,30,False,2015-03-09,pre_registered_and_data_quality_pass,期限结构加速度,term_structure,core,predictor,整条期限结构二十日变化的再二十日变化,mixed,1.0,0.8668707138583329,1456,0.01419475134710976,0.015075151084348506,0.2873503711466953,0.04939875765764434,0.5260989010989011,0.49313186813186816,0.45123626373626374,1.3151053639824088,0.18868171173931694,-0.16276910680671275,-0.030198441013738142,0.10323821239598999,-0.24532919499663766,-0.3101908358243959,-0.09735439454063684,0.9880707762557077,-0.5844518810404626,0.55936915331278,-0.005734759589830052,-0.0041458229302362625,-0.020484443520585982,-0.1488638529595572,-0.030198441013738142,-0.24532919499663766,-0.05407306268119472,-0.48640541267952153,0.3,0.0003636471153172626,0.5105505141181518,0.9819821207204991,E 暂不使用因子,True,机器学习接口采用预注册与数据质量硬门；统计结果只作研究报告，不用于回看式选特征,0.8333333333333334,0.024435974609572128,0.010983078686179523,term_structure_acceleration__csz,57.0,term_structure_acceleration__csz,0.6486274856995559,30,0.5666666666666667,0.02849363480820211,4,0.5,0.005980063465441861
47,basis_surprise,基差意外,basis_spot,extension,predictor,基差相对历史条件预期的标准化意外,innovation_z(basis; prior_60),positive,新鲜现货价格、观察日、主力收盘价,computed,,False,True,0.7956990765581317,0.20430092344186834,56353,56353,27,True,2015-02-03,pre_registered_and_data_quality_pass,基差意外,basis_spot,extension,predictor,基差相对历史条件预期的标准化意外,positive,1.0,0.7419109863303723,1205,0.007489433598406124,0.007822065238683243,0.23985542052970327,0.031224783587822425,0.5062240663900415,0.46224066390041496,0.4755186721991701,0.711181678181848,0.47710941264034046,-0.1477869442053954,-0.03289052841324647,0.08297802744009174,-0.36167068222836757,-0.18644398341584578,-0.1764097066081625,1.0348547717842325,-0.7567438064767005,0.4499455904607679,-0.007327398134991947,-0.0473800274819256,-0.022743509354801517,-0.23594261697110733,-0.03289052841324647,-0.36167068222836757,-0.05780924368911544,-0.6759812442166381,0.3,0.0008502014994584777,0.6718696643278248,0.9819821207204991,E 暂不使用因子,True,机器学习接口采用预注册与数据质量硬门；统计结果只作研究报告，不用于回看式选特征,0.5,0.0378382003639532,0.007774580510992463,basis_surprise__csz,59.0,basis_surprise__csz,0.6349277164701939,27,0.6296296296296297,0.03189534597773288,3,0.6666666666666666,0.00545008262598621
48,inventory_acceleration,库存加速度,inventory_fundamental,extension,predictor,去库存速度的二阶变化,-(delta_5_inventory_t-delta_5_inventory_t-5),positive,库存、观察日与数据年龄,computed,,False,True,0.3378328767896981,0.6621671232103019,3422,23926,10,False,2015-01-26,pre_registered_and_data_quality_pass,库存加速度,inventory_fundamental,extension,predictor,去库存速度的二阶变化,positive,1.0,0.3329958116629079,1447,0.017931398253370943,0.03103157788443564,0.3213933725962171,0.055792682059748244,0.539737387698687,0.49274360746371804,0.46233586731167936,2.3605578621877608,0.018379588474576748,0.26148476180744407,0.04090839485849829,0.11249494638205926,0.4133669543160053,-0.17997421385666512,0.22730142269757883,1.595890410958904,1.175933638148365,0.24058253027778523,0.08360391982021453,0.7723762256107943,0.057785311667875705,0.5568141864600241,0.04090839485849829,0.4133669543160053,-0.00013940131959355728,0.055751765410240815,0.8999999999999998,0.003959974694490761,0.17316902885868307,0.9819821207204991,B 辅助预测因子,True,机器学习接口采用预注册与数据质量硬门；统计结果只作研究报告，不用于回看式选特征,0.8333333333333334,0.028915535141395374,0.021399403000513795,inventory_acceleration__csz,60.0,inventory_acceleration__csz,0.40453919316279685,8,0.5,0.01334095659742369,1,1.0,0.02274486345185055
49,inventory_price_divergence,库存—价格背离,information_news,extension,predictor,库存趋紧相对同期价格变化的未反映部分,z(-delta_inventory)-z(return_20),positive,库存与实际主力合约收益,computed,,False,True,0.3349524159159583,0.6650475840840417,23507,23722,10,False,2015-02-02,pre_registered_and_data_quality_pass,库存—价格背离,information_news,extension,predictor,库存趋紧相对同期价格变化的未反映部分,positive,1.0,0.333686196897869,1450,0.018938714427390407,0.029283767790821678,0.309562723283398,0.061178924343718286,0.5303448275862069,0.48758620689655174,0.4579310344827586,2.004512346411547,0.04520098168871482,0.24884140557710888,0.0391001859865141,0.0957414655629402,0.448453412462021,-0.12635939450200406,0.30943631963901164,1.148972602739726,1.0388055196197732,0.29975755751853406,0.0696084584062453,0.7517909904014711,0.051200157190913975,0.5697232652194442,0.0391001859865141,0.448453412462021,0.009442089564309253,0.14580513984129254,0.49999999999999994,0.0029671198879207355,0.3447721080379865,0.9819821207204991,B 辅助预测因子,True,机器学习接口采用预注册与数据质量硬门；统计结果只作研究报告，不用于回看式选特征,0.8333333333333334,0.04801101061990542,0.023455570031419896,inventory_price_divergence__csz,22.0,inventory_change_5__csz,0.9288627433537843,10,0.9,0.05407037054312233,1,1.0,0.02720405474856518
50,supply_demand_shock,供需冲击因子,information_news,extension,predictor,需求正向新息减去供给正向新息,sum(demand_surprise)-sum(supply_surprise),positive,产量、需求、进口等实际与预期数据,unavailable,data_final_raw没有供给与需求多源实际值及预期字段,False,False,0.0,1.0,0,0,0,False,,unavailable_required_data_missing,供需冲击因子,information_news,extension,predictor,需求正向新息减去供给正向新息,positive,1.0,0.0,0,,,,,,,,,,,,,,,,,,,,,,,,,,,,,,,F 数据不足无法判断,False,机器学习接口采用预注册与数据质量硬门；统计结果只作研究报告，不用于回看式选特征,,,,,,,,0,,,0,,
51,crowding,拥挤度因子,trading_liquidity,core,risk,主要参与者持仓份额集中度,HHI(member_position_share),negative,会员或参与者分项持仓,unavailable,data_final_raw没有会员或参与者分项持仓,False,False,0.0,1.0,0,0,0,False,,unavailable_required_data_missing,拥挤度因子,trading_liquidity,core,risk,主要参与者持仓份额集中度,negative,-1.0,0.0,0,,,,,,,,,,,,,,,,,,,,,,,,,,,,,,,F 数据不足无法判断,False,机器学习接口采用预注册与数据质量硬门；统计结果只作研究报告，不用于回看式选特征,,,,,,,,0,,,0,,
52,oi_surprise_60,持仓意外因子,trading_liquidity,core,conditional,持仓变化相对历史条件预期的异常,zscore(delta_log_OI; prior_60),mixed,主力持仓量,computed,,False,True,0.9855835757250572,0.01441642427494283,69533,69801,30,False,2015-02-03,pre_registered_and_data_quality_pass,持仓意外因子,trading_liquidity,core,conditional,持仓变化相对历史条件预期的异常,mixed,1.0,0.9995167303355272,1456,0.0007369071483860401,0.00039921405429477197,0.20671636235028087,0.0035648225423846754,0.49107142857142855,0.4526098901098901,0.4677197802197802,0.05944227614558353,0.9526080038844995,-0.05979373118645437,-0.010585567619339487,0.07704866946208969,-0.0997067947897099,-0.20147212454196894,-0.05254110286177278,1.5317351598173516,-0.23163806403182216,0.8169819389003831,0.028347270873119834,0.40125186513365607,0.004811142565285698,0.10068407318035515,-0.010585567619339487,-0.0997067947897099,-0.048073266226893785,-0.600642259389681,0.39999999999999997,0.0011374608881919391,0.9737770706374884,0.9819821207204991,C 条件变量,True,机器学习接口采用预注册与数据质量硬门；统计结果只作研究报告，不用于回看式选特征,0.6666666666666666,0.011223081264774877,0.0033565680446152116,oi_surprise_60__csz,61.0,oi_surprise_60__csz,0.22268884857041465,30,0.43333333333333335,-0.004942780693521491,4,0.25,-0.010960482115224206
53,volume_price_divergence_20,量价背离因子,trading_liquidity,core,predictor,价格趋势与成交量变化不一致程度,z(return_20)-z(delta_log_volume_20),mixed,实际主力合约收益、成交量,computed,,False,True,0.9763915167603288,0.02360848323967124,69069,69150,30,False,2015-02-02,pre_registered_and_data_quality_pass,量价背离因子,trading_liquidity,core,predictor,价格趋势与成交量变化不一致程度,mixed,1.0,0.9994937174943619,1456,-0.015429747746829816,-0.007792710554281125,0.2786604177342007,-0.05537114984714991,0.4807692307692308,0.46153846153846156,0.48145604395604397,-0.7032805342954761,0.48199345484387435,-0.25874161454627853,-0.05036568367631278,0.0914724795903259,-0.5188418349915869,-0.3443253075811378,-0.14627354588057537,1.0992009132420093,-1.3087554827940917,0.1916498110567015,-0.023665834437539446,-0.21614425307059232,-0.03977262981873064,-0.3978100888916322,-0.05036568367631278,-0.5188418349915869,-0.0763503733905222,-0.8210968637745107,-0.8999999999999998,-0.0009259647814415348,0.6718696643278248,0.9819821207204991,E 暂不使用因子,True,机器学习接口采用预注册与数据质量硬门；统计结果只作研究报告，不用于回看式选特征,0.3333333333333333,0.019214297990367103,-0.006232893385248555,volume_price_divergence_20__csz,62.0,volume_price_divergence_20__csz,0.42653813484005376,30,0.4666666666666667,-0.006351712282448,4,0.75,0.00970414094392192
54,momentum_carry_interaction,因子交互因子,factor_interaction,extension,predictor,动量和Carry同时确认的非加性信息,z(tsmom_60)*z(carry),positive,动量与期限结构,computed,,False,True,0.9498884527406738,0.050111547259326206,65767,67273,30,False,2015-04-07,pre_registered_and_data_quality_pass,因子交互因子,factor_interaction,extension,predictor,动量和Carry同时确认的非加性信息,positive,1.0,0.9978828186127859,1456,0.018148181633874806,0.009781975832837039,0.26826188874875356,0.06765098731885794,0.49793956043956045,0.48145604395604397,0.4478021978021978,0.9475148892277224,0.3435338083534196,0.001987118355443185,0.0003427004584790616,0.07990991681464622,0.04408438282430115,-0.12766097674992294,0.0026844574372196983,0.7127853881278539,0.11031097537178958,0.9122387907101075,0.01847359209941901,0.26896408057379995,0.00755688597575066,0.13401868488571003,0.0003427004584790616,0.04408438282430115,-0.017472628374562427,-0.18060338366899126,0.7,0.0007720440747305572,0.6541333634655425,0.9890852074199301,E 暂不使用因子,True,机器学习接口采用预注册与数据质量硬门；统计结果只作研究报告，不用于回看式选特征,0.6666666666666666,0.02658681386578308,0.009468628891672283,,,,,30,0.43333333333333335,-0.005637369001328509,4,0.5,0.002902723184320371
55,nonlinear_tightness,非线性基本面因子,factor_interaction,extension,predictor,极端供需紧张状态的平方增强,sign(tightness_z)*abs(tightness_z)^2,positive,供需紧张度,computed,,False,True,0.7056140747225439,0.2943859252774561,47926,49973,28,False,2016-01-12,pre_registered_and_data_quality_pass,非线性基本面因子,factor_interaction,extension,predictor,极端供需紧张状态的平方增强,positive,1.0,0.7803884567588715,1386,0.0024178386006444854,0.017734765323679333,0.301161732651579,0.008028372593545075,0.5245310245310245,0.4834054834054834,0.4675324675324675,1.4113695946321725,0.1583602602549387,-0.016175021315918636,-0.0028897818465067893,0.08792367364722609,0.01102086810400057,-0.17573452106557053,-0.016444019245533133,0.5132042253521126,0.027792837422602395,0.9778469671722123,0.010098137869659185,0.15829532312343356,0.002285776152481933,0.06989092943306578,-0.0028897818465067893,0.01102086810400057,-0.01571521501031259,-0.1358900847920189,0.8999999999999998,0.0007384640608424338,0.482868666373629,0.9890852074199301,E 暂不使用因子,True,机器学习接口采用预注册与数据质量硬门；统计结果只作研究报告，不用于回看式选特征,0.6666666666666666,0.042625069092251784,0.017050708561989654,,,,,28,0.7142857142857143,0.022504723289146846,3,0.6666666666666666,0.020866955291481793
56,commodity_network_factor,商品网络因子,industry_chain,extension,predictor,按产业链和替代关系聚合邻居冲击,sum(w_ij*z(signal_j)),mixed,经确认的商品网络邻接与权重,unavailable,未提供经确认的商品网络邻接表与权重,False,False,0.0,1.0,0,0,0,False,,unavailable_required_data_missing,商品网络因子,industry_chain,extension,predictor,按产业链和替代关系聚合邻居冲击,mixed,1.0,0.0,0,,,,,,,,,,,,,,,,,,,,,,,,,,,,,,,F 数据不足无法判断,False,机器学习接口采用预注册与数据质量硬门；统计结果只作研究报告，不用于回看式选特征,,,,,,,,0,,,0,,
57,correlation_risk_20_120,相关性风险因子,volatility_risk,extension,risk,品种与商品市场短期相关性相对长期基准的上升,"corr_20(r_i,r_market)-corr_120(r_i,r_market)",negative,实际主力合约收益、商品市场收益,computed,,False,True,0.9319138120922877,0.06808618790771226,66000,66000,30,False,2015-07-02,pre_registered_and_data_quality_pass,相关性风险因子,volatility_risk,extension,risk,品种与商品市场短期相关性相对长期基准的上升,negative,-1.0,0.9972384590601555,1456,-0.029186466609478344,-0.031127564845106252,0.23696738236398135,-0.12316659921004655,0.43887362637362637,0.4141483516483517,0.5254120879120879,-2.7079913982491797,0.006848469988638211,-0.40782210421187404,-0.08646619058850147,0.08664282872680237,-0.9996164634858027,-0.43968307142461327,-0.1966557191031784,0.8009132420091324,-2.588876692933277,0.010112842323271223,-0.06780064049053358,-0.7676563995309265,-0.07904421928492333,-0.9069203756707425,-0.08646619058850147,-0.9996164634858027,-0.10476630154599742,-1.2307964396960949,-0.8999999999999998,-0.0026914833739616513,0.17316902885868307,0.46519074687047623,D 风险变量,True,机器学习接口采用预注册与数据质量硬门；统计结果只作研究报告，不用于回看式选特征,0.0,0.013443176487253865,-0.027252772998751215,correlation_risk_20_120__csz,65.0,correlation_risk_20_120__csz,0.11542961726033861,30,0.4,-0.008360821257547437,4,0.25,-0.018967571733200298
