factor_no,factor_id,factor_name,category,protocol_role,usage_type,economic_meaning,formula,expected_direction,data_source,implementation_status,unavailable_reason,binary,available,development_coverage,development_missing_rate,development_unique_values,development_observations,development_instruments,event_feature,raw_available_date,ml_inclusion_rule,factor_name_metric,category_metric,protocol_role_metric,usage_type_metric,economic_meaning_metric,expected_direction_metric,orientation,coverage,ic_observations,ic_mean,rank_ic,ic_std,ic_ir,rank_ic_std,rank_ic_ir,rank_ic_hit_rate,p_ic_gt_002,p_ic_lt_neg002,rank_ic_t_stat,rank_ic_p_value,factor_return,annual_return,annual_volatility,sharpe,max_drawdown,calmar,turnover,t_stat,p_value,annual_return_0bps,sharpe_0bps,annual_return_3bps,sharpe_3bps,annual_return_5bps,sharpe_5bps,annual_return_10bps,sharpe_10bps,monotonicity,group_return_spread,rank_ic_fdr_q,portfolio_fdr_q,screening_class,enters_ml,ml_inclusion_note,positive_year_rate,yearly_rank_ic_std,delayed_1d_rank_ic,feature_name,correlation_cluster,cluster_representative,max_abs_feature_correlation,evaluated_products,positive_product_rate,median_product_rank_ic,evaluated_sectors,positive_sector_rate,median_sector_rank_ic
1,tsmom_60,时间序列动量,trend_momentum,core,predictor,波动率调整后的中期趋势延续,log_return_60/(vol_60*sqrt(60)),positive,实际主力合约收益,computed,,False,True,0.9605489819547598,0.039451018045240205,67964,68028,30,False,2015-04-07,pre_registered_and_data_quality_pass,时间序列动量,trend_momentum,core,predictor,波动率调整后的中期趋势延续,positive,1.0,0.9986122033584679,1450,-0.004655762489440449,-0.006862567523740022,0.27894578330288133,-0.016690564145883463,0.2678300555266534,-0.025622843225140152,0.4917241379310345,0.4668965517241379,0.476551724137931,-0.5473381079933389,0.5842307561665976,-0.18060027990236338,-0.034024373178885736,0.10069442911967694,-0.2930530979661421,-0.2516550887181287,-0.13520240481604334,0.5441379310344828,-0.7139807880981087,0.4758152876929592,-0.020675505788458337,-0.1569281350370645,-0.028706290596741124,-0.2386157736064861,-0.034024373178885736,-0.2930530979661421,-0.047195458221637065,-0.4290606226896848,0.0,-0.0005435394612906194,0.7151716225977933,0.9483661619600654,E 暂不使用因子,True,机器学习接口采用预注册与数据质量硬门；统计结果只作研究报告，不用于回看式选特征,0.3333333333333333,0.026065224022749335,-0.005797477817416374,tsmom_60__csz,1.0,tsmom_60__csz,0.8984494128756622,30,0.36666666666666664,-0.03574646933038365,4,0.75,0.006629409386599436
2,csmom_60,横截面动量,trend_momentum,core,predictor,同日商品过去收益相对强弱,cross_sectional_rank(log_return_60),positive,实际主力合约收益,computed,,False,True,0.9617068142667533,0.03829318573324669,152,68110,30,False,2015-04-07,pre_registered_and_data_quality_pass,横截面动量,trend_momentum,core,predictor,同日商品过去收益相对强弱,positive,1.0,0.9986122033584679,1450,-0.0050753488581843425,-0.008735254231848122,0.3008425871878487,-0.01687044678622994,0.28887954790104786,-0.030238396228867943,0.49724137931034484,0.48482758620689653,0.46620689655172415,-0.6410863483436952,0.5215679635820872,-0.16818073284047763,-0.03149562368196068,0.11254746835058847,-0.22783615977608646,-0.23358550777529608,-0.13483552118421127,0.5040229885057471,-0.5735800230807657,0.5666981093888409,-0.0191091877611117,-0.11497290223288363,-0.02655947501238276,-0.1826897706353066,-0.03149562368196068,-0.22783615977608646,-0.04372937519839615,-0.34069978073944435,-0.7,-0.0003299401430858638,0.6854893235650289,0.9483661619600654,E 暂不使用因子,True,机器学习接口采用预注册与数据质量硬门；统计结果只作研究报告，不用于回看式选特征,0.3333333333333333,0.025578306014984162,-0.006830079909495217,csmom_60__csz,3.0,csmom_60__csz,0.8757615755851609,30,0.3333333333333333,-0.02154681723294692,4,0.75,0.019453500514890486
3,trend_efficiency_60,趋势效率,trend_momentum,core,predictor,价格路径的单向和平滑程度,"abs(log_return_60)/sum(abs(daily_log_return),60)",positive,实际主力合约收益,computed,,False,True,0.9605489819547598,0.039451018045240205,67965,68028,30,False,2015-04-07,pre_registered_and_data_quality_pass,趋势效率,trend_momentum,core,predictor,价格路径的单向和平滑程度,positive,1.0,0.9986122033584679,1450,0.008809209619089058,0.004989955546937553,0.25709119519310164,0.03426492149010566,0.24392483459304531,0.020456939348806366,0.5089655172413793,0.48482758620689653,0.4517241379310345,0.44965590242234216,0.6530258263225821,-0.026948757474700713,-0.004736519898970726,0.08797468196277655,-0.010121893848981432,-0.22089565931280852,-0.021442340305399026,0.9050574712643678,-0.02485014351693276,0.9801916443416228,0.018222673400797085,0.24914188302009227,0.0043857632958792525,0.09358198542245984,-0.004736519898970726,-0.010121893848981432,-0.02718925912174508,-0.2693147155460153,0.3,0.0004965900681289659,0.7509797002709695,0.98475095540502,E 暂不使用因子,True,机器学习接口采用预注册与数据质量硬门；统计结果只作研究报告，不用于回看式选特征,0.6666666666666666,0.02358415610376494,0.00430630345129616,trend_efficiency_60__csz,4.0,trend_efficiency_60__csz,0.17571216218945443,30,0.6,0.006017852342847572,4,0.75,0.0061206396662466
4,multi_horizon_trend,多周期趋势一致性,trend_momentum,core,predictor,20/60/120日趋势方向一致程度,"mean(sign(return_20),sign(return_60),sign(return_120))",positive,实际主力合约收益,computed,,False,True,0.9327468865606733,0.06725311343932672,5,66059,30,False,2015-07-02,pre_registered_and_data_quality_pass,多周期趋势一致性,trend_momentum,core,predictor,20/60/120日趋势方向一致程度,positive,1.0,0.9972244067169358,1450,-0.005505095316537469,-0.009897511745587355,0.25364528142053244,-0.02170391377165132,0.25434166342854037,-0.03891423690546143,0.49517241379310345,0.46413793103448275,0.4820689655172414,-0.839021683396291,0.40159553537444637,-0.1214151404037066,-0.022245108412176196,0.08225659990262059,-0.23235694549249025,-0.2278348517650094,-0.09763698679041419,0.715632183908046,-0.5921667067970104,0.5542019523641174,-0.004451878770599715,-0.013106638695870428,-0.015165410666951429,-0.14461792319759184,-0.022245108412176196,-0.23235694549249025,-0.03972755336688527,-0.45188285226057756,-0.3,-8.449495386471297e-05,0.6420691664945198,0.9483661619600654,E 暂不使用因子,True,机器学习接口采用预注册与数据质量硬门；统计结果只作研究报告，不用于回看式选特征,0.3333333333333333,0.02727071208703974,-0.006984888504950189,multi_horizon_trend__csz,5.0,multi_horizon_trend__csz,0.6187356705832221,30,0.43333333333333335,-0.006957100952920597,4,0.75,0.006351279359199661
5,carry_annualized,Carry因子,term_structure,core,predictor,完整可交易曲线最近两个合约之间的年化期限结构补偿,log(curve_near/curve_middle)*365/maturity_gap,positive,完整实际合约曲线、收盘价、持仓量、成交量与到期日,computed,,False,True,0.9819688797266386,0.0180311202733614,68130,69545,30,False,2015-01-05,pre_registered_and_data_quality_pass,Carry因子,term_structure,core,predictor,完整可交易曲线最近两个合约之间的年化期限结构补偿,positive,1.0,0.9992598417911829,1450,0.030135494650002807,0.029277502214980333,0.2936528903059156,0.1026228436526161,0.2619214876862873,0.1117796881561968,0.546896551724138,0.5110344827586207,0.4393103448275862,2.3106896102460124,0.02098984484568295,0.19841588866351967,0.03195664404892451,0.09838753373136805,0.3689284759563689,-0.27414523459112383,0.11656830036307765,0.46919540229885054,0.8153938109295875,0.41551840661491646,0.04422277640379235,0.4891041329390811,0.03684612573583057,0.41700161334904134,0.03195664404892451,0.3689284759563689,0.019831199036743685,0.24873865619629926,0.9999999999999999,0.0018336033427099345,0.19310657258028313,0.9483661619600654,B 辅助预测因子,True,机器学习接口采用预注册与数据质量硬门；统计结果只作研究报告，不用于回看式选特征,0.8333333333333334,0.04184076262094214,0.028309368029363485,carry_annualized__csz,7.0,carry_annualized__csz,0.6994149572231179,30,0.6333333333333333,0.017775455382243153,4,0.75,0.01835576144505544
6,carry_change_20,Carry变化,term_structure,core,predictor,期限结构二十日边际变化,carry_t-carry_t-20,positive,主力与次近月收盘价、到期日,computed,,False,True,0.9645166756092739,0.0354833243907261,68253,68309,30,False,2015-02-02,pre_registered_and_data_quality_pass,Carry变化,term_structure,core,predictor,期限结构二十日边际变化,positive,1.0,0.9976407457093954,1450,-0.02656395518020195,-0.009002980925107849,0.24717239523759868,-0.10747136691646693,0.21653314376231134,-0.041577842397145584,0.48,0.4289655172413793,0.5062068965517241,-0.9334644989361194,0.3507357104667279,-0.3388530264301002,-0.06938717318013776,0.08756635276913026,-0.7768604319731244,-0.382739755078779,-0.18129073935853843,0.8832183908045976,-1.9777152217012062,0.048910646263829974,-0.04840444457407034,-0.5234524337905296,-0.061048942578885046,-0.6755979669048929,-0.06938717318013776,-0.7768604319731244,-0.08991724068038565,-1.0293802079235042,-0.3,-0.001793469908391193,0.6420691664945198,0.9483661619600654,E 暂不使用因子,True,机器学习接口采用预注册与数据质量硬门；统计结果只作研究报告，不用于回看式选特征,0.3333333333333333,0.021244344872898592,-0.009315668650480056,carry_change_20__csz,9.0,carry_change_20__csz,0.44660637350035265,30,0.5,-0.002406511546568448,4,0.25,-0.004334452442601706
7,basis_fresh,基差,basis_spot,extension,predictor,新鲜现货相对主力期货的强弱,(fresh_spot-main_close)/main_close,positive,现货价格、观察日、主力收盘价,computed,,False,True,0.8078280760215752,0.19217192397842475,54013,57212,27,False,2015-01-06,pre_registered_and_data_quality_pass,基差,basis_spot,extension,predictor,新鲜现货相对主力期货的强弱,positive,1.0,0.7485081186103529,1208,0.03329662307359992,0.03089087336184375,0.273139332759503,0.12190343564658751,0.23991979587668683,0.12875500018231484,0.5513245033112583,0.5182119205298014,0.41804635761589404,2.499451681336237,0.012570540832539213,0.3623471892340644,0.06651600336017371,0.09273900158034203,0.7411426256898672,-0.13123857587239518,0.506832712241925,0.6173553719008265,1.7248717760663053,0.08583263021673723,0.08322185247499769,0.909498616772838,0.07316793360834906,0.8084683191865867,0.06651600336017371,0.7411426256898672,0.05006182338482579,0.5729501061972297,0.7,0.003046890965629246,0.19260628031767363,0.9483661619600654,B 辅助预测因子,True,机器学习接口采用预注册与数据质量硬门；统计结果只作研究报告，不用于回看式选特征,0.6666666666666666,0.08148206733035854,0.030367444110375917,basis_fresh__csz,11.0,basis_fresh__csz,0.5521188690156008,27,0.7777777777777778,0.05323975311741271,3,1.0,0.022805918867753933
8,basis_shock_20,基差冲击,basis_spot,extension,predictor,基差日变化相对历史条件分布的异常,zscore(delta_basis; prior_20),positive,现货价格、观察日、主力收盘价,computed,,False,True,0.7957273163706193,0.20427268362938067,56355,56355,27,False,2015-01-21,pre_registered_and_data_quality_pass,基差冲击,basis_spot,extension,predictor,基差日变化相对历史条件分布的异常,positive,1.0,0.7420548642272285,1198,0.003103479042371166,0.0011683518252807378,0.24128997405794816,0.012862030652072743,0.24383331750921533,0.004791600414642194,0.501669449081803,0.4699499165275459,0.4590984974958264,0.1886906536771765,0.8503672627166182,-0.12807844251976286,-0.02848847486855166,0.08109633864550143,-0.31625921977132215,-0.21323555690280582,-0.13360095887543227,1.6033472803347282,-0.7218681340979809,0.4710841658032626,0.011582066402487712,0.1820702902667605,-0.012650390335686157,-0.11699693885243327,-0.02848847486855166,-0.31625921977132215,-0.06700285561132602,-0.8139159426272511,0.3,0.0003143730771698974,0.889020320112828,0.9483661619600654,E 暂不使用因子,True,机器学习接口采用预注册与数据质量硬门；统计结果只作研究报告，不用于回看式选特征,0.5,0.042079450590445974,-0.00031948061702034977,basis_shock_20__csz,13.0,basis_shock_20__csz,0.4937067263183487,27,0.6666666666666666,0.011236444675940547,3,0.6666666666666666,0.00682425126919473
9,basis_momentum_20,基差动量,basis_spot,extension,predictor,新鲜可用基差的二十日边际变化,basis_t-basis_t-20,positive,延迟一交易日可用的现货与主力收盘价,computed,,False,True,0.7920279009347377,0.20797209906526226,56080,56093,27,False,2015-02-03,pre_registered_and_data_quality_pass,基差动量,basis_spot,extension,predictor,新鲜可用基差的二十日边际变化,positive,1.0,0.7417541749548966,1198,-0.01128469314836251,-0.005176050963283342,0.3025055351666128,-0.0373040881455183,0.2583641460530427,-0.02003393676079454,0.48831385642737896,0.46327212020033387,0.48580968280467446,-0.4045087835900217,0.6859108879010101,-0.08781735063205054,-0.019117063636485354,0.09329217469594384,-0.16025589914346744,-0.19650291633688077,-0.09728641178898044,0.9816666666666668,-0.309011780301406,0.7575817713608995,0.0054516167682543415,0.104855119712252,-0.009360900591657617,-0.05417834159996363,-0.019117063636485354,-0.16025589914346744,-0.0430980116414873,-0.42559915605824955,-0.09999999999999999,-0.00017204766325384967,0.7695585571572309,0.9483661619600654,E 暂不使用因子,True,机器学习接口采用预注册与数据质量硬门；统计结果只作研究报告，不用于回看式选特征,0.5,0.12135456151304856,-0.002338135407062181,basis_momentum_20__csz,14.0,basis_momentum_20__csz,0.6349277164701939,27,0.48148148148148145,-0.00025887097094270066,3,0.6666666666666666,0.007715862250297741
10,curve_curvature,期限结构曲率,term_structure,core,predictor,曲线第二个合约相对第一和第三个合约线性插值的弯曲程度,"2*(log(middle)-interpolate(log(near),log(far)))",mixed,通过流动性和期限硬门的前三个实际合约,computed,,False,True,0.807842195927819,0.19215780407218097,57095,57213,30,False,2015-01-05,pre_registered_and_data_quality_pass,期限结构曲率,term_structure,core,predictor,曲线第二个合约相对第一和第三个合约线性插值的弯曲程度,mixed,1.0,0.9268399870472314,1450,-0.0005017680317378466,-0.007598151599550175,0.23926779893914096,-0.0020970980381086464,0.2158950877235363,-0.03519372154164045,0.4862068965517241,0.46206896551724136,0.48,-0.7908643241804012,0.4291525916512976,-0.26610376010948444,-0.052349423775276294,0.07675990481469323,-0.6618690206516724,-0.3296719092027838,-0.1587924913040612,0.7973563218390806,-1.7171001532670367,0.0870322172598219,-0.033099012033395936,-0.3999737632122465,-0.044694599581034944,-0.557107383427492,-0.052349423775276294,-0.6618690206516724,-0.07122535567510957,-0.9237044055971689,-0.39999999999999997,-0.0015717646825912708,0.6420691664945198,0.9483661619600654,E 暂不使用因子,True,机器学习接口采用预注册与数据质量硬门；统计结果只作研究报告，不用于回看式选特征,0.3333333333333333,0.03971089795862495,-0.009496764837131482,curve_curvature__csz,15.0,curve_curvature__csz,0.5262275607364006,30,0.36666666666666664,-0.025930011708793915,4,0.5,0.0009469234057155088
11,value_252,价值因子,value_reversion,extension,predictor,价格相对一年滚动历史锚点的反向偏离,-(log_price-rolling_mean_252)/rolling_std_252,positive,主力收盘价,computed,,False,True,0.9447488068679224,0.0552511931320776,66909,66909,30,False,2015-07-10,pre_registered_and_data_quality_pass,价值因子,value_reversion,extension,predictor,价格相对一年滚动历史锚点的反向偏离,positive,1.0,0.9970856270527826,1450,0.004586841023884105,0.012676892651755985,0.27734348531929,0.016538484827229787,0.27640206255611927,0.045863958229986554,0.5082758620689655,0.4668965517241379,0.47586206896551725,0.9447170939662731,0.3449608250223737,-0.1529070810540195,-0.028428171148830006,0.10159421574081096,-0.23329324751345612,-0.23095570727003867,-0.12308927752796835,0.4024137931034482,-0.5717336042324597,0.5679468674569085,-0.018521176608180423,-0.1334567269003283,-0.02447713043335753,-0.19335630121447833,-0.028428171148830006,-0.23329324751345612,-0.038237629211323565,-0.3331422001645417,0.19999999999999998,-0.0006747316084441592,0.6420691664945198,0.9483661619600654,E 暂不使用因子,True,机器学习接口采用预注册与数据质量硬门；统计结果只作研究报告，不用于回看式选特征,0.6666666666666666,0.02540338203094167,0.00961711531164521,value_252__csz,17.0,value_252__csz,0.6617445441988241,30,0.6666666666666666,0.02272746478852502,4,0.0,-0.014365621842635918
12,short_reversal_5,短期反转,value_reversion,extension,predictor,过去五日过度反应后的修复,-log_return_5,positive,实际主力合约收益,computed,,False,True,0.993547202846573,0.006452797153426948,69915,70365,30,False,2015-01-12,pre_registered_and_data_quality_pass,短期反转,value_reversion,extension,predictor,过去五日过度反应后的修复,positive,1.0,0.9998843502798723,1450,0.021634013086876232,0.018223716663007684,0.304305633431101,0.07109304169938895,0.2745624223994336,0.06637367380338671,0.5262068965517241,0.4993103448275862,0.4489655172413793,1.6495348659104296,0.09925485272725507,-0.03743841361457412,-0.006609523620676794,0.10762917857582305,-0.007789940368083575,-0.2451596676662865,-0.0269600774205394,1.577471264367816,-0.019129553710688783,0.98475095540502,0.03368078584324885,0.36190853042132903,0.009318570480995492,0.1400042371629794,-0.006609523620676794,-0.007789940368083575,-0.04536042085327874,-0.37673220118899053,0.3,0.0011390762730590046,0.45918212920580936,0.98475095540502,E 暂不使用因子,True,机器学习接口采用预注册与数据质量硬门；统计结果只作研究报告，不用于回看式选特征,0.8333333333333334,0.017582227207899762,0.014404655118633378,short_reversal_5__csz,19.0,short_reversal_5__csz,0.31650806270664456,30,0.7,0.016166075297881784,4,0.75,0.01457478757641767
13,inventory_scarcity,库存稀缺因子,inventory_fundamental,extension,predictor,库存相对历史同期的稀缺程度,-seasonal_z(stock_current),positive,库存、观察日与数据年龄,computed,,False,True,0.2287142413374375,0.7712857586625625,14533,16198,8,False,2016-01-19,pre_registered_and_data_quality_pass,库存稀缺因子,inventory_fundamental,extension,predictor,库存相对历史同期的稀缺程度,positive,1.0,0.26620252578988757,1403,-0.008725828083170208,-0.0034226861589845186,0.3689299233141135,-0.02365172226959992,0.3610551788894211,-0.009479676124609116,0.48467569493941554,0.47398431931575197,0.48610121168923737,-0.2061279793430717,0.8367208714377803,0.012778696918826382,0.002240148791904595,0.13622329463533775,0.08387034075969914,-0.2397725380111413,0.00934280802332961,0.2727272727272727,0.22496554260172993,0.822167294790127,0.009190426713539424,0.13459875622719858,0.00501501368011481,0.10413885265007003,0.002240148791904595,0.08387034075969914,-0.004666525929259202,0.03334413845239363,-0.49999999999999994,-0.00074012286696506,0.889020320112828,0.9483661619600654,E 暂不使用因子,True,机器学习接口采用预注册与数据质量硬门；统计结果只作研究报告，不用于回看式选特征,0.5,0.04021827775223263,-0.005998133236679373,inventory_scarcity__csz,20.0,inventory_scarcity__csz,0.3308424183938058,8,0.75,0.042656686800362664,1,0.0,-0.0019269331203478313
14,inventory_change_5,库存变化因子,inventory_fundamental,extension,predictor,五日库存下降所表示的边际趋紧,-delta_5(stock_current),positive,库存、观察日与数据年龄,computed,,False,True,0.33897658919544776,0.6610234108045523,2937,24007,10,False,2015-01-19,pre_registered_and_data_quality_pass,库存变化因子,inventory_fundamental,extension,predictor,五日库存下降所表示的边际趋紧,positive,1.0,0.3335800527362724,1444,0.013798497103777424,0.02112833681928561,0.3048601681471359,0.04526172503164729,0.3291966975472404,0.06418149688835699,0.5117728531855956,0.47645429362880887,0.47022160664819945,1.4992333374419033,0.13403184365935125,0.3905760884702898,0.05897635022573344,0.09406397268119886,0.6564313733227524,-0.17109884650744123,0.34469168804810446,1.1293103448275863,1.4712106534277214,0.14232215664995324,0.08952377521894217,0.9608611872528936,0.07109367029744229,0.7780949734961535,0.05897635022573344,0.6564313733227524,0.029265407043020053,0.3530614264289169,0.8999999999999998,0.0034920328312194457,0.45918212920580936,0.9483661619600654,B 辅助预测因子,True,机器学习接口采用预注册与数据质量硬门；统计结果只作研究报告，不用于回看式选特征,0.8333333333333334,0.030792282057493153,0.019674652382723087,inventory_change_5__csz,22.0,inventory_change_5__csz,0.9288627433537843,8,0.875,0.05117742994167853,1,1.0,0.021132267402314935
15,inventory_surprise,库存意外／库存新息,information_news,extension,predictor,库存相对仅用历史信息形成的条件预期的标准化意外,-innovation_z(stock_current; prior_60),positive,库存、观察日与数据年龄,computed,,False,True,0.05347208494535596,0.9465279150546441,3769,3787,8,True,2015-02-09,pre_registered_and_data_quality_pass,库存意外／库存新息,information_news,extension,predictor,库存相对仅用历史信息形成的条件预期的标准化意外,positive,1.0,0.055373085997131886,252,-0.02893707580875147,-0.018235071806500386,0.3912679452802713,-0.0739571849874474,0.3914242811507612,-0.04658646048449139,0.45634920634920634,0.44047619047619047,0.5158730158730159,-0.802734540069142,0.422887617691146,-0.10502861668452046,-0.13359172303977895,0.1833714399132528,-0.687693232203765,-0.148119641912847,-0.9019176748913813,1.1282051282051282,-0.7323030885508645,0.46847653005167744,-0.10851159157582635,-0.5330462266930339,-0.12364308145165126,-0.6258771745048765,-0.13359172303977895,-0.687693232203765,-0.15798542123465265,-0.8419413617968757,-0.3,-0.006119478278758789,0.6420691664945198,0.9483661619600654,E 暂不使用因子,True,机器学习接口采用预注册与数据质量硬门；统计结果只作研究报告，不用于回看式选特征,0.5,0.06734799355488592,0.005864678832500331,inventory_surprise__csz,24.0,inventory_surprise__csz,0.20481831988315524,8,0.625,0.0025537795769926255,1,1.0,0.014717312415752627
16,warehouse_tightness,仓单紧张因子,inventory_fundamental,extension,predictor,注册仓单相对历史同期的紧张程度,-seasonal_z(warehouse_receipt),positive,注册仓单及观察日,computed,,False,True,0.8148315495185112,0.18516845048148878,55161,57708,30,False,2016-01-12,pre_registered_and_data_quality_pass,仓单紧张因子,inventory_fundamental,extension,predictor,注册仓单相对历史同期的紧张程度,positive,1.0,0.940000925197761,1429,0.022407099759153247,0.023557104891184816,0.21479928698666137,0.10431645315724296,0.21037783517515748,0.11197522244475763,0.5423372988103569,0.5136459062281316,0.4205738278516445,2.451172197305179,0.014358338579690643,0.23858988138904724,0.03842716311300309,0.07771240937942554,0.5240327708145758,-0.07268778556269673,0.5286605282514462,0.5191724941724942,1.5825810860709577,0.11462602858610287,0.05209118163696691,0.6923959896234343,0.04387186287624356,0.591386256142733,0.03842716311300309,0.5240327708145758,0.024936367785935554,0.3556303827337649,0.09999999999999999,0.0022291926986901,0.19260628031767363,0.9483661619600654,B 辅助预测因子,True,机器学习接口采用预注册与数据质量硬门；统计结果只作研究报告，不用于回看式选特征,0.8333333333333334,0.025012252949969952,0.024119661499193434,warehouse_tightness__csz,26.0,warehouse_tightness__csz,0.6232334881208775,30,0.8,0.029078974234589466,4,0.75,0.02486817232431974
17,tightness_composite,供需紧张度,inventory_fundamental,extension,predictor,仓单、库存、基差和Carry的等权看多方向组合,"mean(-inventory_z,-warehouse_z,basis_z,carry_z)",positive,库存、仓单、现货、期限结构,computed,,False,True,0.7056140747225439,0.2943859252774561,49973,49973,28,False,2016-01-12,pre_registered_and_data_quality_pass,供需紧张度,inventory_fundamental,extension,predictor,仓单、库存、基差和Carry的等权看多方向组合,positive,1.0,0.7826016561039922,1381,0.009738515570035236,0.018419643443709204,0.2926930869148703,0.03327210653549764,0.2721215854208429,0.06768902002104228,0.5257060101375814,0.498189717595945,0.4489500362056481,1.4620903076436704,0.14394414280856457,0.0015967748545404614,0.00028519409555993747,0.08722219088911018,0.04684156788032942,-0.17573452106557053,0.0016228689379335155,0.5132978723404256,0.11676100628848829,0.9071328505704974,0.013314226140210161,0.19532799340015444,0.005477133542771018,0.10620429629845894,0.00028519409555993747,0.04684156788032942,-0.012580825533012319,-0.10134625868547309,0.9999999999999999,0.0008710312104878739,0.45918212920580936,0.9483661619600654,E 暂不使用因子,True,机器学习接口采用预注册与数据质量硬门；统计结果只作研究报告，不用于回看式选特征,0.6666666666666666,0.04168026441393039,0.017485219751016964,tightness_composite__csz,28.0,tightness_composite__csz,0.9403283729647399,28,0.75,0.03537033938205342,3,0.6666666666666666,0.023857807446471584
18,oi_growth_20,持仓量增长,trading_liquidity,core,conditional,未平仓合约数量的二十日增长,log(OI_t)-log(OI_t-20),mixed,主力持仓量,computed,,False,True,0.9869814464431956,0.013018553556804369,69314,69900,30,False,2015-02-02,pre_registered_and_data_quality_pass,持仓量增长,trading_liquidity,core,conditional,未平仓合约数量的二十日增长,mixed,1.0,0.9995374011194893,1450,0.007505955781297694,0.014473062120129176,0.21533501868821492,0.0348571069723017,0.21446875616442956,0.06748331262308867,0.5186206896551724,0.4703448275862069,0.4489655172413793,1.4496172527316857,0.1473816753564645,0.04241699647534625,0.007245847139334849,0.07608517350381881,0.13281699585301035,-0.20873628118872045,0.03471292627266752,0.9689655172413794,0.3497845196185044,0.7267551799375966,0.03212807380886895,0.45321330560899775,0.01712747826116967,0.2610704019853896,0.007245847139334849,0.13281699585301035,-0.017048971708469085,-0.18830571366507323,0.7999999999999999,0.0013299751193990399,0.45918212920580936,0.9483661619600654,C 条件变量,True,机器学习接口采用预注册与数据质量硬门；统计结果只作研究报告，不用于回看式选特征,0.6666666666666666,0.02344020858490452,0.015000490165446263,oi_growth_20__csz,30.0,oi_growth_20__csz,0.29842997029034557,30,0.7,0.017366061169715084,4,0.5,-0.01704705489574587
19,price_oi_interaction_20,价格—持仓量交互,trading_liquidity,core,predictor,价格方向和新增持仓方向的联合变化,log_return_20*oi_growth_20,mixed,实际主力合约收益、持仓量,computed,,False,True,0.9805427691960126,0.019457230803987424,69267,69444,30,False,2015-02-02,pre_registered_and_data_quality_pass,价格—持仓量交互,trading_liquidity,core,predictor,价格方向和新增持仓方向的联合变化,mixed,1.0,0.9995374011194893,1450,0.0012866715438031367,0.005481798122060703,0.26323049010156163,0.004888003450157705,0.22654157566082125,0.024197757546579744,0.5096551724137931,0.4731034482758621,0.46551724137931033,0.537805460731971,0.5907939491025249,0.06197617975852188,0.01050523532852865,0.08347991810665374,0.16664804447453843,-0.14581946778359356,0.07204274908011024,1.0885057471264366,0.4068980709867575,0.6843840400578793,0.03859286188932631,0.4950564349744858,0.021649923677966143,0.2980451902397763,0.01050523532852865,0.16664804447453843,-0.016838511466047423,-0.16197137489312596,0.19999999999999998,0.0014366759354150444,0.7151716225977933,0.9483661619600654,E 暂不使用因子,True,机器学习接口采用预注册与数据质量硬门；统计结果只作研究报告，不用于回看式选特征,0.6666666666666666,0.023678398074091864,0.005508674282267162,price_oi_interaction_20__csz,32.0,price_oi_interaction_20__csz,0.1783250002312701,30,0.5,-0.0003425773902021493,4,0.5,0.009430420994007085
20,hedging_pressure,套保压力,trading_liquidity,core,predictor,商业交易者净持仓压力,(commercial_long-commercial_short)/OI,mixed,可靠交易者分类持仓,unavailable,data_final_raw没有商业/非商业交易者分类持仓,False,False,0.0,1.0,0,0,0,False,,unavailable_required_data_missing,套保压力,trading_liquidity,core,predictor,商业交易者净持仓压力,mixed,1.0,0.0,0,,,,,,,,,,,,,,,,,,,,,,,,,,,,,,,,,F 数据不足无法判断,False,机器学习接口采用预注册与数据质量硬门；统计结果只作研究报告，不用于回看式选特征,,,,,,,,0,,,0,,
21,volume_shock_20,成交量冲击,trading_liquidity,core,conditional,成交量相对历史正常水平的异常,zscore(log_volume; prior_20),mixed,主力成交量,computed,,False,True,0.9831549518511197,0.016845048148880326,69628,69629,30,False,2015-01-19,pre_registered_and_data_quality_pass,成交量冲击,trading_liquidity,core,conditional,成交量相对历史正常水平的异常,mixed,1.0,0.9997687005597446,1450,0.007928096328935078,0.006322118070574102,0.22364143303819534,0.03545003365982301,0.22278829159696348,0.028377245614016236,0.5124137931034483,0.47517241379310343,0.4503448275862069,0.7612078156243662,0.4466568114744486,-0.19348741354082244,-0.036682029969169694,0.07637769035698336,-0.45100245659623717,-0.21102965814550478,-0.17382405056960032,1.4370114942528736,-1.1600469827467792,0.24698711826164246,-0.0011415685510922646,0.023127891520748747,-0.022617014247749312,-0.2613736359031556,-0.036682029969169694,-0.45100245659623717,-0.0709829254240465,-0.9248422430061597,0.49999999999999994,9.89493907317771e-05,0.6420691664945198,0.9483661619600654,C 条件变量,True,机器学习接口采用预注册与数据质量硬门；统计结果只作研究报告，不用于回看式选特征,0.6666666666666666,0.019946872612912576,0.007443378400918016,volume_shock_20__csz,34.0,volume_shock_20__csz,0.42653813484005376,30,0.5333333333333333,0.005328676350448069,4,0.25,-0.004308177090761501
22,amihud_20,Amihud非流动性,trading_liquidity,core,risk,单位成交额对应的绝对价格变动,"mean(abs(return)/amount,20)",negative,实际主力合约收益、成交额,computed,,False,True,0.9751348451046286,0.024865154895371444,69041,69061,30,False,2015-02-02,pre_registered_and_data_quality_pass,Amihud非流动性,trading_liquidity,core,risk,单位成交额对应的绝对价格变动,negative,-1.0,0.9990979321830041,1450,0.013356551263651508,0.0115588225478592,0.23629326725961025,0.05652531457435458,0.21396024181424422,0.054023226230480365,0.526896551724138,0.4917241379310345,0.4393103448275862,1.1253672316842522,0.2606198165807449,0.08489028592908654,0.014261198748949155,0.08723876131907181,0.2059459616877772,-0.26350535311280643,0.054121096897959214,0.19321839080459768,0.5020349347583378,0.6160252177552876,0.01920716610440687,0.2616442270091996,0.016236794742867877,0.2282322988004643,0.014261198748949155,0.2059459616877772,0.009338440046454233,0.15019232369120858,0.49999999999999994,0.0007084991713117662,0.5708815029863936,0.9483661619600654,D 风险变量,True,机器学习接口采用预注册与数据质量硬门；统计结果只作研究报告，不用于回看式选特征,0.6666666666666666,0.03175297178248939,0.011848678373769203,amihud_20__csz,36.0,amihud_20__csz,0.2380612558465907,30,0.26666666666666666,-0.018511921059703326,4,0.75,0.012806154750649248
23,turnover_oi,成交量—持仓量换手率,trading_liquidity,core,conditional,相对存量持仓的交易活跃程度,volume/open_interest,mixed,主力成交量、持仓量,computed,,False,True,0.9961311456891926,0.0038688543108074125,69839,70548,30,False,2015-01-05,pre_registered_and_data_quality_pass,成交量—持仓量换手率,trading_liquidity,core,conditional,相对存量持仓的交易活跃程度,mixed,1.0,1.0,1450,0.007728452378745499,0.00729313622515239,0.2734574995088357,0.028261987301963845,0.24283429398970244,0.030033386575380745,0.506896551724138,0.4986206896551724,0.44275862068965516,0.6514677222994346,0.5148479127280429,0.070763306872198,0.011953419088275075,0.0856639297866485,0.18143438632657238,-0.1445643189732294,0.0826858188325753,0.6129885057471264,0.4642801666496369,0.6427965774789804,0.027697787727713363,0.3615676119566205,0.018222687476324717,0.2535138489848234,0.011953419088275075,0.18143438632657238,-0.003555246368365017,0.0011102945141933018,0.6,0.0010159908901617083,0.6854893235650289,0.9483661619600654,C 条件变量,True,机器学习接口采用预注册与数据质量硬门；统计结果只作研究报告，不用于回看式选特征,0.6666666666666666,0.033690394921346886,0.007566292044941056,turnover_oi__csz,37.0,turnover_oi__csz,0.5012127866149094,30,0.6333333333333333,0.022448173901058327,4,0.75,0.017555489259760082
24,realized_volatility_20,已实现波动率,volatility_risk,extension,risk,过去二十日收益波动风险,"std(log_return,20)*sqrt(252)",mixed,实际主力合约收益,computed,,False,True,0.9839597865070175,0.016040213492982458,69418,69686,30,False,2015-02-02,pre_registered_and_data_quality_pass,已实现波动率,volatility_risk,extension,risk,过去二十日收益波动风险,mixed,1.0,0.9995374011194893,1450,0.013693595004576661,0.012773858409813172,0.3448355241580887,0.0397105113749791,0.315420055966928,0.04049792702830703,0.5124137931034483,0.4896551724137931,0.4703448275862069,0.836814059511026,0.4028350779933413,-0.006931762806784536,-0.0012081568780182295,0.12659255806362602,0.05397619636238724,-0.21455480106786662,-0.005630994375353423,0.35551724137931034,0.13938462822239223,0.889243301803281,0.007779954283600565,0.12473688135105321,0.0023776737323573105,0.08228210163991502,-0.0012081568780182295,0.05397619636238724,-0.010118129653075902,-0.01679529435167622,0.49999999999999994,0.0007277921262637945,0.6420691664945198,0.9483661619600654,D 风险变量,True,机器学习接口采用预注册与数据质量硬门；统计结果只作研究报告，不用于回看式选特征,0.8333333333333334,0.0361265861594632,0.011926915039567009,realized_volatility_20__csz,38.0,realized_volatility_20__csz,0.9113938181118868,30,0.7,0.010204984448463397,4,0.75,0.022712584228791206
25,low_volatility_20,低波动因子,volatility_risk,extension,risk,横截面低波动品种得分更高,-cross_sectional_rank(realized_volatility_20),positive,实际主力合约收益,computed,,False,True,0.9839597865070175,0.016040213492982458,152,69686,30,False,2015-02-02,pre_registered_and_data_quality_pass,低波动因子,volatility_risk,extension,risk,横截面低波动品种得分更高,positive,1.0,0.9995374011194893,1450,-0.018811017777461577,-0.012773858409813172,0.3186750274386413,-0.0590288417911363,0.315420055966928,-0.04049792702830703,0.48758620689655174,0.45586206896551723,0.4993103448275862,-0.836814059511026,0.4028350779933413,-0.1715687313413563,-0.03218234462214242,0.12661629801330845,-0.19548078822344725,-0.24714777074784566,-0.13021499050855975,0.35551724137931034,-0.5044205272605392,0.6143502576047997,-0.02346461849305881,-0.12473688135105321,-0.02870439383659773,-0.16718562079423827,-0.03218234462214242,-0.19548078822344725,-0.04082420853073332,-0.266201952196877,-0.49999999999999994,-0.0007277921262637945,0.6420691664945198,0.9483661619600654,D 风险变量,True,机器学习接口采用预注册与数据质量硬门；统计结果只作研究报告，不用于回看式选特征,0.16666666666666666,0.0361265861594632,-0.011926915039567009,low_volatility_20__csz,38.0,realized_volatility_20__csz,0.9113938181118868,30,0.5666666666666667,0.008877027996449306,4,0.25,-0.022712584228791206
26,realized_skewness_60,已实现偏度,volatility_risk,extension,risk,过去六十日收益分布非对称性,"skew(log_return,60)",mixed,实际主力合约收益,computed,,False,True,0.9617068142667533,0.03829318573324669,67967,68110,30,False,2015-04-07,pre_registered_and_data_quality_pass,已实现偏度,volatility_risk,extension,risk,过去六十日收益分布非对称性,mixed,1.0,0.9986122033584679,1450,-0.008694193612661093,-0.014402968327269616,0.22105147667308794,-0.03933108135495018,0.22534283083889747,-0.06391580452615603,0.4586206896551724,0.4393103448275862,0.4979310344827586,-1.3787757638665874,0.168176705829302,-0.19905550318876575,-0.03784117917875862,0.08120407086805925,-0.43434685435454157,-0.2749279061799659,-0.137640371632511,0.4577011494252874,-1.129105904745614,0.25978951094809605,-0.026676665186707416,-0.29206275443831653,-0.03339040521213521,-0.3774110953313314,-0.03784117917875862,-0.43434685435454157,-0.048881065181890504,-0.5767861476581899,-0.7999999999999999,-0.0009478146666874936,0.45918212920580936,0.9483661619600654,D 风险变量,True,机器学习接口采用预注册与数据质量硬门；统计结果只作研究报告，不用于回看式选特征,0.3333333333333333,0.01877054456450123,-0.014862900857920391,realized_skewness_60__csz,39.0,realized_skewness_60__csz,0.2222036782194125,30,0.6666666666666666,0.016981643739163353,4,0.0,-0.013260233195788547
27,seasonality_3y,季节性因子,value_reversion,extension,predictor,过去三年近似同期五日收益的平均,mean(trailing_return_5 shifted 252/504/756),mixed,实际主力合约历史收益,computed,,False,True,0.6709214650814719,0.3290785349185281,47505,47516,30,False,2018-02-12,pre_registered_and_data_quality_pass,季节性因子,value_reversion,extension,predictor,过去三年近似同期五日收益的平均,mixed,1.0,0.9632002590553731,1450,-0.014474936473444984,-0.013924699610076578,0.26389390978710503,-0.05485134721419892,0.2515755595590622,-0.05534996974460664,0.48482758620689653,0.45655172413793105,0.4917241379310345,-1.3738596635507985,0.16969774340214694,-0.19550240367673932,-0.03710073932069591,0.0889782273701499,-0.380339602744888,-0.2223088045458167,-0.1668883038460568,1.6272413793103448,-1.009298003631066,0.313676018651674,0.0032190346166593997,0.08048364538992889,-0.021166977830593847,-0.1959632996857331,-0.03710073932069591,-0.380339602744888,-0.07583190222687308,-0.841468672207052,-0.09999999999999999,0.00038482115023552805,0.45918212920580936,0.9483661619600654,E 暂不使用因子,True,机器学习接口采用预注册与数据质量硬门；统计结果只作研究报告，不用于回看式选特征,0.3333333333333333,0.031358454650615895,-0.019553538129858286,seasonality_3y__csz,40.0,seasonality_3y__csz,0.0538593629884507,30,0.3333333333333333,-0.019511544146997767,4,0.25,-0.016001999292855007
28,industry_chain_residual,产业链残差,industry_chain,extension,predictor,相对明确上下游和替代品关系的状态偏离,x-E[x|industry_neighbors],mixed,产业链邻接关系与传导系数,unavailable,未提供经确认的产业链邻接表和生产传导系数,False,False,0.0,1.0,0,0,0,False,,unavailable_required_data_missing,产业链残差,industry_chain,extension,predictor,相对明确上下游和替代品关系的状态偏离,mixed,1.0,0.0,0,,,,,,,,,,,,,,,,,,,,,,,,,,,,,,,,,F 数据不足无法判断,False,机器学习接口采用预注册与数据质量硬门；统计结果只作研究报告，不用于回看式选特征,,,,,,,,0,,,0,,
29,sector_relative_value_60,相对价值残差,industry_chain,extension,predictor,品种六十日收益相对板块共同收益的偏离,return_60-sector_mean_return_60,negative,实际主力合约收益、固定板块映射,computed,,False,True,0.9617068142667533,0.03829318573324669,67659,68110,30,False,2015-04-07,pre_registered_and_data_quality_pass,相对价值残差,industry_chain,extension,predictor,品种六十日收益相对板块共同收益的偏离,negative,-1.0,0.9986122033584679,1450,-0.012547551121624074,-0.010888617637199685,0.2790724229207686,-0.04496163035495072,0.24947774287564525,-0.04364564755031966,0.47517241379310343,0.43586206896551727,0.4986206896551724,-0.9007582784430628,0.36786653742217024,-0.2292788258062095,-0.04425171117774784,0.0877551841292742,-0.47184906512139946,-0.29024976278087267,-0.15246080049738464,0.48758620689655163,-1.0576062387614489,0.29111821130887366,-0.03242422598589778,-0.33190357043702573,-0.03953774192294357,-0.4158824363916277,-0.04425171117774784,-0.47184906512139946,-0.0559380944621688,-0.611681000322123,-0.49999999999999994,-0.0011986712805485,0.6420691664945198,0.9483661619600654,E 暂不使用因子,True,机器学习接口采用预注册与数据质量硬门；统计结果只作研究报告，不用于回看式选特征,0.16666666666666666,0.01228630792202464,-0.014545548668981577,sector_relative_value_60__csz,42.0,sector_relative_value_60__csz,0.7874897733865349,30,0.5333333333333333,0.002700037510012543,4,0.25,-0.019453500514890486
30,market_state_conditional,状态条件因子,state_interaction,extension,conditional,市场状态概率调节基础因子,factor*p_market_state,mixed,实时市场状态概率,unavailable,当前协议未定义和冻结市场状态概率引擎,False,False,0.0,1.0,0,0,0,False,,unavailable_required_data_missing,状态条件因子,state_interaction,extension,conditional,市场状态概率调节基础因子,mixed,1.0,0.0,0,,,,,,,,,,,,,,,,,,,,,,,,,,,,,,,,,F 数据不足无法判断,False,机器学习接口采用预注册与数据质量硬门；统计结果只作研究报告，不用于回看式选特征,,,,,,,,0,,,0,,
31,product_state_interaction,单品种状态交互因子,state_interaction,extension,conditional,品种自身状态调节基础因子,factor*product_state,mixed,实时单品种状态,unavailable,当前协议未定义和冻结单品种状态引擎,False,False,0.0,1.0,0,0,0,False,,unavailable_required_data_missing,单品种状态交互因子,state_interaction,extension,conditional,品种自身状态调节基础因子,mixed,1.0,0.0,0,,,,,,,,,,,,,,,,,,,,,,,,,,,,,,,,,F 数据不足无法判断,False,机器学习接口采用预注册与数据质量硬门；统计结果只作研究报告，不用于回看式选特征,,,,,,,,0,,,0,,
32,factor_momentum,因子动量,meta_factor,extension,conditional,四个冻结基础因子组合最近二十日已实现收益的持续性,rolling_sum_20(mean(lagged_factor_portfolio_return)),mixed,严格滞后一期的动量、Carry、反转和板块相对价值组合收益,computed,,False,True,0.9738499336364407,0.02615006636355932,2361,68970,30,False,2015-04-21,pre_registered_and_data_quality_pass,因子动量,meta_factor,extension,conditional,四个冻结基础因子组合最近二十日已实现收益的持续性,mixed,1.0,1.0,1450,,,,,,,0.0,0.0,0.0,,,,,,,,,,,,,,,,,,,,,,,,C 条件变量,True,机器学习接口采用预注册与数据质量硬门；统计结果只作研究报告，不用于回看式选特征,0.0,,,factor_momentum__tsz,43.0,factor_momentum__tsz,0.09528952525535951,30,0.36666666666666664,-0.016538197707595736,0,,
33,fundamental_composite_news,基本面综合新息代理,information_news,extension,predictor,库存、仓单和基差中至少两类历史模型意外的统一方向组合,"mean(inventory_surprise,warehouse_surprise,basis_surprise)",positive,延迟一交易日可用的库存、仓单和现货；不是市场一致预期,computed,,False,True,0.7881025669989551,0.2118974330010449,55815,55815,28,True,2015-02-03,pre_registered_and_data_quality_pass,基本面综合新息代理,information_news,extension,predictor,库存、仓单和基差中至少两类历史模型意外的统一方向组合,positive,1.0,0.7470046722486932,1200,0.006272280478237456,0.004933777401597188,0.21965945818382349,0.02855456591806967,0.21974692906052892,0.022452088057340665,0.5116666666666667,0.49083333333333334,0.45416666666666666,0.46324966720008837,0.6432694918648331,-0.052428139433500665,-0.011245318899223644,0.06699164652679657,-0.1354850452780785,-0.1183787186491656,-0.09499442997479098,0.8656250000000001,-0.30913823690736075,0.7574856984018962,0.010567511721246037,0.19039586389353375,-0.0025760224543797117,-0.005240473022184089,-0.011245318899223644,-0.1354850452780785,-0.03259734994223351,-0.4603784551368295,0.3,0.00046122506449817265,0.7509797002709695,0.9483661619600654,E 暂不使用因子,True,机器学习接口采用预注册与数据质量硬门；统计结果只作研究报告，不用于回看式选特征,0.3333333333333333,0.05021104895884027,0.0030219705036891396,fundamental_composite_news__csz,45.0,fundamental_composite_news__csz,0.6874768127327799,28,0.75,0.031239555501316775,3,0.6666666666666666,0.018831328892878155
34,fundamental_underreaction,基本面反应不足代理,information_news,extension,predictor,模型隐含基本面新息扣除首个可交易日价格反应后的未吸收部分,fundamental_composite_news-cs_z(initial_price_response),positive,基本面综合新息代理与主力收益；不是市场一致预期,computed,,False,True,0.787947248030273,0.21205275196972695,55804,55804,28,True,2015-02-03,pre_registered_and_data_quality_pass,基本面反应不足代理,information_news,extension,predictor,模型隐含基本面新息扣除首个可交易日价格反应后的未吸收部分,positive,1.0,0.7470046722486932,1200,0.01705149086722055,0.013901460392126388,0.27016675686715896,0.06311468910886313,0.25270104494335893,0.055011487567225126,0.5133333333333333,0.4816666666666667,0.465,1.5634905164021284,0.11820114529008564,0.1443439445986925,0.028719283738754875,0.08708216435484967,0.36837842715414193,-0.1364053818287524,0.21054362631241316,1.390625,0.8708504726012921,0.38470967518527843,0.06538136932204397,0.7711774426871002,0.043233416754392406,0.5294593699564336,0.028719283738754875,0.36837842715414193,-0.006706398181339335,-0.03402196879802224,0.6,0.0024093885676228556,0.45918212920580936,0.9483661619600654,E 暂不使用因子,True,机器学习接口采用预注册与数据质量硬门；统计结果只作研究报告，不用于回看式选特征,0.6666666666666666,0.022317431640309776,0.005293812451278081,fundamental_underreaction__csz,46.0,fundamental_underreaction__csz,0.6790593485741632,28,0.7142857142857143,0.026716374659332052,3,0.6666666666666666,0.02606741475566664
35,information_consistency,信息一致性,information_news,extension,predictor,仓单、库存、基差和Carry方向一致时放大的综合信号,mean(z_k)*abs(mean(sign(z_k))),positive,库存、仓单、基差、Carry,computed,,False,True,0.7056140747225439,0.2943859252774561,46995,49973,28,False,2016-01-12,pre_registered_and_data_quality_pass,信息一致性,information_news,extension,predictor,仓单、库存、基差和Carry方向一致时放大的综合信号,positive,1.0,0.7826016561039922,1381,0.005489832659305197,0.018164306316539827,0.2890609490176055,0.018991955426572806,0.2722701348762354,0.06671428111201654,0.5365677045619116,0.500362056480811,0.45763939174511226,1.4367951413130802,0.1510028804493928,0.02193132021549382,0.0038848033971270457,0.08519403228288298,0.08802229163932265,-0.18146386082266608,0.02140813812466734,0.5849290780141844,0.2108133150942184,0.8331857417490846,0.018791732516707516,0.2611226086692169,0.009821895533256741,0.15725281420965884,0.0038848033971270457,0.08802229163932265,-0.01080951979699396,-0.08495588334410595,0.49999999999999994,0.0005497482720397712,0.45918212920580936,0.9483661619600654,E 暂不使用因子,True,机器学习接口采用预注册与数据质量硬门；统计结果只作研究报告，不用于回看式选特征,0.6666666666666666,0.04026001936967309,0.016970767518625054,information_consistency__csz,28.0,tightness_composite__csz,0.9042524258232566,28,0.7142857142857143,0.03150947513997415,3,0.6666666666666666,0.02648647411222641
36,information_divergence,信息背离,information_news,extension,predictor,供需基本面信号相对价格趋势的未反映差异,tightness_z-tsmom_z,positive,供需紧张度与实际主力合约收益,computed,,False,True,0.704879839597865,0.29512016040213496,49863,49921,28,False,2016-01-12,pre_registered_and_data_quality_pass,信息背离,information_news,extension,predictor,供需基本面信号相对价格趋势的未反映差异,positive,1.0,0.7826016561039922,1381,0.01891382763997034,0.02570649720755456,0.285239091212675,0.06630868006050455,0.27363216907736765,0.09394544981400275,0.5467052860246199,0.502534395365677,0.4496741491672701,2.027094747394426,0.04284463852380079,0.16116355567488183,0.027065092307487548,0.08680567092350994,0.3511421941385943,-0.14367966248319353,0.18837107381605522,0.6499999999999999,0.900108290512565,0.368833358001029,0.0440176125177596,0.5399346578945012,0.03381362653068609,0.42665951139187697,0.027065092307487548,0.3511421941385943,0.010381231536793933,0.16238987901190427,0.7999999999999999,0.0018189139593168969,0.28155048172783376,0.9483661619600654,B 辅助预测因子,True,机器学习接口采用预注册与数据质量硬门；统计结果只作研究报告，不用于回看式选特征,0.6666666666666666,0.031232724923244012,0.021599032486097906,information_divergence__csz,47.0,information_divergence__csz,0.7249701252677223,28,0.7142857142857143,0.038405808425554966,3,0.6666666666666666,0.007593953614562216
37,cost_transmission_gap,成本传导缺口,industry_chain,extension,predictor,上游成本冲击相对下游价格变化的未传导部分,sum(a_ij*upstream_return)-downstream_return,mixed,上下游关系与生产配比,unavailable,未提供经确认的产业链邻接表和实际生产配比,False,False,0.0,1.0,0,0,0,False,,unavailable_required_data_missing,成本传导缺口,industry_chain,extension,predictor,上游成本冲击相对下游价格变化的未传导部分,mixed,1.0,0.0,0,,,,,,,,,,,,,,,,,,,,,,,,,,,,,,,,,F 数据不足无法判断,False,机器学习接口采用预注册与数据质量硬门；统计结果只作研究报告，不用于回看式选特征,,,,,,,,0,,,0,,
38,processing_margin_anomaly,加工利润异常,industry_chain,extension,predictor,加工利润相对历史季节正常水平的异常,seasonal_z(output-sum(a*input)-other_cost),mixed,产出投入价格、生产配比和其他成本,unavailable,缺少经确认的生产配比和其他成本序列,False,False,0.0,1.0,0,0,0,False,,unavailable_required_data_missing,加工利润异常,industry_chain,extension,predictor,加工利润相对历史季节正常水平的异常,mixed,1.0,0.0,0,,,,,,,,,,,,,,,,,,,,,,,,,,,,,,,,,F 数据不足无法判断,False,机器学习接口采用预注册与数据质量硬门；统计结果只作研究报告，不用于回看式选特征,,,,,,,,0,,,0,,
39,warehouse_surprise,仓单新息,information_news,extension,predictor,注册仓单相对历史条件预期的标准化意外,-innovation_z(warehouse_receipt; prior_60),positive,注册仓单及观察日,computed,,False,True,0.9441698907119257,0.0558301092880743,63217,66868,30,True,2015-02-03,pre_registered_and_data_quality_pass,仓单新息,information_news,extension,predictor,注册仓单相对历史条件预期的标准化意外,positive,1.0,0.9685201461812463,1432,-0.00018684946242946045,0.002292963592222151,0.2048830597897025,-0.0009119810228393103,0.20504684983936916,0.011182632622829498,0.48812849162011174,0.47067039106145253,0.4615921787709497,0.2440704558630075,0.8072112407917249,-0.0424607938863516,-0.007616948026288539,0.07375497415797226,-0.06702537642451266,-0.15094580276443237,-0.050461476150984,0.6532634032634033,-0.1791466121958091,0.8579498738592248,0.008858037773278982,0.1562393487328179,-0.0010587549917810968,0.022259264498592668,-0.007616948026288539,-0.06702537642451266,-0.023828856960519174,-0.29007115616297763,0.39999999999999997,0.00041689912270196597,0.8840885018195083,0.9483661619600654,E 暂不使用因子,True,机器学习接口采用预注册与数据质量硬门；统计结果只作研究报告，不用于回看式选特征,0.6666666666666666,0.019713108160320257,0.0014354081485808976,warehouse_surprise__csz,48.0,warehouse_surprise__csz,0.6874768127327799,30,0.7,0.027650816964024223,4,0.5,0.026055126306277026
40,transmission_residual,产业链传导残差,industry_chain,extension,predictor,剥离上游滞后冲击和板块共同收益后的残差,r_i-sum(beta*lagged_upstream_return)-beta_sector*r_sector,mixed,产业链邻接、滞后与板块收益,unavailable,未提供经确认的产业链邻接和传导滞后,False,False,0.0,1.0,0,0,0,False,,unavailable_required_data_missing,产业链传导残差,industry_chain,extension,predictor,剥离上游滞后冲击和板块共同收益后的残差,mixed,1.0,0.0,0,,,,,,,,,,,,,,,,,,,,,,,,,,,,,,,,,F 数据不足无法判断,False,机器学习接口采用预注册与数据质量硬门；统计结果只作研究报告，不用于回看式选特征,,,,,,,,0,,,0,,
41,momentum_quality_60,动量质量因子,trend_momentum,core,predictor,以趋势效率过滤中期动量路径噪声,tsmom_60*trend_efficiency_60,positive,实际主力合约收益,computed,,False,True,0.9605489819547598,0.039451018045240205,67965,68028,30,False,2015-04-07,pre_registered_and_data_quality_pass,动量质量因子,trend_momentum,core,predictor,以趋势效率过滤中期动量路径噪声,positive,1.0,0.9986122033584679,1450,-0.004221317386190538,-0.006976181894073282,0.27845592595680385,-0.01515973262801159,0.26712727555875626,-0.026115573108290952,0.49448275862068963,0.4606896551724138,0.4806896551724138,-0.5575270925407846,0.5772534690103728,-0.15234222692200228,-0.028315608809370008,0.10042127609969796,-0.23551681786653614,-0.2438700781723181,-0.11610940145499218,0.544712643678161,-0.5753132488261615,0.5655271108386468,-0.014875780310313558,-0.09885040299066696,-0.022961302611010925,-0.18086012097847395,-0.028315608809370008,-0.23551681786653614,-0.041576323366120604,-0.37208811672540903,0.0,-0.00036639186796220405,0.7151716225977933,0.9483661619600654,E 暂不使用因子,True,机器学习接口采用预注册与数据质量硬门；统计结果只作研究报告，不用于回看式选特征,0.3333333333333333,0.02573995575252327,-0.006008831855300139,momentum_quality_60__csz,50.0,momentum_quality_60__csz,0.8984494128756622,30,0.36666666666666664,-0.03458501130357046,4,0.75,0.004993986396515582
42,vol_managed_momentum,波动率管理动量,trend_momentum,core,predictor,按短期风险缩放中期趋势方向,sign(return_60)/volatility_20,positive,实际主力合约收益,computed,,False,True,0.9600265454237383,0.03997345457626167,67955,67991,30,False,2015-04-07,pre_registered_and_data_quality_pass,波动率管理动量,trend_momentum,core,predictor,按短期风险缩放中期趋势方向,positive,1.0,0.9986122033584679,1450,-0.0025004723564345014,-0.0003985993838344873,0.1971731813332597,-0.012681604767578576,0.2232999983662652,-0.001785039797361258,0.5117241379310344,0.46482758620689657,0.45517241379310347,-0.03947900519594119,0.9685139303811577,0.0639145973244446,0.010825549707436766,0.06743260084462703,0.19316740515251637,-0.14875303143534213,0.07277532163868716,0.6443678160919539,0.4830364091429971,0.6294356005499064,0.027365943932870174,0.43377663525516874,0.017410288786164907,0.2894459505153606,0.010825549707436766,0.19316740515251637,-0.005454899766485721,-0.047646286235847254,0.6,0.001025663701320745,0.9685139303811576,0.9483661619600654,E 暂不使用因子,True,机器学习接口采用预注册与数据质量硬门；统计结果只作研究报告，不用于回看式选特征,0.3333333333333333,0.030758357979278964,-0.0015635177619080193,vol_managed_momentum__csz,51.0,vol_managed_momentum__csz,0.5785257430348747,30,0.5333333333333333,0.0003875037041799306,4,0.75,0.001594755800998241
43,idiosyncratic_volatility_60,特质波动因子,volatility_risk,extension,risk,剔除商品市场及板块共同收益后的剩余波动,"std(residual(r_i~r_market+r_sector),60)",mixed,实际主力合约收益、固定板块映射,computed,,False,True,0.9710683121064076,0.02893168789359235,68483,68773,30,False,2015-04-03,pre_registered_and_data_quality_pass,特质波动因子,volatility_risk,extension,risk,剔除商品市场及板块共同收益后的剩余波动,mixed,1.0,0.9986353333024934,1450,0.016629264068107816,0.015027951062160119,0.30303727844907885,0.0548753082565125,0.2634541225707253,0.05704200380514374,0.5337931034482759,0.4979310344827586,0.4572413793103448,1.1666943269569754,0.24352580805188245,0.06326987561513997,0.010719066034686975,0.0980151712812957,0.157774837362624,-0.20456199376570738,0.0524000858486153,0.1888505747126437,0.4080323819256911,0.6835520280164813,0.015535105231060164,0.2062302484205154,0.0126428305182964,0.1771633161143138,0.010719066034686975,0.157774837362624,0.005925074572101341,0.1092691742402078,0.8999999999999998,0.0007707747479286987,0.5708815029863936,0.9483661619600654,D 风险变量,True,机器学习接口采用预注册与数据质量硬门；统计结果只作研究报告，不用于回看式选特征,0.6666666666666666,0.03544521400079358,0.014699452315935425,idiosyncratic_volatility_60__csz,52.0,idiosyncratic_volatility_60__csz,0.6450017064629009,30,0.8,0.04148871613399916,4,0.75,0.015612163715410698
44,term_structure_slope,期限结构斜率,term_structure,core,predictor,用完整可交易曲线加权拟合的年化斜率,-weighted_OLS_slope(log_future_price~maturity),positive,至少三个通过流动性和期限硬门的实际合约,computed,,False,True,0.807842195927819,0.19215780407218097,57210,57213,30,False,2015-01-05,pre_registered_and_data_quality_pass,期限结构斜率,term_structure,core,predictor,用完整可交易曲线加权拟合的年化斜率,positive,1.0,0.9268399870472314,1450,0.02550997558253434,0.02406196230359169,0.30732840178349313,0.08300559087443413,0.27739763708951853,0.08674177096839038,0.546896551724138,0.5220689655172414,0.43655172413793103,1.7858464349512595,0.07433318867890253,0.22503118430788938,0.03590365583640054,0.11647328112960992,0.36119454412028984,-0.1884495814208672,0.19052128195613435,0.3772413793103448,0.8828059188066252,0.37807486521577893,0.04579070171848687,0.44277922123521135,0.03984751141236931,0.39383220834348254,0.03590365583640054,0.36119454412028984,0.026107584377090376,0.27958370683039907,0.6,0.0018924851668270539,0.4274158349036895,0.9483661619600654,B 辅助预测因子,True,机器学习接口采用预注册与数据质量硬门；统计结果只作研究报告，不用于回看式选特征,0.6666666666666666,0.03838998540861011,0.021141178909578374,term_structure_slope__csz,54.0,term_structure_slope__csz,0.6994149572231179,30,0.5,-0.00040391172685351993,4,0.5,0.017885844398285593
45,term_structure_momentum,期限结构动量,term_structure,core,predictor,整条期限结构斜率的二十日变化,slope_t-slope_t-20,positive,完整曲线斜率历史,computed,,False,True,0.7337126881477507,0.2662873118522493,51963,51963,30,False,2015-02-02,pre_registered_and_data_quality_pass,期限结构动量,term_structure,core,predictor,整条期限结构斜率的二十日变化,positive,1.0,0.8929083591617708,1450,0.016240435634116666,0.0137088277679188,0.29338594742102553,0.055355192628945914,0.25682791458914916,0.05337748347896288,0.5393103448275862,0.5013793103448276,0.4413793103448276,1.1448858014316927,0.25244553545805554,0.00867751998680899,0.0015027154297513334,0.10664352125792223,0.06730146193228426,-0.2795221746633283,0.005376015092760657,0.8476436781609196,0.15418836050439486,0.8775688370977104,0.02311931558159297,0.26752330304782884,0.010095235568593486,0.147405874302797,0.0015027154297513334,0.06730146193228426,-0.019667148508961785,-0.13302302799176355,0.49999999999999994,0.0006675156614289865,0.5708815029863936,0.9483661619600654,E 暂不使用因子,True,机器学习接口采用预注册与数据质量硬门；统计结果只作研究报告，不用于回看式选特征,0.8333333333333334,0.018318132521723852,0.009547563884854629,term_structure_momentum__csz,55.0,term_structure_momentum__csz,0.6486274856995559,30,0.7,0.02282009062755635,4,0.75,0.028587429291900977
46,term_structure_acceleration,期限结构加速度,term_structure,core,predictor,整条期限结构二十日变化的再二十日变化,delta20_slope_t-delta20_slope_t-20,mixed,完整曲线斜率历史,computed,,False,True,0.6765270678602694,0.3234729321397306,47913,47913,30,False,2015-03-09,pre_registered_and_data_quality_pass,期限结构加速度,term_structure,core,predictor,整条期限结构二十日变化的再二十日变化,mixed,1.0,0.8666558726927881,1450,0.013042087426883758,0.014183886962777614,0.2865630911918986,0.0455120977814622,0.2543591015450006,0.055763237393996835,0.5255172413793103,0.4924137931034483,0.4517241379310345,1.2368047993494784,0.21635997567796114,-0.16910723803444994,-0.03168318916893598,0.10334360796682028,-0.25979042934729024,-0.3101908358243959,-0.10214095811287072,0.9879885057471264,-0.6165635243281445,0.5380080337122548,-0.007259015876832087,-0.018873217052612853,-0.021984874228912044,-0.16342755307264703,-0.03168318916893598,-0.25979042934729024,-0.05551929702667446,-0.5006340706207245,0.3,0.0003028622847728842,0.5529199378436784,0.9483661619600654,E 暂不使用因子,True,机器学习接口采用预注册与数据质量硬门；统计结果只作研究报告，不用于回看式选特征,0.8333333333333334,0.024465658184207022,0.010074809208221812,term_structure_acceleration__csz,57.0,term_structure_acceleration__csz,0.6486274856995559,30,0.5666666666666667,0.02562683505243668,4,0.5,0.005089809741922951
47,basis_surprise,基差意外,basis_spot,extension,predictor,基差相对历史条件预期的标准化意外,innovation_z(basis; prior_60),positive,新鲜现货价格、观察日、主力收盘价,computed,,False,True,0.7956990765581317,0.20430092344186834,56353,56353,27,True,2015-02-03,pre_registered_and_data_quality_pass,基差意外,basis_spot,extension,predictor,基差相对历史条件预期的标准化意外,positive,1.0,0.7451080168385993,1205,0.007489433598406124,0.007822065238683243,0.23985542052970327,0.031224783587822425,0.23654845252018017,0.033067496977245855,0.5062240663900415,0.46224066390041496,0.4755186721991701,0.711181678181848,0.47710941264034046,-0.1477869442053954,-0.03289052841324647,0.08297802744009174,-0.36167068222836757,-0.18644398341584578,-0.1764097066081625,1.0348547717842325,-0.7567438064767005,0.4499455904607679,-0.007327398134991947,-0.0473800274819256,-0.022743509354801517,-0.23594261697110733,-0.03289052841324647,-0.36167068222836757,-0.05780924368911544,-0.6759812442166381,0.3,0.0008502014994584777,0.6650616054986563,0.9483661619600654,E 暂不使用因子,True,机器学习接口采用预注册与数据质量硬门；统计结果只作研究报告，不用于回看式选特征,0.5,0.0378382003639532,0.007774580510992463,basis_surprise__csz,59.0,basis_surprise__csz,0.6349277164701939,27,0.6296296296296297,0.03189534597773288,3,0.6666666666666666,0.00545008262598621
48,inventory_acceleration,库存加速度,inventory_fundamental,extension,predictor,去库存速度的二阶变化,-(delta_5_inventory_t-delta_5_inventory_t-5),positive,库存、观察日与数据年龄,computed,,False,True,0.3378328767896981,0.6621671232103019,3422,23926,10,False,2015-01-26,pre_registered_and_data_quality_pass,库存加速度,inventory_fundamental,extension,predictor,去库存速度的二阶变化,positive,1.0,0.33288615441550634,1441,0.01924429713594324,0.031578046811613754,0.32129114418337085,0.059896755588631855,0.33114910594735175,0.09535899763725841,0.5399028452463567,0.49479528105482307,0.4600971547536433,2.3949806129579176,0.016748372201536837,0.27634619225443835,0.043317740691291906,0.11278509417337908,0.4331140785495914,-0.17997421385666512,0.24068859512169324,1.5931034482758621,1.2280166891552529,0.22043989941037315,0.0860336517828364,0.7905899779709812,0.060203078519798225,0.5759519682035453,0.043317740691291906,0.4331140785495914,0.002247429315330951,0.07699831526679433,0.8999999999999998,0.004053905151889297,0.19260628031767363,0.9483661619600654,B 辅助预测因子,True,机器学习接口采用预注册与数据质量硬门；统计结果只作研究报告，不用于回看式选特征,0.8333333333333334,0.029166611563334017,0.022033019723999903,inventory_acceleration__csz,60.0,inventory_acceleration__csz,0.40453919316279685,8,0.5,0.01397351264582804,1,1.0,0.022458672010816822
49,inventory_price_divergence,库存—价格背离,information_news,extension,predictor,库存趋紧相对同期价格变化的未反映部分,z(-delta_inventory)-z(return_20),positive,库存与实际主力合约收益,computed,,False,True,0.3349524159159583,0.6650475840840417,23507,23722,10,False,2015-02-02,pre_registered_and_data_quality_pass,库存—价格背离,information_news,extension,predictor,库存趋紧相对同期价格变化的未反映部分,positive,1.0,0.3335800527362724,1444,0.021207368950919864,0.03147881072758368,0.3081507217822116,0.06882141579375683,0.33570418940809527,0.09376949028573722,0.5325484764542936,0.48961218836565096,0.4556786703601108,2.169425892715691,0.03021315405938017,0.3029766390635804,0.04706873878242446,0.09518983382636871,0.5308165285363954,-0.12635939450200406,0.37249892631986253,1.15,1.2316200232123977,0.21909228100332973,0.0778347837270601,0.8363538065286572,0.05927086837532625,0.6529632498220465,0.04706873878242446,0.5308165285363954,0.017160682804297833,0.2259972394238413,0.7999999999999999,0.0032702355455339225,0.2316341811219146,0.9483661619600654,B 辅助预测因子,True,机器学习接口采用预注册与数据质量硬门；统计结果只作研究报告，不用于回看式选特征,0.8333333333333334,0.0478658589251027,0.025885240549140515,inventory_price_divergence__csz,22.0,inventory_change_5__csz,0.9288627433537843,10,0.9,0.05717495118612432,1,1.0,0.028895549409140433
50,supply_demand_shock,供需冲击因子,information_news,extension,predictor,需求正向新息减去供给正向新息,sum(demand_surprise)-sum(supply_surprise),positive,产量、需求、进口等实际与预期数据,unavailable,data_final_raw没有供给与需求多源实际值及预期字段,False,False,0.0,1.0,0,0,0,False,,unavailable_required_data_missing,供需冲击因子,information_news,extension,predictor,需求正向新息减去供给正向新息,positive,1.0,0.0,0,,,,,,,,,,,,,,,,,,,,,,,,,,,,,,,,,F 数据不足无法判断,False,机器学习接口采用预注册与数据质量硬门；统计结果只作研究报告，不用于回看式选特征,,,,,,,,0,,,0,,
51,crowding,拥挤度因子,trading_liquidity,core,risk,主要参与者持仓份额集中度,HHI(member_position_share),negative,会员或参与者分项持仓,unavailable,data_final_raw没有会员或参与者分项持仓,False,False,0.0,1.0,0,0,0,False,,unavailable_required_data_missing,拥挤度因子,trading_liquidity,core,risk,主要参与者持仓份额集中度,negative,-1.0,0.0,0,,,,,,,,,,,,,,,,,,,,,,,,,,,,,,,,,F 数据不足无法判断,False,机器学习接口采用预注册与数据质量硬门；统计结果只作研究报告，不用于回看式选特征,,,,,,,,0,,,0,,
52,oi_surprise_60,持仓意外因子,trading_liquidity,core,conditional,持仓变化相对历史条件预期的异常,zscore(delta_log_OI; prior_60),mixed,主力持仓量,computed,,False,True,0.9855835757250572,0.01441642427494283,69533,69801,30,False,2015-02-03,pre_registered_and_data_quality_pass,持仓意外因子,trading_liquidity,core,conditional,持仓变化相对历史条件预期的异常,mixed,1.0,0.9995142711754638,1450,0.0006869953252616992,0.000634995850626993,0.20703798634565912,0.003318209075482071,0.21578374748649054,0.0029427417867360366,0.4917241379310345,0.4531034482758621,0.4675862068965517,0.09426733815129366,0.9249098278297079,-0.06101745093999689,-0.010882090008513368,0.07730563152699878,-0.10299729606904655,-0.20147212454196894,-0.05401288159964037,1.5319540229885058,-0.23846751706428276,0.8116875062693258,0.028045046877494872,0.3963710538038572,0.004512339159034262,0.09675635623139577,-0.010882090008513368,-0.10299729606904655,-0.0483640875836302,-0.60233389730755,0.3,0.0011259521291543807,0.945463379559257,0.9483661619600654,C 条件变量,True,机器学习接口采用预注册与数据质量硬门；统计结果只作研究报告，不用于回看式选特征,0.6666666666666666,0.011415011804988705,0.00395604198508941,oi_surprise_60__csz,61.0,oi_surprise_60__csz,0.22268884857041465,30,0.43333333333333335,-0.006678962083571452,4,0.25,-0.010813717607720697
53,volume_price_divergence_20,量价背离因子,trading_liquidity,core,predictor,价格趋势与成交量变化不一致程度,z(return_20)-z(delta_log_volume_20),mixed,实际主力合约收益、成交量,computed,,False,True,0.9763915167603288,0.02360848323967124,69069,69150,30,False,2015-02-02,pre_registered_and_data_quality_pass,量价背离因子,trading_liquidity,core,predictor,价格趋势与成交量变化不一致程度,mixed,1.0,0.9995142711754638,1450,-0.016292993396130617,-0.008573374035336548,0.278600467103222,-0.058481572430724,0.25475243207456133,-0.033653747544311094,0.48,0.46,0.4827586206896552,-0.7722464349208807,0.4400944169811999,-0.2696837217282152,-0.053154433928780276,0.09156456971961369,-0.5503136234814194,-0.3443253075811378,-0.15437271893311186,1.0993103448275863,-1.3861500385723713,0.16676962530958056,-0.026528238885856203,-0.2479235873130907,-0.04259061823280641,-0.42940956923316226,-0.053154433928780276,-0.5503136234814194,-0.07906731095279362,-0.8522228495332879,-0.8999999999999998,-0.0010430828180785395,0.6420691664945198,0.9483661619600654,E 暂不使用因子,True,机器学习接口采用预注册与数据质量硬门；统计结果只作研究报告，不用于回看式选特征,0.3333333333333333,0.01908100092175601,-0.007231795030370718,volume_price_divergence_20__csz,62.0,volume_price_divergence_20__csz,0.42653813484005376,30,0.4666666666666667,-0.011354399881571432,4,0.75,0.00889014552286416
54,momentum_carry_interaction,因子交互因子,factor_interaction,extension,predictor,动量和Carry同时确认的非加性信息,z(tsmom_60)*z(carry),positive,动量与期限结构,computed,,False,True,0.9498884527406738,0.050111547259326206,65767,67273,30,False,2015-04-07,pre_registered_and_data_quality_pass,因子交互因子,factor_interaction,extension,predictor,动量和Carry同时确认的非加性信息,positive,1.0,0.9978720451496508,1450,0.018160584714196636,0.010108441237035052,0.26873040014993455,0.0675791972328556,0.21769198276754134,0.04643460502552902,0.4986206896551724,0.48137931034482756,0.4475862068965517,0.976332041117655,0.32906291297920187,0.010428458281077857,0.0018046354800909103,0.080113259925076,0.06240373093418984,-0.12766097674992294,0.01413615598152628,0.7148275862068965,0.1561234823084439,0.8760446886023752,0.02001439151149631,0.28738007044467034,0.009050089759016666,0.15237358292771042,0.0018046354800909103,0.06240373093418984,-0.016087275247499422,-0.16235538011080658,0.6,0.0008321255852406541,0.6420691664945198,0.9483661619600654,E 暂不使用因子,True,机器学习接口采用预注册与数据质量硬门；统计结果只作研究报告，不用于回看式选特征,0.6666666666666666,0.02629180955484119,0.009756252963078731,,,,,30,0.43333333333333335,-0.00661890172380903,4,0.5,0.003729436991509752
55,nonlinear_tightness,非线性基本面因子,factor_interaction,extension,predictor,极端供需紧张状态的平方增强,sign(tightness_z)*abs(tightness_z)^2,positive,供需紧张度,computed,,False,True,0.7056140747225439,0.2943859252774561,47926,49973,28,False,2016-01-12,pre_registered_and_data_quality_pass,非线性基本面因子,factor_interaction,extension,predictor,极端供需紧张状态的平方增强,positive,1.0,0.7826016561039922,1381,0.0026362560281593134,0.018419643443709204,0.30161759724404275,0.008740391980598812,0.2721215854208429,0.06768902002104228,0.5257060101375814,0.4844315713251267,0.4670528602461984,1.4620903076436704,0.14394414280856457,0.0015967748545404614,0.00028519409555993747,0.08722219088911018,0.04684156788032942,-0.17573452106557053,0.0016228689379335155,0.5132978723404256,0.11676100628848829,0.9071328505704974,0.013314226140210161,0.19532799340015444,0.005477133542771018,0.10620429629845894,0.00028519409555993747,0.04684156788032942,-0.012580825533012319,-0.10134625868547309,0.9999999999999999,0.0008710312104878739,0.45918212920580936,0.9483661619600654,E 暂不使用因子,True,机器学习接口采用预注册与数据质量硬门；统计结果只作研究报告，不用于回看式选特征,0.6666666666666666,0.04168026441393039,0.017485219751016964,,,,,28,0.7142857142857143,0.02276307398678685,3,0.6666666666666666,0.023857807446471584
56,commodity_network_factor,商品网络因子,industry_chain,extension,predictor,按产业链和替代关系聚合邻居冲击,sum(w_ij*z(signal_j)),mixed,经确认的商品网络邻接与权重,unavailable,未提供经确认的商品网络邻接表与权重,False,False,0.0,1.0,0,0,0,False,,unavailable_required_data_missing,商品网络因子,industry_chain,extension,predictor,按产业链和替代关系聚合邻居冲击,mixed,1.0,0.0,0,,,,,,,,,,,,,,,,,,,,,,,,,,,,,,,,,F 数据不足无法判断,False,机器学习接口采用预注册与数据质量硬门；统计结果只作研究报告，不用于回看式选特征,,,,,,,,0,,,0,,
57,correlation_risk_20_120,相关性风险因子,volatility_risk,extension,risk,品种与商品市场短期相关性相对长期基准的上升,"corr_20(r_i,r_market)-corr_120(r_i,r_market)",negative,实际主力合约收益、商品市场收益,computed,,False,True,0.9319138120922877,0.06808618790771226,66000,66000,30,False,2015-07-02,pre_registered_and_data_quality_pass,相关性风险因子,volatility_risk,extension,risk,品种与商品市场短期相关性相对长期基准的上升,negative,-1.0,0.9972244067169358,1450,-0.028821446971048405,-0.03073256817046739,0.23735885351551667,-0.12142562429913441,0.24595712622185198,-0.1249509158061425,0.44,0.41586206896551725,0.523448275862069,-2.6642132039939304,0.007802467022136894,-0.409545201110611,-0.08749801272320945,0.0869217199917073,-1.0091115267876873,-0.43968307142461327,-0.19900245974835443,0.8006896551724138,-2.6065312540884276,0.00962081752960369,-0.06885828588247245,-0.7779796394120196,-0.08008629772129972,-0.9167467958400521,-0.08749801272320945,-1.0091115267876873,-0.10577290239922976,-1.2394628777682906,-0.8999999999999998,-0.002735903722990243,0.19260628031767363,0.4425576063617697,D 风险变量,True,机器学习接口采用预注册与数据质量硬门；统计结果只作研究报告，不用于回看式选特征,0.0,0.013745193939748795,-0.02677451862175789,correlation_risk_20_120__csz,65.0,correlation_risk_20_120__csz,0.11542961726033861,30,0.4,-0.00841616937811376,4,0.25,-0.018391264754544195
