factor_id,product,time_series_ic,time_series_rank_ic,observations
tsmom_60,AG,-0.05075381487572657,-0.07851108495876512,1448
tsmom_60,AL,-0.04991183867802474,-0.06052258560239755,1450
tsmom_60,AU,-0.04761618011019577,-0.05768068272332951,1450
tsmom_60,BU,-0.13367363585680483,-0.12590881563875952,1448
tsmom_60,C,0.051467158178967305,0.03623976085952174,1450
tsmom_60,CF,0.08015904350339587,0.044783711296535585,1448
tsmom_60,CS,-0.030651983786060166,-0.043294258895935904,1449
tsmom_60,CU,0.039562885105804114,-0.045567143753854844,1450
tsmom_60,FU,-0.08196587875060407,-0.08663971367304683,1446
tsmom_60,HC,0.0015142115755020047,0.010313315778643023,1450
tsmom_60,I,-0.0037612359088404976,0.004757736422433825,1448
tsmom_60,J,-0.017185982076774603,-0.010279064728003908,1450
tsmom_60,JM,0.03950234492447061,0.06342050179130768,1450
tsmom_60,L,-0.0551945851437017,-0.06613523870126774,1450
tsmom_60,M,0.029340916885164083,0.020164359021948523,1450
tsmom_60,MA,-0.05549176459261371,-0.05254430009371456,1448
tsmom_60,NI,-0.02262252989693407,-0.02578920771198534,1440
tsmom_60,P,0.04383395315843217,0.06243963224395061,1448
tsmom_60,PP,-0.09666216332966152,-0.07758545953550051,1450
tsmom_60,RB,-0.015374482084273226,-0.005993474732478889,1450
tsmom_60,RM,-0.007730062411919129,-0.04048021800157212,1450
tsmom_60,SA,0.014172252438372324,0.009408151107660318,1164
tsmom_60,SC,-0.026741978669805513,-0.04758504209926789,1441
tsmom_60,SF,-0.023795772562264894,-0.0670207928424659,1450
tsmom_60,SN,0.0641713028536295,0.05353751793985846,1450
tsmom_60,SR,-0.04308361156348463,-0.07071046628820675,1450
tsmom_60,TA,-0.014430811908522842,-0.03101272065919517,1446
tsmom_60,V,0.02821697365104357,0.008593923238338989,1450
tsmom_60,Y,-0.01236459524429641,0.019101422330085507,1450
tsmom_60,ZN,-0.051172338140559666,-0.05123811346815026,1450
csmom_60,AG,-0.05665827536115788,-0.07223393702192606,1448
csmom_60,AL,-0.023842422719379225,-0.027851941460040143,1450
csmom_60,AU,0.016244698258133242,-0.007322484906480492,1450
csmom_60,BU,-0.11049343592984223,-0.12114848638374996,1448
csmom_60,C,-0.0007550624869073552,-0.00907668676496791,1450
csmom_60,CF,0.104267727731679,0.09496114796785605,1448
csmom_60,CS,-0.11628526005522903,-0.10695104896532635,1449
csmom_60,CU,0.028754231351140438,-0.006760545373019421,1450
csmom_60,FU,-0.11025076156704874,-0.11434033547869998,1446
csmom_60,HC,0.0243331519478821,0.009024100271032528,1450
csmom_60,I,0.027430189923842503,0.018487203166898166,1448
csmom_60,J,-0.015679359116774975,-0.0152416930058537,1450
csmom_60,JM,0.04943430789664287,0.07246566831879839,1450
csmom_60,L,-0.06340656441987517,-0.07432425927016612,1450
csmom_60,M,0.06618980841495054,0.05389131181822136,1450
csmom_60,MA,-0.09764497958641405,-0.11241990730669946,1448
csmom_60,NI,0.045590361951915896,0.03267163709163364,1440
csmom_60,P,0.04827690583830785,0.0680269595689507,1448
csmom_60,PP,-0.0953984972045071,-0.10467221218792626,1450
csmom_60,RB,0.01729456030195305,0.0035630421295495974,1450
csmom_60,RM,0.019017492180195137,0.00437756359633317,1450
csmom_60,SA,-0.018047945063910047,-0.03503233882450205,1164
csmom_60,SC,-0.0033606045911896546,-0.03101108387395175,1441
csmom_60,SF,-0.0815153686536444,-0.11553255415733518,1450
csmom_60,SN,0.07356153156496872,0.09324962226709534,1450
csmom_60,SR,-0.06237421759551425,-0.06597343979048048,1450
csmom_60,TA,-0.026668330031838133,-0.028820528407908542,1446
csmom_60,V,-0.03635496771182689,-0.04901197782522912,1450
csmom_60,Y,-0.0286407471877156,-0.014855008187108837,1450
csmom_60,ZN,-0.02976881967050431,-0.028593698074051887,1450
trend_efficiency_60,AG,0.07385451670119933,0.013779030636651604,1448
trend_efficiency_60,AL,-0.033088327883623564,-0.009165421821873306,1450
trend_efficiency_60,AU,-0.04857003085326113,-0.04737028007971282,1450
trend_efficiency_60,BU,0.0339015389308164,0.0314258871455637,1448
trend_efficiency_60,C,0.05133331217308917,0.03567637781583566,1450
trend_efficiency_60,CF,-0.06002340201842475,-0.03991544714075181,1448
trend_efficiency_60,CS,0.00890771799923532,0.008568012804721654,1449
trend_efficiency_60,CU,0.02767680028823891,0.011192031522874797,1450
trend_efficiency_60,FU,-0.0010340729734232923,-0.016069742336281296,1446
trend_efficiency_60,HC,-0.007502998883272548,0.012848889688611594,1450
trend_efficiency_60,I,-0.018942320523036616,-0.01652308548697533,1448
trend_efficiency_60,J,0.03841864443499912,0.018695042048800452,1450
trend_efficiency_60,JM,0.027473442254997312,-0.0013981038694273595,1450
trend_efficiency_60,L,0.03925088266148901,0.001849029452067216,1450
trend_efficiency_60,M,0.04416824966119815,0.05601684386609932,1450
trend_efficiency_60,MA,0.04319001077098179,0.05454796614985586,1448
trend_efficiency_60,NI,0.01952486686451747,0.007364309633662954,1440
trend_efficiency_60,P,-0.011019554410861691,-0.001062540391270417,1448
trend_efficiency_60,PP,0.03940704016033117,0.034019726699384745,1450
trend_efficiency_60,RB,0.012572714214731308,0.025751842311611848,1450
trend_efficiency_60,RM,0.055110004841727116,0.016273816554231605,1450
trend_efficiency_60,SA,-0.0822548522137547,-0.06808914767107183,1164
trend_efficiency_60,SC,-0.01444286660931418,-0.03262371807507635,1441
trend_efficiency_60,SF,0.05345170315768724,0.02283475853764305,1450
trend_efficiency_60,SN,0.004550733920979596,0.030853339698172968,1450
trend_efficiency_60,SR,0.004215313462940513,-0.019138659722814165,1450
trend_efficiency_60,TA,0.011000171065633509,0.0039185590943100965,1446
trend_efficiency_60,V,0.0013523735297362785,-0.004786964413097029,1450
trend_efficiency_60,Y,-0.0015518924685333844,0.004671395052032189,1450
trend_efficiency_60,ZN,-0.04962909248676213,-0.01501353184373204,1450
multi_horizon_trend,AG,-0.039321241311589074,-0.08457013189122596,1448
multi_horizon_trend,AL,0.020455710854565753,0.00917710235749188,1450
multi_horizon_trend,AU,-0.03016326833335669,-0.04589869335790702,1450
multi_horizon_trend,BU,-0.12236260028992163,-0.14981248435818606,1448
multi_horizon_trend,C,0.031993686735055815,0.005136593495318293,1450
multi_horizon_trend,CF,0.10638610244466373,0.05278955576555939,1448
multi_horizon_trend,CS,-0.04094287497751186,-0.07486849933857641,1449
multi_horizon_trend,CU,0.012281585369680248,-0.0695107824572899,1450
multi_horizon_trend,FU,-0.08218750708592104,-0.10252603742729968,1446
multi_horizon_trend,HC,0.03256498871778463,0.03639558018784891,1450
multi_horizon_trend,I,-0.005617615153759803,0.012121521448854533,1448
multi_horizon_trend,J,-0.014927429413737224,-0.0033966694518602707,1450
multi_horizon_trend,JM,0.05526220786661686,0.07486591696918948,1450
multi_horizon_trend,L,-0.053603869488485424,-0.08572182265380249,1450
multi_horizon_trend,M,0.012776286727666609,0.007969770459015424,1450
multi_horizon_trend,MA,-0.00565290780267486,-0.011131593623350578,1448
multi_horizon_trend,NI,-0.03214086988323609,-0.04117145140837752,1440
multi_horizon_trend,P,0.05902722109061596,0.07661284663410958,1448
multi_horizon_trend,PP,-0.09262266601149008,-0.12813240404084095,1450
multi_horizon_trend,RB,0.011122578464325478,0.008015920440815352,1450
multi_horizon_trend,RM,-0.01897484941667071,-0.03820360808268082,1450
multi_horizon_trend,SA,0.019580122342613446,0.012408626626627813,1104
multi_horizon_trend,SC,0.009451060175213914,-0.0037852365557075984,1441
multi_horizon_trend,SF,-0.06246901506410989,-0.1065175512328131,1450
multi_horizon_trend,SN,0.06419590717983067,0.04340751325250206,1450
multi_horizon_trend,SR,-0.0631426114631803,-0.07923109314344051,1450
multi_horizon_trend,TA,0.03062068551746433,0.007154457016874423,1446
multi_horizon_trend,V,0.011802661830130763,-0.010128965350133596,1450
multi_horizon_trend,Y,0.011315400415860665,0.03039962742841918,1450
multi_horizon_trend,ZN,-0.054563029578193256,-0.06857581278802599,1450
carry_annualized,AG,0.03321580794292133,0.03432906943648789,1436
carry_annualized,AL,0.10120637624120879,0.12150627264582568,1450
carry_annualized,AU,0.07261583137019162,0.06481193263064368,1450
carry_annualized,BU,-0.019331919948679534,-0.03701181084230086,1448
carry_annualized,C,-0.07599522278255307,-0.06739460485411347,1450
carry_annualized,CF,-0.038270475065276394,-0.02468685596277309,1448
carry_annualized,CS,-0.03864042723710233,-0.07714647396513814,1449
carry_annualized,CU,0.13396427267299177,0.11996903812214364,1450
carry_annualized,FU,-0.01616010590787044,-0.04603371272571135,1446
carry_annualized,HC,0.08156450368993547,0.11684758097799065,1450
carry_annualized,I,0.01885337226085619,0.012283847143582454,1448
carry_annualized,J,0.04694698686834742,0.023267063620903854,1450
carry_annualized,JM,0.05724039516924415,0.05881388310958911,1450
carry_annualized,L,0.008217382110589096,0.005769995443264962,1450
carry_annualized,M,0.016267264359228532,0.02754959215860266,1450
carry_annualized,MA,-0.06555603627228883,-0.0438536997632571,1448
carry_annualized,NI,0.011220710964755635,0.00576006213802259,1440
carry_annualized,P,-0.0074569513584223455,0.07536048017253316,1448
carry_annualized,PP,0.037968743621472,0.04141716462864062,1450
carry_annualized,RB,0.08098566844707462,0.06949723012937634,1450
carry_annualized,RM,0.05907898244476894,0.044109150603803896,1450
carry_annualized,SA,-0.004386571076854315,-0.024513163827418798,1224
carry_annualized,SC,0.025067061141975135,-0.005100677289797499,1441
carry_annualized,SF,-0.12343351787639067,-0.022612441874990178,1450
carry_annualized,SN,0.0504307380128991,0.09862514963936309,1430
carry_annualized,SR,-0.035895045300563616,-0.0316432067524713,1450
carry_annualized,TA,-0.05952224717309396,-0.021211377337733678,1446
carry_annualized,V,0.03540855709812268,0.09396566995203541,1450
carry_annualized,Y,0.005835104125312083,0.0003367825234950808,1450
carry_annualized,ZN,0.08844838687408368,0.11434904594587557,1450
carry_change_20,AG,0.0056057032330808845,-0.015222433216045212,1411
carry_change_20,AL,0.0535521766969483,0.08294964019042782,1450
carry_change_20,AU,0.05834543846015769,0.07501848440767786,1450
carry_change_20,BU,-0.010656803382135776,0.003416468510011452,1443
carry_change_20,C,-0.05926345741198925,-0.03855523890059354,1450
carry_change_20,CF,-0.13539775020188155,-0.04890172077680334,1448
carry_change_20,CS,-0.09126573710562343,-0.09922430035437152,1449
carry_change_20,CU,0.11564476517683236,0.1415956742328723,1450
carry_change_20,FU,0.019206866336642946,0.0029083318984141886,1446
carry_change_20,HC,-0.0431045775200433,-0.004976924965679711,1450
carry_change_20,I,-0.0365643607829421,-0.040829229623821024,1448
carry_change_20,J,0.024720106709265603,-0.08292413619519627,1450
carry_change_20,JM,0.07555512424652557,0.02174552379106573,1450
carry_change_20,L,-0.029383775367529126,-0.032812323152236283,1450
carry_change_20,M,-0.03730039480347854,-0.0615037977536969,1450
carry_change_20,MA,-0.057910986273340015,0.00016390187254281512,1448
carry_change_20,NI,0.033497433465185036,0.01792250666146058,1440
carry_change_20,P,0.07126987742859937,0.06185039218446879,1448
carry_change_20,PP,0.02410921787915123,0.04262587979654885,1450
carry_change_20,RB,-0.03272906742218645,-0.024886629540048874,1450
carry_change_20,RM,-0.010419808948077761,-0.011600968758238786,1450
carry_change_20,SA,-0.15619919490210585,-0.06960228407081379,1204
carry_change_20,SC,0.02051249974130336,0.04612584583843958,1441
carry_change_20,SF,-0.14657664582293312,-0.10304449440841357,1450
carry_change_20,SN,0.07361682179685552,0.09162646797855749,1410
carry_change_20,SR,-0.0937823192237578,-0.0890633792661845,1450
carry_change_20,TA,-0.01443432774464156,0.015427184560359295,1446
carry_change_20,V,0.06094158730789383,0.030504005159979898,1450
carry_change_20,Y,0.009510188302418385,-0.015553144047418031,1450
carry_change_20,ZN,0.11652401584096822,0.1452001387877576,1450
basis_fresh,AG,0.08427442133171979,0.05020688976513903,1206
basis_fresh,AL,0.09847778884330703,0.10359036193571804,1208
basis_fresh,AU,0.09612303984855575,0.05323975311741271,1208
basis_fresh,BU,0.05724044281080988,0.05343515260107175,1206
basis_fresh,C,-0.04240707191814862,-0.032007605686274414,1208
basis_fresh,CF,0.008288687413730062,0.02603650566710614,1206
basis_fresh,CS,0.06286732177166468,0.045118562661537326,1207
basis_fresh,CU,0.05653412338140626,0.0729859573615388,1208
basis_fresh,FU,,,0
basis_fresh,HC,0.03320271041000089,0.058898622653909355,1208
basis_fresh,I,,,0
basis_fresh,J,0.013875725180423536,-0.02520067321369361,1208
basis_fresh,JM,0.04678686719385964,0.05529092645310439,1208
basis_fresh,L,0.0632587794007919,0.056996973492581295,1208
basis_fresh,M,-0.03638428628770591,-0.056481205840320195,1208
basis_fresh,MA,-0.13260823769153773,-0.08617470941710564,1206
basis_fresh,NI,0.08626427116787251,0.06543959494475607,1198
basis_fresh,P,0.012473050116831278,0.15178216304720382,1206
basis_fresh,PP,0.12488671676703215,0.09725755752709621,1208
basis_fresh,RB,0.06825044757560611,0.08643059108446789,1208
basis_fresh,RM,-0.005154303465897871,0.016941482687922883,1208
basis_fresh,SA,-0.06826709108076523,-0.08858342062566904,978
basis_fresh,SC,,,0
basis_fresh,SF,-0.1481878351560488,0.04185765680433527,1208
basis_fresh,SN,0.12396242307916173,0.13212744790043113,1208
basis_fresh,SR,0.08082919713350134,0.08521869683485395,1208
basis_fresh,TA,-0.05925279484373324,-0.02601181277584415,1204
basis_fresh,V,-0.17564229172673476,0.008698152100859273,1208
basis_fresh,Y,0.03154355221344024,0.02999820820918967,1208
basis_fresh,ZN,0.1669453099160102,0.16105710065364356,1208
basis_shock_20,AG,-0.01690712466072019,-0.0020599455045650105,1196
basis_shock_20,AL,0.005197563512808992,-0.003565334966533613,1198
basis_shock_20,AU,-0.001139792613856846,0.02569801277730991,1198
basis_shock_20,BU,-0.012897048653735322,0.01638586786147135,1196
basis_shock_20,C,-0.010179631768413978,-0.022526084476632485,1198
basis_shock_20,CF,-0.004906663226005482,0.021584286409200227,1196
basis_shock_20,CS,-0.0372519171907501,-0.03648889835547848,1197
basis_shock_20,CU,0.025541416057408412,0.04084685471926357,1198
basis_shock_20,FU,,,0
basis_shock_20,HC,-0.01159321883518473,-0.01186938158937133,1198
basis_shock_20,I,,,0
basis_shock_20,J,0.0051481588985810844,0.011000949022632048,1198
basis_shock_20,JM,0.023880365111969164,0.027141459114064882,1198
basis_shock_20,L,-0.011388881213579892,-0.02193823788689775,1198
basis_shock_20,M,0.017538346897394794,0.01241324013668379,1198
basis_shock_20,MA,0.03809201297127244,0.05557938870175062,1196
basis_shock_20,NI,0.018933179344542292,0.04280086245384353,1188
basis_shock_20,P,0.014433659930136348,0.009317549172362037,1196
basis_shock_20,PP,-0.01731678609292635,-0.02274528979857123,1198
basis_shock_20,RB,0.028922762189028006,0.03257605887213379,1198
basis_shock_20,RM,-0.0005795522800908835,-0.002400868136900014,1198
basis_shock_20,SA,0.033064964204087645,0.011236444675940547,959
basis_shock_20,SC,,,0
basis_shock_20,SF,0.012104170494749983,0.0051500701778917956,1198
basis_shock_20,SN,0.05607033821249029,0.016254464183533154,1198
basis_shock_20,SR,0.058069433351757516,0.03436663711217512,1198
basis_shock_20,TA,0.04179731937554803,0.0447791866921573,1194
basis_shock_20,V,-0.009903374475925299,0.0006174717818477559,1198
basis_shock_20,Y,0.003355675518896726,-0.002263962499976503,1198
basis_shock_20,ZN,0.014810446643324347,0.018947968603113343,1198
basis_momentum_20,AG,0.08115222576281919,0.06370809813492129,1196
basis_momentum_20,AL,-0.024233896367967172,-0.002955585880179254,1198
basis_momentum_20,AU,0.07533790580554829,0.042814701759143765,1198
basis_momentum_20,BU,0.016212929813282696,-0.019202869950688,1196
basis_momentum_20,C,-0.06262423714239677,-0.05099564542065497,1198
basis_momentum_20,CF,-0.03752949256982935,-0.005330971307689129,1196
basis_momentum_20,CS,0.02550238653304857,-0.00025887097094270066,1197
basis_momentum_20,CU,-0.016633812245864812,0.03424440649289926,1198
basis_momentum_20,FU,,,0
basis_momentum_20,HC,-0.031036952626124575,-0.056369212265743034,1198
basis_momentum_20,I,,,0
basis_momentum_20,J,0.018054735038507626,-0.024097282674972357,1198
basis_momentum_20,JM,0.07144714293089688,0.11467370161749811,1198
basis_momentum_20,L,-0.0366117619366454,-0.02471985071092835,1198
basis_momentum_20,M,-0.06305049582302155,-0.051222009700121716,1198
basis_momentum_20,MA,-0.16822210229343496,-0.11656740470446825,1196
basis_momentum_20,NI,0.0874168738655983,0.06172544573872792,1189
basis_momentum_20,P,0.05365371574788284,0.045987431607495896,1196
basis_momentum_20,PP,0.07035576338187258,0.04816911163480008,1198
basis_momentum_20,RB,-0.06420878546279388,-0.030691002135218838,1198
basis_momentum_20,RM,-0.021890074746907674,0.022973471478059084,1198
basis_momentum_20,SA,-0.19983606833138354,-0.1639918770023259,945
basis_momentum_20,SC,,,0
basis_momentum_20,SF,0.0060233136346366425,0.05981646258406829,1198
basis_momentum_20,SN,0.05226739970817263,0.010372062366816218,1198
basis_momentum_20,SR,0.07552858719527968,0.07438858404058293,1198
basis_momentum_20,TA,-0.06983383318709475,-0.06722730120688741,1194
basis_momentum_20,V,-0.18454173898840537,-0.054479727014271395,1198
basis_momentum_20,Y,0.020069981317377243,0.02335825440627702,1198
basis_momentum_20,ZN,0.044183338441535644,0.05439530077835947,1198
curve_curvature,AG,0.006875837425075044,0.037102631177189684,1330
curve_curvature,AL,-0.011108023683182987,-0.020811423236703784,1450
curve_curvature,AU,-0.023140981613784396,-0.05331920299281082,1448
curve_curvature,BU,-0.07046524729109782,-0.07484408409647152,1351
curve_curvature,C,0.02022997628364337,0.016387182847940426,1450
curve_curvature,CF,0.04906624961953829,0.013366019049651763,1432
curve_curvature,CS,-0.009102875356388167,0.01263799365243378,1190
curve_curvature,CU,-0.07039909069883488,-0.09151589690730379,1450
curve_curvature,FU,-0.026294608397767608,-0.06758719986965753,1317
curve_curvature,HC,-0.05992630751918299,-0.08450865009840924,1390
curve_curvature,I,-0.11797313344502215,-0.08084864594174417,1448
curve_curvature,J,0.025150976459544647,0.05205734454040815,792
curve_curvature,JM,-0.05716578170880931,-0.0585714269506104,818
curve_curvature,L,0.008655612033843414,-0.053628629326403714,1239
curve_curvature,M,-0.000907447100739274,-0.019697775205285758,1450
curve_curvature,MA,-0.057590392279735364,-0.05599978079945695,1417
curve_curvature,NI,-0.022759923630191723,-0.015776694383633806,1440
curve_curvature,P,0.09476928213763282,0.05085214598160826,1328
curve_curvature,PP,-0.04763515734234752,-0.05512060969017808,1343
curve_curvature,RB,-0.034107202012743545,-0.031048600180884046,1403
curve_curvature,RM,-0.010781567911255728,-0.014126022030587396,1435
curve_curvature,SA,0.056312823825589615,0.02568602479633946,1169
curve_curvature,SC,-0.07342172345210998,-0.05777327252635522,1438
curve_curvature,SF,0.04694330568555249,0.007185212693073852,1297
curve_curvature,SN,-0.07438321027524152,-0.09264092391747794,1217
curve_curvature,SR,0.0007961902169829869,0.015753637077620817,1436
curve_curvature,TA,0.0947239330256198,0.02435350017620149,1446
curve_curvature,V,-0.05861727220419584,-0.06693767543725569,1343
curve_curvature,Y,0.047026753587960254,0.03381990697814645,1354
curve_curvature,ZN,-0.030825211657717212,-0.038666340117965846,1450
value_252,AG,0.040103505193471015,0.061870827750525235,1448
value_252,AL,0.0061741673520182335,0.033017410508125795,1450
value_252,AU,0.006298110323339381,0.029596965124772112,1450
value_252,BU,0.05928195911788538,0.10169573955898815,1448
value_252,C,-0.053675838256852494,-0.03977784762616785,1450
value_252,CF,-0.06550221300012174,-0.03100991592110058,1448
value_252,CS,0.006159603001980297,0.03339890234671398,1449
value_252,CU,-0.01619356353222285,0.08110625017191368,1450
value_252,FU,0.008095050559390176,0.02300305679377614,1446
value_252,HC,0.006507120037977036,0.030154110034458864,1450
value_252,I,0.023312334085343344,0.02485555253152545,1448
value_252,J,0.015031811456891152,0.0027967291068603313,1450
value_252,JM,-0.004195271594867003,-0.03469527730697059,1450
value_252,L,0.06389588685902726,0.07555068775811113,1450
value_252,M,-0.012300338225574333,-0.02928566100919766,1450
value_252,MA,0.015409400917046725,0.015625137937406497,1448
value_252,NI,0.015615929746576829,0.030422289722817807,1440
value_252,P,-0.03062776621419422,-0.03455197954758071,1448
value_252,PP,0.11291055723330365,0.10488642071655958,1450
value_252,RB,0.03908102808893463,0.053943496546815656,1450
value_252,RM,-0.021986447522952677,0.004093686676670515,1450
value_252,SA,0.017871821632471616,-0.0050109292406255775,1098
value_252,SC,-0.02423445196643645,0.0036953406436264855,1441
value_252,SF,0.0019581211152480964,0.05192999964380115,1450
value_252,SN,-0.01933078317839965,-0.03801774410618851,1450
value_252,SR,0.09303251820723442,0.0990856538729882,1450
value_252,TA,-0.04271259094566726,-0.029255356935852968,1446
value_252,V,-0.021995791730431615,-0.020101068475414968,1450
value_252,Y,0.021082133986875785,-0.0039171811852127605,1450
value_252,ZN,0.023730129685119318,0.022451872783273895,1450
short_reversal_5,AG,0.09882667571056593,0.060503392779347784,1448
short_reversal_5,AL,-0.004245779605950828,0.0008585587578262032,1450
short_reversal_5,AU,0.13981871184140252,0.07253196944436091,1450
short_reversal_5,BU,0.01618313236725742,0.03941922138375201,1448
short_reversal_5,C,-0.016687721859212964,-0.019072500920754125,1450
short_reversal_5,CF,-0.06663750707802094,-0.01231814336157385,1448
short_reversal_5,CS,0.031946289399393445,0.022602772631705126,1449
short_reversal_5,CU,-0.047781626353541405,0.009729377964058442,1450
short_reversal_5,FU,0.07987591600721783,0.09257735331620835,1446
short_reversal_5,HC,0.00884798913526494,0.0045410259326427605,1450
short_reversal_5,I,0.04799990363718295,0.002449056354920452,1448
short_reversal_5,J,0.0208492251793876,-0.005520111012252945,1450
short_reversal_5,JM,0.023687465024000112,0.02288071095115511,1450
short_reversal_5,L,0.02795312998050875,0.0019252894515017023,1450
short_reversal_5,M,-0.004587042188389277,-0.009010737959913756,1450
short_reversal_5,MA,-0.01312364486080241,0.02568455879402061,1448
short_reversal_5,NI,0.06643804175335201,0.047278060073801996,1440
short_reversal_5,P,-0.04068481183443132,-0.02501099528713786,1448
short_reversal_5,PP,0.009781519714383907,-0.000710575132550325,1450
short_reversal_5,RB,0.0212559257363799,0.029411548417334236,1450
short_reversal_5,RM,0.012266621295337427,0.03672018165089384,1450
short_reversal_5,SA,-0.09140346688685443,-0.10518470116027943,1219
short_reversal_5,SC,0.09023702884529239,0.10632458600582573,1441
short_reversal_5,SF,-0.12229309406782209,0.031267473151410125,1450
short_reversal_5,SN,0.05414609089574162,0.05390188434383773,1450
short_reversal_5,SR,0.12912398240217182,0.11319664916144513,1450
short_reversal_5,TA,0.0004993117913728462,-0.007141615687944384,1446
short_reversal_5,V,-0.08810793375683845,0.0039096898156934234,1450
short_reversal_5,Y,-0.010592354321708962,-0.008127207992712682,1450
short_reversal_5,ZN,0.06377953766705793,0.027256982577605546,1450
inventory_scarcity,AG,,,0
inventory_scarcity,AL,0.013322178597300248,0.033264082871167173,1444
inventory_scarcity,AU,0.0462578154881033,0.11774033566974534,1444
inventory_scarcity,BU,-0.054149830891009124,-0.07262937505043858,1442
inventory_scarcity,C,,,0
inventory_scarcity,CF,,,0
inventory_scarcity,CS,,,0
inventory_scarcity,CU,0.08768836133551376,0.05204929072955815,1444
inventory_scarcity,FU,-0.006299657316894383,0.00941917172294912,1413
inventory_scarcity,HC,,,0
inventory_scarcity,I,,,0
inventory_scarcity,J,,,0
inventory_scarcity,JM,,,0
inventory_scarcity,L,,,0
inventory_scarcity,M,,,0
inventory_scarcity,MA,,,0
inventory_scarcity,NI,0.06671041107546635,0.08326082856743948,1434
inventory_scarcity,P,,,0
inventory_scarcity,PP,,,0
inventory_scarcity,RB,,,0
inventory_scarcity,RM,,,0
inventory_scarcity,SA,,,0
inventory_scarcity,SC,,,0
inventory_scarcity,SF,,,0
inventory_scarcity,SN,0.029419055446666578,0.062326756220112814,1444
inventory_scarcity,SR,,,0
inventory_scarcity,TA,,,0
inventory_scarcity,V,,,0
inventory_scarcity,Y,,,0
inventory_scarcity,ZN,0.013312467071042848,-0.028389026298652593,1444
inventory_change_5,AG,,,1442
inventory_change_5,AL,0.07481745645174048,0.04312571873448892,1444
inventory_change_5,AU,-0.026642817012279083,-0.005152552705500204,1444
inventory_change_5,BU,0.006244163306472331,0.06593329713724685,1442
inventory_change_5,C,,,0
inventory_change_5,CF,,,0
inventory_change_5,CS,,,0
inventory_change_5,CU,0.09264139775621434,0.07054016229980922,1444
inventory_change_5,FU,0.0501483677123648,0.0821535141481121,1440
inventory_change_5,HC,,,1444
inventory_change_5,I,,,0
inventory_change_5,J,,,0
inventory_change_5,JM,,,0
inventory_change_5,L,,,0
inventory_change_5,M,,,0
inventory_change_5,MA,,,0
inventory_change_5,NI,0.03163490525670533,0.05922914114886814,1434
inventory_change_5,P,,,0
inventory_change_5,PP,,,0
inventory_change_5,RB,,,0
inventory_change_5,RM,,,0
inventory_change_5,SA,,,0
inventory_change_5,SC,,,0
inventory_change_5,SF,,,0
inventory_change_5,SN,0.000609623407138818,0.030987155316402056,1444
inventory_change_5,SR,,,0
inventory_change_5,TA,,,0
inventory_change_5,V,,,0
inventory_change_5,Y,,,0
inventory_change_5,ZN,0.018520454499243093,0.010684494133983811,1444
inventory_surprise,AG,,,0
inventory_surprise,AL,0.0052161703689868775,-0.04027382928786548,306
inventory_surprise,AU,-0.06461439359903293,0.03896544467095324,306
inventory_surprise,BU,-0.1176659596152418,-0.009418958785108861,290
inventory_surprise,C,,,0
inventory_surprise,CF,,,0
inventory_surprise,CS,,,0
inventory_surprise,CU,0.058558823013444346,0.059006551304240394,306
inventory_surprise,FU,-0.052595533607513165,0.00442049413200273,270
inventory_surprise,HC,,,0
inventory_surprise,I,,,0
inventory_surprise,J,,,0
inventory_surprise,JM,,,0
inventory_surprise,L,,,0
inventory_surprise,M,,,0
inventory_surprise,MA,,,0
inventory_surprise,NI,0.00018216157538871182,0.04597254375998429,304
inventory_surprise,P,,,0
inventory_surprise,PP,,,0
inventory_surprise,RB,,,0
inventory_surprise,RM,,,0
inventory_surprise,SA,,,0
inventory_surprise,SC,,,0
inventory_surprise,SF,,,0
inventory_surprise,SN,-0.037614503320173395,0.0006870650219825208,306
inventory_surprise,SR,,,0
inventory_surprise,TA,,,0
inventory_surprise,V,,,0
inventory_surprise,Y,,,0
inventory_surprise,ZN,-0.02757399555164015,-0.01675404182071184,306
warehouse_tightness,AG,0.049865258002578655,0.040752507083992875,1427
warehouse_tightness,AL,0.035564916602919765,0.10384562544185194,1428
warehouse_tightness,AU,0.04686342316924218,0.11632548268501293,1140
warehouse_tightness,BU,-0.07359944176503866,-0.07066534680300604,1427
warehouse_tightness,C,0.05655560526063792,0.053687624340721996,1429
warehouse_tightness,CF,0.05789544771060429,0.01931260561293016,1427
warehouse_tightness,CS,0.011961887361270556,0.10936314592531172,1324
warehouse_tightness,CU,0.06179243723455374,0.016424754781244867,1428
warehouse_tightness,FU,-0.004214516058186205,-0.04875986590928946,1424
warehouse_tightness,HC,-0.0009540770754564616,0.06260865750433342,1429
warehouse_tightness,I,0.05285352004123889,0.10708207526314208,1211
warehouse_tightness,J,0.011292918927702327,0.02388628787003405,1329
warehouse_tightness,JM,-0.033685056870731325,0.019255366993422784,672
warehouse_tightness,L,0.03970008336228457,0.06910705549036768,1416
warehouse_tightness,M,0.020419106220470187,0.0010687562079940113,1429
warehouse_tightness,MA,0.04220191060611037,0.05025913640269626,1403
warehouse_tightness,NI,0.06930056733010868,0.08164201312338296,1419
warehouse_tightness,P,-0.06141503765381786,-0.06081357198168396,1427
warehouse_tightness,PP,0.05068603836082444,0.018169151375785203,1424
warehouse_tightness,RB,0.05350395060799007,0.08512545245695015,1429
warehouse_tightness,RM,0.03149977259334454,0.049270743719775745,1429
warehouse_tightness,SA,-0.015895674566207052,0.01052166655559792,867
warehouse_tightness,SC,-0.01719221767650168,0.020486949336291662,1308
warehouse_tightness,SF,0.00013383831082390492,0.03427166059914488,1424
warehouse_tightness,SN,0.03905476348065126,0.07202941133291439,1429
warehouse_tightness,SR,0.007508879021584371,-0.007010297251357156,1429
warehouse_tightness,TA,-0.03908609573879821,-0.03954495569058381,1425
warehouse_tightness,V,0.03152487179888994,0.09284700156147599,1429
warehouse_tightness,Y,-0.014191405287184993,-0.007642569967941483,1429
warehouse_tightness,ZN,0.04520503136935289,0.022622056842372947,1429
tightness_composite,AG,0.04709373848604965,0.030835272906225404,1186
tightness_composite,AL,0.06530166704690481,0.07521656828916577,1433
tightness_composite,AU,0.06052933201173337,0.1366609213875998,1386
tightness_composite,BU,-0.041287116821655465,-0.03312417072535788,1431
tightness_composite,C,0.0179794570704035,0.03275464869252448,1200
tightness_composite,CF,0.051138820127251676,0.04146837470513295,1198
tightness_composite,CS,0.01560666326181654,0.07203127642134577,1096
tightness_composite,CU,0.07691782542654427,0.03543466768426436,1433
tightness_composite,FU,-0.00841148550672297,-0.045670610662248055,1398
tightness_composite,HC,0.004497642330031426,0.04636112715254822,1200
tightness_composite,I,,,0
tightness_composite,J,0.016122507013995195,-0.009059183053749142,1100
tightness_composite,JM,0.22619622956409846,0.16828311029717094,502
tightness_composite,L,0.029672809947852898,0.05591982128343245,1187
tightness_composite,M,-0.05471955764144657,-0.04265376843047458,1200
tightness_composite,MA,-0.05064265821974389,-0.039034239354546925,1174
tightness_composite,NI,0.03258226387900786,0.029282807050439324,1423
tightness_composite,P,-0.019878876986542195,0.09328920636692387,1198
tightness_composite,PP,0.058727380156093086,0.036103912796638084,1195
tightness_composite,RB,0.07067839486582093,0.07638151885092642,1200
tightness_composite,RM,0.011322855655713752,0.015485959853760766,1200
tightness_composite,SA,-0.02782062514894859,-0.10818064079355968,639
tightness_composite,SC,,,0
tightness_composite,SF,-0.001454461060370787,0.031497120724552706,1195
tightness_composite,SN,0.04472679572802674,0.08502331912936545,1432
tightness_composite,SR,0.04055776473576045,0.03502400732594961,1200
tightness_composite,TA,-0.06502771826293735,-0.04530571691374979,1196
tightness_composite,V,-0.011686053671015068,0.07360663979062464,1200
tightness_composite,Y,0.023624624873280587,0.03530601107984248,1200
tightness_composite,ZN,0.09466311980824531,0.07262815573320139,1433
oi_growth_20,AG,-0.059965689506100775,-0.020009475492262497,1448
oi_growth_20,AL,0.054873977509007736,0.05786516219938577,1450
oi_growth_20,AU,0.019083950752063553,-0.004043753490427707,1450
oi_growth_20,BU,0.042473464484416884,0.06483464695738338,1448
oi_growth_20,C,0.05179258617279908,0.04978058553191207,1450
oi_growth_20,CF,0.0045072247202621015,0.016910316911366522,1448
oi_growth_20,CS,0.042359240376982965,0.03707269776462252,1449
oi_growth_20,CU,0.005537483536527103,-0.015568732720168474,1450
oi_growth_20,FU,-0.009856649808341212,0.017821805428063643,1446
oi_growth_20,HC,-0.018856231586781815,-0.05887238579232096,1450
oi_growth_20,I,0.0583632818719808,0.04285393976453947,1448
oi_growth_20,J,-0.0018255698470889172,0.0008534455054540107,1450
oi_growth_20,JM,0.0366887804972102,0.03386453970186636,1450
oi_growth_20,L,0.13554948313860302,0.11933779664523374,1450
oi_growth_20,M,-0.016588392728478844,-0.014612835647918192,1450
oi_growth_20,MA,0.012710437786240567,-0.0160832252424549,1448
oi_growth_20,NI,0.014521475657303202,0.019429277024888916,1440
oi_growth_20,P,0.014630077808101653,0.02130239039167366,1448
oi_growth_20,PP,0.1087360948800212,0.07054509444230207,1450
oi_growth_20,RB,0.006715352287438668,-0.026326173642443405,1450
oi_growth_20,RM,-0.007599819240623622,0.005492573905552124,1450
oi_growth_20,SA,0.03749500905695257,0.052853379104680694,1204
oi_growth_20,SC,-0.0582938075894097,0.0031953037984211,1441
oi_growth_20,SF,0.024695548054874006,-0.018122696278328826,1450
oi_growth_20,SN,-0.011226645903877678,0.006452689772077632,1450
oi_growth_20,SR,0.0700696755366599,0.08879260591650014,1450
oi_growth_20,TA,0.0122547069484316,0.0028760088412648015,1446
oi_growth_20,V,0.10975621594570709,0.03659156519507563,1450
oi_growth_20,Y,0.03666029883457097,0.04784765764355047,1450
oi_growth_20,ZN,-0.01820560141430923,-0.038082207614332765,1450
price_oi_interaction_20,AG,0.022826405313190034,-0.02517358755029438,1448
price_oi_interaction_20,AL,0.05211865787730333,0.0311983335185912,1450
price_oi_interaction_20,AU,0.0749884617126411,-0.04724297147717341,1450
price_oi_interaction_20,BU,0.01870129717988484,0.09411036234882572,1448
price_oi_interaction_20,C,0.07152558270883189,0.0791413251034838,1450
price_oi_interaction_20,CF,-0.06320314469896185,-0.01895796601402644,1448
price_oi_interaction_20,CS,0.035489550012233924,0.0370195632725041,1449
price_oi_interaction_20,CU,0.022716794914213318,0.008220257512994707,1450
price_oi_interaction_20,FU,-0.05406711827728089,-0.043052261701552755,1446
price_oi_interaction_20,HC,-0.08125717423778313,-0.06429638663885648,1450
price_oi_interaction_20,I,0.006316809439094182,0.02624759608876955,1448
price_oi_interaction_20,J,-0.015279010081574874,-0.015098423410682191,1450
price_oi_interaction_20,JM,-0.05193551476102675,-0.022003280138308892,1450
price_oi_interaction_20,L,-0.048547710314093856,0.02054077884891657,1450
price_oi_interaction_20,M,-0.004138759274738379,-0.004593179781473889,1450
price_oi_interaction_20,MA,0.09411183996664321,0.06481997223655743,1448
price_oi_interaction_20,NI,0.07080490340832911,0.015139991397846556,1440
price_oi_interaction_20,P,-0.03964362400967281,0.0016670728111124247,1448
price_oi_interaction_20,PP,0.0066056835851968695,-0.035183661858312586,1450
price_oi_interaction_20,RB,0.0486944263368363,0.018589236663612507,1450
price_oi_interaction_20,RM,0.001179429714188822,-0.016135675505531303,1450
price_oi_interaction_20,SA,0.01858945771744299,0.06620396160527058,1204
price_oi_interaction_20,SC,-0.08322983463770478,-0.041238781694212,1441
price_oi_interaction_20,SF,0.09721835978450942,-0.030039662596952392,1450
price_oi_interaction_20,SN,0.0394466732384831,0.03158335964438771,1450
price_oi_interaction_20,SR,-0.03282290097999859,-0.03767560001606247,1450
price_oi_interaction_20,TA,0.07362057639420465,0.07923781795755343,1446
price_oi_interaction_20,V,0.14020782027727874,0.06836652735381409,1450
price_oi_interaction_20,Y,-0.027230154302942042,-0.01999023859078289,1450
price_oi_interaction_20,ZN,0.007576052490743799,-0.0023522275915167233,1450
hedging_pressure,AG,,,0
hedging_pressure,AL,,,0
hedging_pressure,AU,,,0
hedging_pressure,BU,,,0
hedging_pressure,C,,,0
hedging_pressure,CF,,,0
hedging_pressure,CS,,,0
hedging_pressure,CU,,,0
hedging_pressure,FU,,,0
hedging_pressure,HC,,,0
hedging_pressure,I,,,0
hedging_pressure,J,,,0
hedging_pressure,JM,,,0
hedging_pressure,L,,,0
hedging_pressure,M,,,0
hedging_pressure,MA,,,0
hedging_pressure,NI,,,0
hedging_pressure,P,,,0
hedging_pressure,PP,,,0
hedging_pressure,RB,,,0
hedging_pressure,RM,,,0
hedging_pressure,SA,,,0
hedging_pressure,SC,,,0
hedging_pressure,SF,,,0
hedging_pressure,SN,,,0
hedging_pressure,SR,,,0
hedging_pressure,TA,,,0
hedging_pressure,V,,,0
hedging_pressure,Y,,,0
hedging_pressure,ZN,,,0
volume_shock_20,AG,0.0247990914730081,0.02028803635624311,1448
volume_shock_20,AL,-0.01420258786241362,0.008836660273367323,1450
volume_shock_20,AU,-0.006636924041695703,-0.03217327274310342,1450
volume_shock_20,BU,-0.014854473803840817,-0.022945630044093494,1448
volume_shock_20,C,0.032135318866631714,0.03933575282113228,1450
volume_shock_20,CF,-0.02759478497810864,-0.048340019880569116,1448
volume_shock_20,CS,0.020994308246655092,0.007083748667316037,1449
volume_shock_20,CU,-0.07246946560608919,-0.06063307774729357,1450
volume_shock_20,FU,0.01843648537669804,0.014658301235479402,1446
volume_shock_20,HC,-0.06668558350234635,-0.048597219691107196,1450
volume_shock_20,I,-0.00010204095071085549,-0.0015439493865231312,1448
volume_shock_20,J,-0.02278737336337689,-0.007440045059129562,1450
volume_shock_20,JM,0.033767361689098656,0.025581821994335025,1450
volume_shock_20,L,0.020626239403401973,0.003573604033580102,1450
volume_shock_20,M,0.006861328181106337,0.011411304640998444,1450
volume_shock_20,MA,-0.019860101694080427,-0.014810948690938701,1448
volume_shock_20,NI,-0.06119815922879521,-0.08933560134659352,1440
volume_shock_20,P,0.0402871104422703,0.03271835281373957,1448
volume_shock_20,PP,0.043074823368347934,0.01802792873828837,1450
volume_shock_20,RB,-0.025757858944373685,-0.014425200684193111,1450
volume_shock_20,RM,-0.03685202358289109,-0.027935009220295282,1450
volume_shock_20,SA,0.03156273968872401,0.03761673331984118,1214
volume_shock_20,SC,-0.002147688501461999,0.03306600892511704,1441
volume_shock_20,SF,0.016136310443779497,0.01770203013482701,1450
volume_shock_20,SN,-0.07959972360940497,-0.0663193558286329,1450
volume_shock_20,SR,0.05769341042408997,0.06519238839524912,1450
volume_shock_20,TA,0.03674668654881204,0.049356244636876156,1446
volume_shock_20,V,-0.004907880219711725,-0.012516940032383404,1450
volume_shock_20,Y,0.039156868430862,0.04875478905627482,1450
volume_shock_20,ZN,-0.040246901682389986,-0.028375283393935934,1450
amihud_20,AG,-0.12155214754244106,0.011220129548380652,1448
amihud_20,AL,-0.02803786904817097,-0.015105638702142833,1450
amihud_20,AU,-0.024836891726031728,-0.02054452758404226,1450
amihud_20,BU,0.009964048935774317,-0.0068350593808073415,1448
amihud_20,C,-0.07546542585707958,-0.08786582694449854,1450
amihud_20,CF,-0.011795822317980311,-0.011928597182311899,1448
amihud_20,CS,-0.11440483793372809,-0.08101616650521037,1449
amihud_20,CU,-0.056160079617620845,-0.05741950083627778,1450
amihud_20,FU,0.0011447102578062915,-0.02066805288966524,1446
amihud_20,HC,-0.0559425409113127,-0.11721631077492442,1450
amihud_20,I,0.042530642369786126,0.05940853881885603,1448
amihud_20,J,0.060928409260385334,0.04408436044475881,1450
amihud_20,JM,-0.005111654236645351,0.03383667728913703,1450
amihud_20,L,-0.04474710281829677,-0.0807574047572828,1450
amihud_20,M,-0.11809130803709648,-0.08567192940651944,1450
amihud_20,MA,0.034424346663190566,-0.06343238038676097,1448
amihud_20,NI,-0.02605385537515243,0.054422293908253996,1421
amihud_20,P,0.00842518504079994,-0.0377022947138294,1448
amihud_20,PP,-0.08250292643319691,-0.012778744523938724,1450
amihud_20,RB,-0.0428658571356451,-0.06624230938080997,1450
amihud_20,RM,0.046548851972146,-0.05063565552388845,1450
amihud_20,SA,0.06654646380270463,-0.016479314535364394,1204
amihud_20,SC,-0.021936829398822515,0.019864447883513013,1441
amihud_20,SF,0.03381534296100484,0.016448087147450913,1450
amihud_20,SN,-0.01246299971871459,0.048620334904911425,1450
amihud_20,SR,0.006268005352133814,-0.008885556359752377,1450
amihud_20,TA,0.09151975606214634,-0.0031370591762537167,1446
amihud_20,V,-0.06301236782115627,-0.10812774274516969,1450
amihud_20,Y,-0.04135454297386144,-0.05895268184332091,1450
amihud_20,ZN,-0.036532421218827736,-0.06615735947680294,1450
turnover_oi,AG,-0.00498078488123448,-0.015208555987065707,1448
turnover_oi,AL,-0.08580470415373284,0.03341656710729323,1450
turnover_oi,AU,-0.0941872200806025,-0.0899779182967138,1450
turnover_oi,BU,0.011333576505040216,0.025280889150501484,1448
turnover_oi,C,-0.04804249853912591,-0.03551459967169377,1450
turnover_oi,CF,0.0012029077231499304,-0.005562890832062583,1448
turnover_oi,CS,0.014356764849962572,0.031289553997867176,1449
turnover_oi,CU,0.053613654554653084,0.07020476748464792,1450
turnover_oi,FU,-0.05650947615850501,-0.038151574043435825,1446
turnover_oi,HC,-0.05331574867311186,0.029817149426620355,1450
turnover_oi,I,0.051659603392168824,0.08959094153435568,1448
turnover_oi,J,0.07810591069631119,0.0913675606575531,1450
turnover_oi,JM,0.055615555934671546,0.07787237137204374,1450
turnover_oi,L,-0.03481528357968792,-0.00047843564990519404,1450
turnover_oi,M,0.012224872363743032,0.03772337429854891,1450
turnover_oi,MA,-0.16086546192184678,-0.06844674409786501,1448
turnover_oi,NI,0.00901823549046932,-0.005972560706284263,1440
turnover_oi,P,0.013804531750362403,0.004964044835718383,1448
turnover_oi,PP,-0.03370362077710675,0.006084523197981997,1450
turnover_oi,RB,0.002995836085412486,0.07038717998945408,1450
turnover_oi,RM,0.05457339804295529,0.057983247812744165,1450
turnover_oi,SA,-0.07763339988353792,-0.01943687730825061,1224
turnover_oi,SC,0.09029801841959272,0.07507011454746707,1441
turnover_oi,SF,0.010083289390851057,0.019615458651615167,1450
turnover_oi,SN,-0.017416775883662472,0.012829676527297048,1450
turnover_oi,SR,-0.025998829238649983,-0.039321261404521135,1450
turnover_oi,TA,0.004861017801031303,0.025400807226511384,1446
turnover_oi,V,-0.14672590977238253,-0.07394049935313275,1450
turnover_oi,Y,0.03473356320085951,0.028354628392675208,1450
turnover_oi,ZN,0.022293691457485363,0.1143917132483229,1450
realized_volatility_20,AG,0.038804813416784954,0.022031398949445332,1448
realized_volatility_20,AL,-0.06976694588809995,0.0020287762518338137,1450
realized_volatility_20,AU,0.01310971465267386,-0.01874565148011454,1450
realized_volatility_20,BU,0.055320371391718005,0.0811723442579773,1448
realized_volatility_20,C,0.0617548181237945,0.06300720190309174,1450
realized_volatility_20,CF,-0.001051114319984496,-0.009499415654033621,1448
realized_volatility_20,CS,0.018953203052099642,0.009097805255201633,1449
realized_volatility_20,CU,0.04164484711871623,0.026519909966762872,1450
realized_volatility_20,FU,-0.004664794165971177,-0.027202177416794943,1446
realized_volatility_20,HC,-0.012287245141755691,0.025198403169912297,1450
realized_volatility_20,I,-0.039101007999254624,-0.03925407101520754,1448
realized_volatility_20,J,-0.014110234618748269,0.0429148634462787,1450
realized_volatility_20,JM,-0.022325938096796824,0.038511162361632933,1450
realized_volatility_20,L,0.017066770693977922,0.011312163641725161,1450
realized_volatility_20,M,0.03579156699164745,0.03388702809448648,1450
realized_volatility_20,MA,-0.12216832324146863,-0.01934923907249308,1448
realized_volatility_20,NI,0.051331623589109976,-0.0022820689351505255,1440
realized_volatility_20,P,8.866316311379672e-05,0.021459687475952255,1448
realized_volatility_20,PP,0.029457132417969576,0.006216592641404136,1450
realized_volatility_20,RB,0.003158583814327982,0.053759921895032654,1450
realized_volatility_20,RM,0.008246071334529387,0.0017664675896838125,1450
realized_volatility_20,SA,-0.04093319353245551,-0.01975480337621785,1204
realized_volatility_20,SC,0.053580378543837445,0.04789854241602717,1441
realized_volatility_20,SF,-0.18741459244615963,-0.04436610977025306,1450
realized_volatility_20,SN,-0.015582737975978792,0.03569719521454198,1450
realized_volatility_20,SR,-0.026932704332240768,-0.03566350574765692,1450
realized_volatility_20,TA,0.01583898989889794,0.006019852952790796,1446
realized_volatility_20,V,-0.12895093828571785,0.0020789258692629153,1450
realized_volatility_20,Y,0.04078464461854154,0.050168167330732254,1450
realized_volatility_20,ZN,0.021469438556111844,0.082199267614549,1450
low_volatility_20,AG,-0.05004070964753453,-0.05402289017968453,1448
low_volatility_20,AL,0.07763274488576209,0.06443346590790397,1450
low_volatility_20,AU,-0.02785387569556046,-0.022904436919349076,1450
low_volatility_20,BU,-0.04594693208834873,-0.09419281527530189,1448
low_volatility_20,C,-0.03522716284580967,0.013703368394619905,1450
low_volatility_20,CF,0.053262395385139556,0.040967753041954116,1448
low_volatility_20,CS,-0.031745772231215864,-0.029581390158903827,1449
low_volatility_20,CU,0.00545800597094976,-0.01005196604618885,1450
low_volatility_20,FU,0.030752846411441794,0.018951910378922,1446
low_volatility_20,HC,0.022110256485257444,0.0027752141806103563,1450
low_volatility_20,I,0.057421579552619006,0.0641988687703685,1448
low_volatility_20,J,0.023248492626610124,0.022885743593066343,1450
low_volatility_20,JM,-0.013139182064644947,-0.035533953534221153,1450
low_volatility_20,L,-0.007375780070122328,0.02670091602621442,1450
low_volatility_20,M,0.04944447226095753,0.06633165026189111,1450
low_volatility_20,MA,0.018049022503551965,-0.002312775169187666,1448
low_volatility_20,NI,0.01124818897952439,0.044670311724013874,1440
low_volatility_20,P,-0.006238532897427782,-0.06005070845463763,1448
low_volatility_20,PP,-0.033459927620270884,-0.002518094519806221,1450
low_volatility_20,RB,0.007585640520042115,-0.022448010555552324,1450
low_volatility_20,RM,0.08322756358432443,0.08991606682605854,1450
low_volatility_20,SA,-0.05562558486977543,0.005009963788542267,1204
low_volatility_20,SC,0.0037471127038474043,0.01280729907646663,1441
low_volatility_20,SF,0.0646935620882654,0.08143079429670862,1450
low_volatility_20,SN,0.01263390049681799,0.012744092204356345,1450
low_volatility_20,SR,-0.004580244662823219,-0.008956234558807084,1450
low_volatility_20,TA,0.009252727197982797,0.016459607917120235,1446
low_volatility_20,V,0.053073264286210745,0.02126451427905483,1450
low_volatility_20,Y,-0.021140019710698177,-0.022475994184323653,1450
low_volatility_20,ZN,-0.003662648407687662,-0.03274790475957646,1450
realized_skewness_60,AG,0.01992726029000379,0.01681417074389472,1448
realized_skewness_60,AL,0.07427192540492851,0.07075044773697566,1450
realized_skewness_60,AU,0.032499515942567676,0.02030239010948784,1450
realized_skewness_60,BU,0.0155564126532929,-0.06334062000158984,1448
realized_skewness_60,C,0.10066062340977655,0.09188437807115975,1450
realized_skewness_60,CF,0.055735330756158614,0.04514548701047768,1448
realized_skewness_60,CS,-0.0048930011422008935,0.004604484557713191,1449
realized_skewness_60,CU,0.08584059521106739,0.025026060023722083,1450
realized_skewness_60,FU,-0.04637025640811053,-0.03422190999702841,1446
realized_skewness_60,HC,0.01082536402759975,-0.012069281428054697,1450
realized_skewness_60,I,0.012282679314567953,0.028529228956731767,1448
realized_skewness_60,J,-0.0577738191615661,-0.059044310211884395,1450
realized_skewness_60,JM,0.004664734733120178,0.0494205142159323,1450
realized_skewness_60,L,-0.016400800628784417,-0.05500242028274034,1450
realized_skewness_60,M,0.07888657819680864,0.0672932331552186,1450
realized_skewness_60,MA,0.014856012629451644,0.025207074433286836,1448
realized_skewness_60,NI,0.03179019852263951,0.04492166987358093,1440
realized_skewness_60,P,0.008453441478745395,-0.016046508111299283,1448
realized_skewness_60,PP,-0.02093533960727215,-0.0621656390712392,1450
realized_skewness_60,RB,-0.012177782362118953,0.004358177367256244,1450
realized_skewness_60,RM,0.1318058353866965,0.1234869206892937,1450
realized_skewness_60,SA,0.07966186931046852,0.09317545690553883,1164
realized_skewness_60,SC,0.025636958701846284,0.02415395988665166,1441
realized_skewness_60,SF,0.03663911844785,0.0041329343509554865,1450
realized_skewness_60,SN,-8.519831508302868e-06,-0.04866304270332098,1450
realized_skewness_60,SR,0.0009169420746355456,0.0066874941843220615,1450
realized_skewness_60,TA,0.044146532581348576,-0.02333605954175817,1446
realized_skewness_60,V,0.05519394420100538,0.02287020481863943,1450
realized_skewness_60,Y,0.011340969791634747,-0.033974252751760886,1450
realized_skewness_60,ZN,0.04432295408486201,0.017149116734431986,1450
seasonality_3y,AG,-0.018383226533554682,-0.02394899918620853,1448
seasonality_3y,AL,0.0024058363202139124,-0.013344144430572278,1450
seasonality_3y,AU,0.0083437656879111,-0.012179874542199948,1450
seasonality_3y,BU,-0.025878604516516333,-0.012181075891230471,1448
seasonality_3y,C,-0.03729231212667463,-0.03558371154977608,1450
seasonality_3y,CF,-0.05401977717060354,-0.024167970431430895,1448
seasonality_3y,CS,0.025950658825531627,0.015859224876862272,1449
seasonality_3y,CU,0.09910447962430273,0.09466923962592914,1450
seasonality_3y,FU,0.007829146837524337,0.04642598810982731,1367
seasonality_3y,HC,-0.018177591527869984,-0.03858387011839194,1450
seasonality_3y,I,-0.060837748888825004,-0.06478182932133968,1448
seasonality_3y,J,-0.022554387933859145,-0.0331375189254595,1450
seasonality_3y,JM,0.037802899722667135,0.017737036388835593,1450
seasonality_3y,L,-0.02656546224416319,0.005520564251412276,1450
seasonality_3y,M,-0.05396296201345717,-0.04794937580645389,1450
seasonality_3y,MA,-0.014919958586288973,0.005719581482898777,1448
seasonality_3y,NI,-0.0016451063277595646,0.0021363138967742832,1440
seasonality_3y,P,-0.02544022968706497,-0.04072644099016926,1448
seasonality_3y,PP,-0.08694169077784261,-0.024328336913363894,1450
seasonality_3y,RB,-0.05650453964785352,-0.07412416946935614,1450
seasonality_3y,RM,-0.039870306963912784,-0.041608233444249555,1450
seasonality_3y,SA,-0.05409544726610771,-0.05231294149003843,463
seasonality_3y,SC,0.0534876572479677,0.07604373521751974,875
seasonality_3y,SF,0.021967100274948668,0.04209449127881222,1265
seasonality_3y,SN,-0.006080467087594886,-0.03584556643603964,1450
seasonality_3y,SR,-0.08993762031602719,-0.07866712998002594,1450
seasonality_3y,TA,-0.03218039826624357,-0.006876794841982282,1446
seasonality_3y,V,-0.01898159625175421,-0.015074089107787004,1450
seasonality_3y,Y,-0.027522247636932524,-0.04898799530053993,1450
seasonality_3y,ZN,0.05055663457664546,0.03534757988358626,1450
industry_chain_residual,AG,,,0
industry_chain_residual,AL,,,0
industry_chain_residual,AU,,,0
industry_chain_residual,BU,,,0
industry_chain_residual,C,,,0
industry_chain_residual,CF,,,0
industry_chain_residual,CS,,,0
industry_chain_residual,CU,,,0
industry_chain_residual,FU,,,0
industry_chain_residual,HC,,,0
industry_chain_residual,I,,,0
industry_chain_residual,J,,,0
industry_chain_residual,JM,,,0
industry_chain_residual,L,,,0
industry_chain_residual,M,,,0
industry_chain_residual,MA,,,0
industry_chain_residual,NI,,,0
industry_chain_residual,P,,,0
industry_chain_residual,PP,,,0
industry_chain_residual,RB,,,0
industry_chain_residual,RM,,,0
industry_chain_residual,SA,,,0
industry_chain_residual,SC,,,0
industry_chain_residual,SF,,,0
industry_chain_residual,SN,,,0
industry_chain_residual,SR,,,0
industry_chain_residual,TA,,,0
industry_chain_residual,V,,,0
industry_chain_residual,Y,,,0
industry_chain_residual,ZN,,,0
sector_relative_value_60,AG,0.08309141085215718,0.06366045674732759,1448
sector_relative_value_60,AL,-0.013776838354663375,-0.015438773363487396,1450
sector_relative_value_60,AU,-0.014116648804795696,0.01330631340140025,1450
sector_relative_value_60,BU,0.03544379943798704,0.04116632335860586,1448
sector_relative_value_60,C,-0.019775955998790975,-0.006775014814595108,1450
sector_relative_value_60,CF,-0.059121810682480236,-0.07686836538024752,1448
sector_relative_value_60,CS,0.09156274917338894,0.0741710456205224,1449
sector_relative_value_60,CU,-0.0185197937625965,-0.013152144359006634,1450
sector_relative_value_60,FU,0.016227306594733003,-0.003849020758609644,1446
sector_relative_value_60,HC,-0.020060510951646387,0.0014942416216787075,1450
sector_relative_value_60,I,-0.03519601425575453,-0.0004394666372007779,1448
sector_relative_value_60,J,0.05380371279759272,0.024426761351130876,1450
sector_relative_value_60,JM,-0.002267411127805313,-0.051192862423322834,1450
sector_relative_value_60,L,-0.06888737978617236,-0.0842510546647912,1450
sector_relative_value_60,M,-0.029783005273266758,-0.02226152114932803,1450
sector_relative_value_60,MA,0.08437588343248517,0.08355736829669273,1448
sector_relative_value_60,NI,-0.015180888562103728,-0.011764437167965198,1440
sector_relative_value_60,P,-0.027301769830487016,-0.04785723819159657,1448
sector_relative_value_60,PP,-0.04686732716070807,-0.03408742151461384,1450
sector_relative_value_60,RB,-0.022208181638065497,0.009987567129943746,1450
sector_relative_value_60,RM,-0.002014220604553044,0.010558052059039801,1450
sector_relative_value_60,SA,0.04335383103494654,0.04065969635304009,1164
sector_relative_value_60,SC,-0.018628888510836654,0.003905833398346378,1441
sector_relative_value_60,SF,0.1286771646638817,0.10780503102987679,1450
sector_relative_value_60,SN,-0.10819832777373495,-0.12074837839522691,1450
sector_relative_value_60,SR,0.04885437538982838,0.06140258884856446,1450
sector_relative_value_60,TA,0.01530015924013256,0.010439322445409408,1446
sector_relative_value_60,V,-0.02460431892872728,-0.027365771989360205,1450
sector_relative_value_60,Y,0.05698022167743041,0.030772826763073243,1450
sector_relative_value_60,ZN,0.03641277453421027,0.009766134551838215,1450
market_state_conditional,AG,,,0
market_state_conditional,AL,,,0
market_state_conditional,AU,,,0
market_state_conditional,BU,,,0
market_state_conditional,C,,,0
market_state_conditional,CF,,,0
market_state_conditional,CS,,,0
market_state_conditional,CU,,,0
market_state_conditional,FU,,,0
market_state_conditional,HC,,,0
market_state_conditional,I,,,0
market_state_conditional,J,,,0
market_state_conditional,JM,,,0
market_state_conditional,L,,,0
market_state_conditional,M,,,0
market_state_conditional,MA,,,0
market_state_conditional,NI,,,0
market_state_conditional,P,,,0
market_state_conditional,PP,,,0
market_state_conditional,RB,,,0
market_state_conditional,RM,,,0
market_state_conditional,SA,,,0
market_state_conditional,SC,,,0
market_state_conditional,SF,,,0
market_state_conditional,SN,,,0
market_state_conditional,SR,,,0
market_state_conditional,TA,,,0
market_state_conditional,V,,,0
market_state_conditional,Y,,,0
market_state_conditional,ZN,,,0
product_state_interaction,AG,,,0
product_state_interaction,AL,,,0
product_state_interaction,AU,,,0
product_state_interaction,BU,,,0
product_state_interaction,C,,,0
product_state_interaction,CF,,,0
product_state_interaction,CS,,,0
product_state_interaction,CU,,,0
product_state_interaction,FU,,,0
product_state_interaction,HC,,,0
product_state_interaction,I,,,0
product_state_interaction,J,,,0
product_state_interaction,JM,,,0
product_state_interaction,L,,,0
product_state_interaction,M,,,0
product_state_interaction,MA,,,0
product_state_interaction,NI,,,0
product_state_interaction,P,,,0
product_state_interaction,PP,,,0
product_state_interaction,RB,,,0
product_state_interaction,RM,,,0
product_state_interaction,SA,,,0
product_state_interaction,SC,,,0
product_state_interaction,SF,,,0
product_state_interaction,SN,,,0
product_state_interaction,SR,,,0
product_state_interaction,TA,,,0
product_state_interaction,V,,,0
product_state_interaction,Y,,,0
product_state_interaction,ZN,,,0
factor_momentum,AG,0.05426427135822386,0.029972040673376228,1448
factor_momentum,AL,-0.04347625513194304,-0.021501022395347784,1450
factor_momentum,AU,0.047616661822620435,0.0382040626649761,1450
factor_momentum,BU,-0.00033988330287364156,-0.03947841456410318,1448
factor_momentum,C,0.06131420305965367,0.03999489781304647,1450
factor_momentum,CF,0.020480965241384295,-0.06203914195945806,1448
factor_momentum,CS,0.0908440147491826,0.06814079768092726,1449
factor_momentum,CU,-0.008285662158851752,0.013483344328197186,1450
factor_momentum,FU,0.03033946924844746,-0.026461216481899252,1446
factor_momentum,HC,-0.023640570272315586,-0.042506087578705366,1450
factor_momentum,I,-0.04925379847473391,-0.05944182509847024,1448
factor_momentum,J,0.08858222276753729,0.07928528013380069,1450
factor_momentum,JM,0.12223074472913206,0.10061591155396837,1450
factor_momentum,L,-0.021637967190958205,-0.04119418427798278,1450
factor_momentum,M,-0.048201800675459004,-0.06851562516821408,1450
factor_momentum,MA,0.05630120075121131,0.03506996321438838,1448
factor_momentum,NI,-0.03872484636820231,-0.04199765344776754,1440
factor_momentum,P,0.0512741973026612,0.014019051006333036,1448
factor_momentum,PP,0.016867431525957974,-0.028262233067995995,1450
factor_momentum,RB,-0.057303467638416344,-0.050344118680178886,1450
factor_momentum,RM,-0.05124435016719968,-0.05180189937132375,1450
factor_momentum,SA,0.0241686216894958,-0.001764483421184202,1224
factor_momentum,SC,0.03748093206420437,-0.011575373019843693,1441
factor_momentum,SF,0.11849943647116727,0.08361108916514212,1450
factor_momentum,SN,-0.04184121671484232,-0.011194050508466353,1450
factor_momentum,SR,-0.07831144910955792,-0.09858258158660513,1450
factor_momentum,TA,0.005155206476222735,-0.04721300285157902,1446
factor_momentum,V,-0.025035854870913594,-0.049279301058636725,1450
factor_momentum,Y,0.03114487334664831,-0.011298795595425603,1450
factor_momentum,ZN,0.0722302870352694,0.049123455399927164,1450
fundamental_composite_news,AG,0.04430379920396777,0.0390210262783214,1198
fundamental_composite_news,AL,0.09327304243630681,0.06079947128132525,1250
fundamental_composite_news,AU,0.036006441539918554,0.04779911424117001,1205
fundamental_composite_news,BU,-0.06419715393272492,-0.02817417565427073,1250
fundamental_composite_news,C,-0.023470082236459053,-0.022955270788159638,1200
fundamental_composite_news,CF,-0.004789930871834759,-0.014189853384199811,1198
fundamental_composite_news,CS,-0.004211889354659557,0.0005362985023234191,1199
fundamental_composite_news,CU,0.05452442950221261,0.06310876177917102,1245
fundamental_composite_news,FU,-0.017753863277834576,0.005818442655142416,253
fundamental_composite_news,HC,0.01755591598165063,0.03948070205640861,1200
fundamental_composite_news,I,,,0
fundamental_composite_news,J,0.07213704504473355,0.025058421431800277,1136
fundamental_composite_news,JM,0.11900630259712414,0.13655430606501098,977
fundamental_composite_news,L,0.03245107579289758,0.021200235754355885,1200
fundamental_composite_news,M,-0.03900920273432516,-0.02755666874194878,1200
fundamental_composite_news,MA,-0.05600183141233014,-0.06821627093291424,1198
fundamental_composite_news,NI,0.026707987677007692,0.06385669456812663,1237
fundamental_composite_news,P,0.021172886363653262,0.041914095944556744,1198
fundamental_composite_news,PP,0.03820081763925502,0.05654759063389528,1194
fundamental_composite_news,RB,0.05858630278454334,0.10832517667251976,1200
fundamental_composite_news,RM,0.02882119246001513,0.041480721831502226,1196
fundamental_composite_news,SA,-0.14254616603793963,-0.1372855366370575,880
fundamental_composite_news,SC,,,0
fundamental_composite_news,SF,-0.09002609645576576,-0.03423242594017238,1195
fundamental_composite_news,SN,0.0729254196820287,0.05716676725996182,1249
fundamental_composite_news,SR,0.03398277301750462,0.03742068957083327,1200
fundamental_composite_news,TA,0.05080515910844062,0.007283802717769278,1196
fundamental_composite_news,V,-0.07393986033928823,0.010604037683630059,1197
fundamental_composite_news,Y,0.017024768674760007,0.007461749066409017,1200
fundamental_composite_news,ZN,0.05027039013414095,0.04528660336935897,1245
fundamental_underreaction,AG,0.07398358160175425,0.059808352983503184,1198
fundamental_underreaction,AL,0.0616229127108177,0.03667000930242385,1250
fundamental_underreaction,AU,0.07345482210376521,0.05014086081181239,1205
fundamental_underreaction,BU,-0.04204705760407752,-0.005278738444125458,1250
fundamental_underreaction,C,-0.040387744461505365,-0.04151495573995769,1200
fundamental_underreaction,CF,-0.01052631420171653,-0.016296384664452688,1198
fundamental_underreaction,CS,-0.011700199182312295,-0.015371774000105391,1199
fundamental_underreaction,CU,0.0347886012932039,0.04863573230314744,1245
fundamental_underreaction,FU,0.06050763260493495,0.011576863168783745,253
fundamental_underreaction,HC,0.011599787608626939,0.018355558363813754,1200
fundamental_underreaction,I,,,0
fundamental_underreaction,J,0.053077009297460585,0.031695180722649985,1136
fundamental_underreaction,JM,0.06408364467408414,0.09886620411833755,977
fundamental_underreaction,L,0.023127353512839826,0.008116582899064804,1200
fundamental_underreaction,M,-0.03276425234104287,-0.011537943054994738,1200
fundamental_underreaction,MA,-0.01938205898919024,-0.01798281498071649,1198
fundamental_underreaction,NI,0.09443894617880147,0.06975482803443082,1237
fundamental_underreaction,P,0.02574156769210998,0.031874460115004666,1198
fundamental_underreaction,PP,0.038012024711042806,0.04248166549547325,1194
fundamental_underreaction,RB,0.04799221195800571,0.09264914137196723,1200
fundamental_underreaction,RM,0.04007271857026019,0.04391825748373992,1196
fundamental_underreaction,SA,-0.09085754199021404,-0.10069181259225694,880
fundamental_underreaction,SC,,,0
fundamental_underreaction,SF,-0.07526146617815645,-0.026559503146349674,1195
fundamental_underreaction,SN,0.05477551061624592,0.04187450883783951,1249
fundamental_underreaction,SR,0.056213937617430085,0.05655706764265531,1200
fundamental_underreaction,TA,0.04821506300408968,0.02173756859601412,1196
fundamental_underreaction,V,-0.07718782244797943,0.016342208863627753,1197
fundamental_underreaction,Y,0.010612730343245978,0.0034966625389781787,1200
fundamental_underreaction,ZN,0.07060260684382653,0.06993360837519418,1245
information_consistency,AG,0.0343183054565999,0.021304471230865093,1186
information_consistency,AL,0.05261272333694187,0.04758287547225629,1433
information_consistency,AU,0.06659387993214952,0.1283997625581548,1386
information_consistency,BU,-0.026323274336497962,-0.03635993654879042,1431
information_consistency,C,0.02157861947963669,0.03271868753006446,1200
information_consistency,CF,0.03427054134035662,0.030300262749883837,1198
information_consistency,CS,0.030256121680306183,0.06839322188090914,1096
information_consistency,CU,0.06655510317190955,0.07188523663376925,1433
information_consistency,FU,-0.0006867613802338144,-0.03814187435555507,1398
information_consistency,HC,0.01939570141636117,0.06319211549408814,1200
information_consistency,I,,,0
information_consistency,J,-0.0036128226401625214,-0.014682361602710477,1100
information_consistency,JM,0.1698685343619601,0.10843350408164931,502
information_consistency,L,0.033854661165359595,0.05845032970060508,1187
information_consistency,M,-0.06878713449261294,-0.04884340725891175,1200
information_consistency,MA,-0.0353795251836196,-0.04505815367191044,1174
information_consistency,NI,0.010046274402848743,-0.006290861806160591,1423
information_consistency,P,-0.06302600486327355,0.07472437445056748,1198
information_consistency,PP,0.07052496783164817,0.04429966456623953,1195
information_consistency,RB,0.06902697039912946,0.06742488212516239,1200
information_consistency,RM,0.005070912629473346,0.018227316150934748,1200
information_consistency,SA,-0.027456215914707816,-0.1241248750922078,639
information_consistency,SC,,,0
information_consistency,SF,-0.002626911554440744,0.025080256462400037,1195
information_consistency,SN,0.03572306274746633,0.08081831647339198,1432
information_consistency,SR,0.018105516926126688,0.024156896643752413,1200
information_consistency,TA,-0.07725528823018843,-0.04600607046275674,1196
information_consistency,V,0.008805202524866019,0.07753117322439408,1200
information_consistency,Y,0.013512684475724087,0.023938837919660224,1200
information_consistency,ZN,0.09156124606339983,0.06956374353581328,1433
information_divergence,AG,0.03263312866332998,0.03415042229505168,1186
information_divergence,AL,0.05862572561131416,0.08462363864919087,1433
information_divergence,AU,0.037331457983011136,0.08069327303870126,1386
information_divergence,BU,0.0070404379654776155,0.04424362142608725,1431
information_divergence,C,0.0015840018396357355,0.005127576414744767,1200
information_divergence,CF,-0.036949744754440204,-0.055587716319225496,1198
information_divergence,CS,0.06000477104193965,0.14192515946881054,1096
information_divergence,CU,-0.00749923569213373,0.0187907577641936,1433
information_divergence,FU,0.01630368203721156,0.026629940787346103,1398
information_divergence,HC,-0.0030042396641601107,0.03338422544175966,1200
information_divergence,I,,,0
information_divergence,J,0.032192719336606015,0.0017391270048641879,1100
information_divergence,JM,0.14520279399485012,0.09774941474083375,502
information_divergence,L,0.04650661648426806,0.0764259326868204,1187
information_divergence,M,-0.12163194278263313,-0.11808175639413392,1200
information_divergence,MA,0.010176417839881567,0.045451362080220485,1174
information_divergence,NI,-0.03013461708250414,-0.0424842718073516,1423
information_divergence,P,-0.04917839011558995,0.05918166376919791,1198
information_divergence,PP,0.0911856868918516,0.08097144927268438,1195
information_divergence,RB,0.05703722625077006,0.07877933650495131,1200
information_divergence,RM,-0.04938226724002311,-0.018895643037613787,1200
information_divergence,SA,-0.03941702188819111,-0.12180858794354425,639
information_divergence,SC,,,0
information_divergence,SF,0.0003410483406701875,0.06499729547202956,1195
information_divergence,SN,-0.08459835645078206,-0.03165165091387121,1432
information_divergence,SR,0.020610777770045503,0.07982292779185535,1200
information_divergence,TA,-0.02881637480737549,-0.0006721615796010748,1196
information_divergence,V,-0.018193041586476347,0.07597929169950676,1200
information_divergence,Y,0.014131649290586724,-3.341322136065075e-05,1200
information_divergence,ZN,0.06862005801853417,0.04266119455605826,1433
cost_transmission_gap,AG,,,0
cost_transmission_gap,AL,,,0
cost_transmission_gap,AU,,,0
cost_transmission_gap,BU,,,0
cost_transmission_gap,C,,,0
cost_transmission_gap,CF,,,0
cost_transmission_gap,CS,,,0
cost_transmission_gap,CU,,,0
cost_transmission_gap,FU,,,0
cost_transmission_gap,HC,,,0
cost_transmission_gap,I,,,0
cost_transmission_gap,J,,,0
cost_transmission_gap,JM,,,0
cost_transmission_gap,L,,,0
cost_transmission_gap,M,,,0
cost_transmission_gap,MA,,,0
cost_transmission_gap,NI,,,0
cost_transmission_gap,P,,,0
cost_transmission_gap,PP,,,0
cost_transmission_gap,RB,,,0
cost_transmission_gap,RM,,,0
cost_transmission_gap,SA,,,0
cost_transmission_gap,SC,,,0
cost_transmission_gap,SF,,,0
cost_transmission_gap,SN,,,0
cost_transmission_gap,SR,,,0
cost_transmission_gap,TA,,,0
cost_transmission_gap,V,,,0
cost_transmission_gap,Y,,,0
cost_transmission_gap,ZN,,,0
processing_margin_anomaly,AG,,,0
processing_margin_anomaly,AL,,,0
processing_margin_anomaly,AU,,,0
processing_margin_anomaly,BU,,,0
processing_margin_anomaly,C,,,0
processing_margin_anomaly,CF,,,0
processing_margin_anomaly,CS,,,0
processing_margin_anomaly,CU,,,0
processing_margin_anomaly,FU,,,0
processing_margin_anomaly,HC,,,0
processing_margin_anomaly,I,,,0
processing_margin_anomaly,J,,,0
processing_margin_anomaly,JM,,,0
processing_margin_anomaly,L,,,0
processing_margin_anomaly,M,,,0
processing_margin_anomaly,MA,,,0
processing_margin_anomaly,NI,,,0
processing_margin_anomaly,P,,,0
processing_margin_anomaly,PP,,,0
processing_margin_anomaly,RB,,,0
processing_margin_anomaly,RM,,,0
processing_margin_anomaly,SA,,,0
processing_margin_anomaly,SC,,,0
processing_margin_anomaly,SF,,,0
processing_margin_anomaly,SN,,,0
processing_margin_anomaly,SR,,,0
processing_margin_anomaly,TA,,,0
processing_margin_anomaly,V,,,0
processing_margin_anomaly,Y,,,0
processing_margin_anomaly,ZN,,,0
warehouse_surprise,AG,0.04873959079339047,0.03829811505992451,1430
warehouse_surprise,AL,0.06857349370540876,0.012419135040626614,1431
warehouse_surprise,AU,-0.02980071875059356,0.029685924019365286,1144
warehouse_surprise,BU,-0.03658622100187772,-0.0383914781581865,1430
warehouse_surprise,C,-0.013305964438080926,-0.010358543951556373,1432
warehouse_surprise,CF,-0.012402607744110198,-0.05168201544342808,1430
warehouse_surprise,CS,-0.03322561407583996,-0.014243715816672973,1431
warehouse_surprise,CU,0.0357452315207218,0.026884088367055005,1431
warehouse_surprise,FU,-0.032906307575955564,-0.03381686142047597,1372
warehouse_surprise,HC,0.051728597816990525,0.04252369420039467,1432
warehouse_surprise,I,0.06269286486286715,0.052027683253912445,1414
warehouse_surprise,J,0.0481257470426152,0.032165154431112,1373
warehouse_surprise,JM,0.020786243491799094,0.043507122052928754,1209
warehouse_surprise,L,0.0577957465000322,0.06704821456498374,1432
warehouse_surprise,M,-0.009726126663560711,0.028417545560993445,1432
warehouse_surprise,MA,-0.006818765959720129,0.015766621512768163,1430
warehouse_surprise,NI,-0.0029105898737232555,0.04806561921271357,1422
warehouse_surprise,P,-0.01710090870951446,-0.0065529283480917746,1430
warehouse_surprise,PP,0.03551180021437475,0.03516403538877067,1426
warehouse_surprise,RB,0.06448710011485682,0.07916627142040905,1432
warehouse_surprise,RM,0.004095344008580715,5.70855217736138e-05,1428
warehouse_surprise,SA,0.04447422717435672,0.05366859382906917,1112
warehouse_surprise,SC,0.04137426429809639,0.09922610490753977,1353
warehouse_surprise,SF,-0.13977349175241238,-0.11039346369692957,1432
warehouse_surprise,SN,0.002058322326954695,0.025169394153623577,1432
warehouse_surprise,SR,-0.009716411202015123,0.002214472842151838,1432
warehouse_surprise,TA,0.07604820341634741,0.033833893554748765,1428
warehouse_surprise,V,0.014453568084198579,0.06185572746334348,1429
warehouse_surprise,Y,-0.041485389968962796,-0.08976413093352681,1432
warehouse_surprise,ZN,-0.00753450483259699,-0.007696724650278667,1432
transmission_residual,AG,,,0
transmission_residual,AL,,,0
transmission_residual,AU,,,0
transmission_residual,BU,,,0
transmission_residual,C,,,0
transmission_residual,CF,,,0
transmission_residual,CS,,,0
transmission_residual,CU,,,0
transmission_residual,FU,,,0
transmission_residual,HC,,,0
transmission_residual,I,,,0
transmission_residual,J,,,0
transmission_residual,JM,,,0
transmission_residual,L,,,0
transmission_residual,M,,,0
transmission_residual,MA,,,0
transmission_residual,NI,,,0
transmission_residual,P,,,0
transmission_residual,PP,,,0
transmission_residual,RB,,,0
transmission_residual,RM,,,0
transmission_residual,SA,,,0
transmission_residual,SC,,,0
transmission_residual,SF,,,0
transmission_residual,SN,,,0
transmission_residual,SR,,,0
transmission_residual,TA,,,0
transmission_residual,V,,,0
transmission_residual,Y,,,0
transmission_residual,ZN,,,0
momentum_quality_60,AG,-0.030417997653382742,-0.07955622228504382,1448
momentum_quality_60,AL,-0.04380735818436761,-0.05996955494358068,1450
momentum_quality_60,AU,-0.058487725397474606,-0.0559201176798636,1450
momentum_quality_60,BU,-0.1495327494260299,-0.12558515036382722,1448
momentum_quality_60,C,0.013003943974113266,0.0373131559502766,1450
momentum_quality_60,CF,0.0461832622265307,0.0479479519712088,1448
momentum_quality_60,CS,-0.057477560342558,-0.0431223045799831,1449
momentum_quality_60,CU,0.04873690649068095,-0.045376619733642216,1450
momentum_quality_60,FU,-0.09675812924276453,-0.08718379639500533,1446
momentum_quality_60,HC,-0.04836403590817552,0.010117164953169047,1450
momentum_quality_60,I,-0.027491774926166106,0.005192234722227363,1448
momentum_quality_60,J,-0.02051011520735844,-0.01012297264107662,1450
momentum_quality_60,JM,0.01587808517182194,0.06304707618356244,1450
momentum_quality_60,L,-0.09436375088463064,-0.06610214507345491,1450
momentum_quality_60,M,0.022280578839444055,0.020272966756016586,1450
momentum_quality_60,MA,-0.07793827564174735,-0.052056226858092934,1448
momentum_quality_60,NI,-0.047511581651744676,-0.026194853084308488,1440
momentum_quality_60,P,-0.00485425533556629,0.060790897221902826,1448
momentum_quality_60,PP,-0.1375859015408283,-0.07757410359051063,1450
momentum_quality_60,RB,-0.065327508579699,-0.006316780642662195,1450
momentum_quality_60,RM,0.014843642770525278,-0.040075472010856025,1450
momentum_quality_60,SA,-9.799790007982732e-05,0.0101365751990836,1164
momentum_quality_60,SC,-0.044541950937085344,-0.0461583883676266,1441
momentum_quality_60,SF,-0.011054743605847562,-0.06762580129740438,1450
momentum_quality_60,SN,0.04491595194638592,0.05313943008804744,1450
momentum_quality_60,SR,-0.015976165656886546,-0.06970888771053634,1450
momentum_quality_60,TA,-0.024535254016464357,-0.029094550596284897,1446
momentum_quality_60,V,0.009187642119562502,0.008083966349820863,1450
momentum_quality_60,Y,-0.053380088835200463,0.018220387942493074,1450
momentum_quality_60,ZN,-0.060952891300821904,-0.05121088084870022,1450
vol_managed_momentum,AG,-0.04287154506464536,-0.059743237210872976,1448
vol_managed_momentum,AL,-0.011944692543641776,-0.027010354918830984,1450
vol_managed_momentum,AU,0.011956019760037007,0.004049840827836952,1450
vol_managed_momentum,BU,-0.04251496975414751,-0.05593767999200952,1448
vol_managed_momentum,C,0.07130421950935666,0.06768233429789555,1450
vol_managed_momentum,CF,0.07715490422940027,0.022771972097772777,1448
vol_managed_momentum,CS,-0.001967866801762704,-0.022715626627329,1449
vol_managed_momentum,CU,0.013118413159845528,-0.021639286256863153,1450
vol_managed_momentum,FU,-0.04707606855450877,-0.040353117741552785,1446
vol_managed_momentum,HC,0.05347666342483842,0.02708540697826525,1450
vol_managed_momentum,I,0.02587220727757596,0.031186534535281505,1448
vol_managed_momentum,J,-0.014871513448712294,-0.009266832804861383,1450
vol_managed_momentum,JM,0.04751142288605789,0.0521397888677213,1450
vol_managed_momentum,L,-0.03891846375207046,-0.05268498462634236,1450
vol_managed_momentum,M,0.05316828907604452,0.05228865470077475,1450
vol_managed_momentum,MA,-0.004647918193381581,-0.0026959926230309904,1448
vol_managed_momentum,NI,0.008884643827964101,0.0001953326892558905,1440
vol_managed_momentum,P,0.07485405967765434,0.06638755724312853,1448
vol_managed_momentum,PP,-0.018812918086957644,-0.019571081608228277,1450
vol_managed_momentum,RB,0.03162135304419915,-0.005863662704794058,1450
vol_managed_momentum,RM,-0.02917139367926709,-0.037211480776008866,1450
vol_managed_momentum,SA,0.061977518332473516,0.07944804136900686,1164
vol_managed_momentum,SC,0.02398170850653177,0.01901839225486365,1441
vol_managed_momentum,SF,-0.002781859047536659,-0.03892588504822636,1450
vol_managed_momentum,SN,0.02089038514120402,0.0005796747191039707,1450
vol_managed_momentum,SR,-0.020008771878844523,0.013875279741495716,1450
vol_managed_momentum,TA,0.02245569159453381,0.014839971134833435,1446
vol_managed_momentum,V,0.0408295082497924,0.035885319721293885,1450
vol_managed_momentum,Y,0.02103761785957977,0.011785979426583458,1450
vol_managed_momentum,ZN,-0.03098769721400015,-0.04184402093772977,1450
idiosyncratic_volatility_60,AG,0.03769864715372333,0.008087840072542622,1448
idiosyncratic_volatility_60,AL,-0.002304022161114927,0.050376553148571916,1450
idiosyncratic_volatility_60,AU,-0.008424333371240034,-0.029691455637657745,1450
idiosyncratic_volatility_60,BU,0.0870285992369123,0.07772690068942545,1448
idiosyncratic_volatility_60,C,0.12206223290007231,0.10164754837067982,1450
idiosyncratic_volatility_60,CF,0.04637115650040526,0.1004451608504796,1448
idiosyncratic_volatility_60,CS,0.032616950255621203,0.023769549401426927,1449
idiosyncratic_volatility_60,CU,0.06449894130171148,0.04878089779399299,1450
idiosyncratic_volatility_60,FU,-0.07331295896828474,-0.06210415261504377,1446
idiosyncratic_volatility_60,HC,-0.01399817457933807,0.02191735968617429,1450
idiosyncratic_volatility_60,I,-0.05177219738702367,-0.03250230798689409,1448
idiosyncratic_volatility_60,J,0.011857199748607413,0.039722557774756924,1450
idiosyncratic_volatility_60,JM,0.012681666658292262,0.03873302250588323,1450
idiosyncratic_volatility_60,L,0.06104036211646083,0.06824846217119618,1450
idiosyncratic_volatility_60,M,0.06184171115788907,0.07723059284160969,1450
idiosyncratic_volatility_60,MA,0.02102857817064462,0.030242594079518743,1448
idiosyncratic_volatility_60,NI,-0.01430243572280615,-0.023073858279778245,1440
idiosyncratic_volatility_60,P,0.015094511065883403,0.04736984509401211,1448
idiosyncratic_volatility_60,PP,0.054410157424864415,0.033779771842356,1450
idiosyncratic_volatility_60,RB,0.0055034733929379825,0.07284896182822004,1450
idiosyncratic_volatility_60,RM,0.03697535383014349,0.034169518053031325,1450
idiosyncratic_volatility_60,SA,0.05759138715148191,0.044713196923982054,1165
idiosyncratic_volatility_60,SC,0.03526516552665435,0.0432548744932414,1441
idiosyncratic_volatility_60,SF,-0.08708611718657917,-0.015174368667144522,1450
idiosyncratic_volatility_60,SN,-0.03863814374286397,0.015429845380548871,1450
idiosyncratic_volatility_60,SR,-0.003295958003311949,-0.001875277803038632,1450
idiosyncratic_volatility_60,TA,0.10054122129675126,0.09221547815730463,1446
idiosyncratic_volatility_60,V,0.03203396596348013,0.07468716577722434,1450
idiosyncratic_volatility_60,Y,0.06612714794424675,0.07657333613744507,1450
idiosyncratic_volatility_60,ZN,0.03203621576074193,0.0804557915074199,1450
term_structure_slope,AG,0.05636499739505829,0.05224068794326525,1330
term_structure_slope,AL,0.11962763005707994,0.11577040872499937,1450
term_structure_slope,AU,0.06976700050271001,0.05508724323754241,1448
term_structure_slope,BU,-0.06777020899098563,-0.07189942173292091,1351
term_structure_slope,C,-0.0796953397839588,-0.09795599081720793,1450
term_structure_slope,CF,-0.02603846124384106,-0.07234612924305041,1432
term_structure_slope,CS,-0.07333790629791524,-0.08969422401378581,1190
term_structure_slope,CU,0.12887798666779965,0.08722736620063658,1450
term_structure_slope,FU,-0.04444526659089147,-0.0677596809094198,1317
term_structure_slope,HC,0.0544071714399008,0.0788742855222725,1390
term_structure_slope,I,-0.05760610302150671,-0.029480023283162776,1448
term_structure_slope,J,0.04018498500397848,0.02356649020518265,792
term_structure_slope,JM,-0.07361982939903423,-0.05954131677542562,818
term_structure_slope,L,-0.007560204048081686,-0.046423938777797345,1239
term_structure_slope,M,0.03175566480293435,0.02019008408160356,1450
term_structure_slope,MA,-0.10087721030073936,-0.043807620730174045,1417
term_structure_slope,NI,0.0015441865878660578,-0.007332989289794715,1440
term_structure_slope,P,0.08820934775281089,0.11943935473587539,1328
term_structure_slope,PP,0.023561254387193687,0.05508093828955855,1343
term_structure_slope,RB,0.031244380567620373,0.05085726648143397,1403
term_structure_slope,RM,0.04266076194364802,0.006525165836087675,1435
term_structure_slope,SA,-0.03534026063462178,-0.04513732642340129,1169
term_structure_slope,SC,0.009086112672908327,-0.024263508099381336,1438
term_structure_slope,SF,-0.05443326419429469,-0.015533876488565992,1297
term_structure_slope,SN,0.030061138193245726,0.03232407771546851,1217
term_structure_slope,SR,-0.03398670883191986,-0.034641861860404626,1436
term_structure_slope,TA,-0.06975782786700044,-0.05212906451520211,1446
term_structure_slope,V,0.03010503712572127,0.0972571253111673,1343
term_structure_slope,Y,0.06468151528807906,0.06973542713513388,1354
term_structure_slope,ZN,0.07330691174177492,0.08835572701952607,1450
term_structure_momentum,AG,-0.01946159596529972,0.006581350514057391,1310
term_structure_momentum,AL,0.17286069326683695,0.15798971390568628,1450
term_structure_momentum,AU,0.023050164389726,0.03285175458258154,1432
term_structure_momentum,BU,-0.033411502596414025,-0.039405203829806286,1303
term_structure_momentum,C,-0.05613280968767231,-0.05883377905666936,1450
term_structure_momentum,CF,-0.020715334216962433,0.011085098143187012,1416
term_structure_momentum,CS,-0.20696607820897386,-0.22653775278985439,1102
term_structure_momentum,CU,0.14870250601939833,0.1832597423497106,1450
term_structure_momentum,FU,-0.044523006281538706,-0.05110288891082084,1251
term_structure_momentum,HC,-0.016670598121456368,-0.003497592587754184,1332
term_structure_momentum,I,-0.026331300740421917,0.009538543795898725,1448
term_structure_momentum,J,-0.04960759209974818,-0.09102716368404787,568
term_structure_momentum,JM,-0.05904847024106422,-0.09498753244095437,598
term_structure_momentum,L,0.03172213436528335,0.020910024583560723,1115
term_structure_momentum,M,0.11237419686204189,0.10822827615346388,1450
term_structure_momentum,MA,-0.046210086249620676,0.002908220027910019,1390
term_structure_momentum,NI,0.0129410734865984,0.011826882944984076,1440
term_structure_momentum,P,0.061302690711194235,0.032152176827629046,1232
term_structure_momentum,PP,0.02615125684268869,0.05262994271002975,1258
term_structure_momentum,RB,-0.0021943177071379527,-0.012048635654854901,1356
term_structure_momentum,RM,0.04940506334072725,0.024730156671551973,1420
term_structure_momentum,SA,0.0808665805330396,0.11918224732961642,1132
term_structure_momentum,SC,0.0020684729284322005,0.056397405323572666,1435
term_structure_momentum,SF,0.11537056543875276,0.03473211469049944,1219
term_structure_momentum,SN,0.11213758303335004,0.07541609440678756,1193
term_structure_momentum,SR,-0.10403521999922281,-0.10493041646493095,1422
term_structure_momentum,TA,0.043290141996711134,0.031086273405884768,1446
term_structure_momentum,V,0.0012665612210513862,0.07045243576051495,1273
term_structure_momentum,Y,0.08306991097755212,0.07951096248727232,1263
term_structure_momentum,ZN,0.10921280578717772,0.13748670647120995,1450
term_structure_acceleration,AG,-0.027792071547122568,-0.028468465506268154,1290
term_structure_acceleration,AL,0.1501111765334328,0.12780639928958962,1450
term_structure_acceleration,AU,-0.016897193748493557,-0.017302695586298593,1416
term_structure_acceleration,BU,-0.07108384475195884,-0.056924482245423534,1260
term_structure_acceleration,C,-0.040445534571167494,-0.043904410880425036,1450
term_structure_acceleration,CF,-0.09547223151114845,-0.04496502787000906,1400
term_structure_acceleration,CS,-0.20021741597230402,-0.22951377980502868,1062
term_structure_acceleration,CU,0.11756398450182531,0.17224603065051788,1450
term_structure_acceleration,FU,-0.06607956788678414,-0.1036901715695154,1200
term_structure_acceleration,HC,0.009879101128778229,0.022601738629072103,1274
term_structure_acceleration,I,-0.005861749539206071,0.028651931475801258,1448
term_structure_acceleration,J,-0.0790595676746483,-0.09495955220906475,430
term_structure_acceleration,JM,-0.10199897525709002,-0.18026685083919544,472
term_structure_acceleration,L,0.049210849797628395,0.03942046554361364,1031
term_structure_acceleration,M,0.11811479354571186,0.11907410773080797,1450
term_structure_acceleration,MA,0.03672450455635259,0.057055507013677544,1362
term_structure_acceleration,NI,0.07260645999647979,0.06420460913732964,1440
term_structure_acceleration,P,0.05967127008730875,0.021568047285755322,1136
term_structure_acceleration,PP,0.01764001319233219,0.06105342171604849,1172
term_structure_acceleration,RB,0.048631248205540656,-0.0014080869477325585,1309
term_structure_acceleration,RM,-0.058168123244437146,-0.031133706298236894,1405
term_structure_acceleration,SA,0.19779719279162042,0.17229868333776588,1104
term_structure_acceleration,SC,-0.06748856068907623,-0.028465549086150302,1432
term_structure_acceleration,SF,0.19958847703058322,0.06921928683319956,1164
term_structure_acceleration,SN,0.12270790178200573,0.1060553567464596,1170
term_structure_acceleration,SR,-0.06445188785837198,-0.057992470852010446,1408
term_structure_acceleration,TA,0.12859679636478652,0.1550957637700977,1446
term_structure_acceleration,V,0.03746907415675603,0.042666581934596895,1216
term_structure_acceleration,Y,0.09001454456921244,0.07098712976317202,1172
term_structure_acceleration,ZN,0.05811687466709876,0.08139534935211971,1450
basis_surprise,AG,0.039659458443664815,0.03889229632520218,1203
basis_surprise,AL,0.06733179842207393,0.08638163143468158,1202
basis_surprise,AU,0.05878319202333353,0.048265928653872456,1205
basis_surprise,BU,-0.04169849618343258,-0.025154872738638565,1203
basis_surprise,C,-0.034755527659531944,-0.04354415642767639,1205
basis_surprise,CF,-0.013361811452099736,0.03189534597773288,1203
basis_surprise,CS,0.024332459965438667,0.004994556013597709,1204
basis_surprise,CU,0.01184766078658975,0.052722476866465855,1195
basis_surprise,FU,,,0
basis_surprise,HC,-0.08081008615309222,-0.05938299859167821,1205
basis_surprise,I,,,0
basis_surprise,J,-0.019655676469085153,-0.05526816088707536,1198
basis_surprise,JM,0.12899608923415598,0.13074849494380453,1205
basis_surprise,L,-0.031118399651548223,-0.03636975358675975,1205
basis_surprise,M,-0.08387464112909152,-0.057828845861921496,1205
basis_surprise,MA,-0.11773671314078704,-0.10402206461138061,1203
basis_surprise,NI,0.05384670757278186,0.0644782746057333,1189
basis_surprise,P,0.059578393079640114,0.07456380570968009,1203
basis_surprise,PP,0.027351951861541424,0.0025280403412709426,1205
basis_surprise,RB,-0.04689658222496303,0.009350258737537817,1205
basis_surprise,RM,0.02499868429639421,0.051325145714999146,1205
basis_surprise,SA,-0.21092240003655302,-0.20050117516370772,955
basis_surprise,SC,,,0
basis_surprise,SF,0.01964496823765623,0.05338455273578443,1200
basis_surprise,SN,0.11913506976049128,0.06629062242404335,1200
basis_surprise,SR,0.09412666839453511,0.08046737556548782,1205
basis_surprise,TA,-0.022848767016246236,-0.02149198901862042,1201
basis_surprise,V,-0.13805601092819705,-0.04073980096696681,1205
basis_surprise,Y,0.046031634162680926,0.05585466399598397,1205
basis_surprise,ZN,0.1075994609712942,0.13356697522344824,1195
inventory_acceleration,AG,,,1439
inventory_acceleration,AL,-0.03035594769756206,-0.035160693666328166,1441
inventory_acceleration,AU,-0.0705809507629966,-0.10244766051787939,1441
inventory_acceleration,BU,0.0012159005056991518,0.0793406361559311,1439
inventory_acceleration,C,,,0
inventory_acceleration,CF,,,0
inventory_acceleration,CS,,,0
inventory_acceleration,CU,0.049587785279562986,0.03419650475431621,1441
inventory_acceleration,FU,0.020449042185066282,0.05274266711415496,1437
inventory_acceleration,HC,,,1441
inventory_acceleration,I,,,0
inventory_acceleration,J,,,0
inventory_acceleration,JM,,,0
inventory_acceleration,L,,,0
inventory_acceleration,M,,,0
inventory_acceleration,MA,,,0
inventory_acceleration,NI,0.005825002774560318,0.046496567995856095,1431
inventory_acceleration,P,,,0
inventory_acceleration,PP,,,0
inventory_acceleration,RB,,,0
inventory_acceleration,RM,,,0
inventory_acceleration,SA,,,0
inventory_acceleration,SC,,,0
inventory_acceleration,SF,,,0
inventory_acceleration,SN,-0.000985808177898561,-0.006249479462660128,1441
inventory_acceleration,SR,,,0
inventory_acceleration,TA,,,0
inventory_acceleration,V,,,0
inventory_acceleration,Y,,,0
inventory_acceleration,ZN,0.004769027709134211,-0.0124673003191421,1441
inventory_price_divergence,AG,0.05864662750859524,0.0951489722660734,1442
inventory_price_divergence,AL,0.05923861206804885,0.04421749810711728,1444
inventory_price_divergence,AU,0.059054067461851,0.07630042259658079,1444
inventory_price_divergence,BU,0.09346923218978956,0.07013240426513136,1442
inventory_price_divergence,C,,,0
inventory_price_divergence,CF,,,0
inventory_price_divergence,CS,,,0
inventory_price_divergence,CU,0.02417800035084518,0.037208929201878835,1444
inventory_price_divergence,FU,0.019456579472052923,0.11456761897050445,1440
inventory_price_divergence,HC,-0.047209143771112363,-0.061831155950235805,1444
inventory_price_divergence,I,,,0
inventory_price_divergence,J,,,0
inventory_price_divergence,JM,,,0
inventory_price_divergence,L,,,0
inventory_price_divergence,M,,,0
inventory_price_divergence,MA,,,0
inventory_price_divergence,NI,0.07133585141274605,0.07223977799211101,1434
inventory_price_divergence,P,,,0
inventory_price_divergence,PP,,,0
inventory_price_divergence,RB,,,0
inventory_price_divergence,RM,,,0
inventory_price_divergence,SA,,,0
inventory_price_divergence,SC,,,0
inventory_price_divergence,SF,,,0
inventory_price_divergence,SN,0.0009853039591813393,0.0014518640050649148,1444
inventory_price_divergence,SR,,,0
inventory_price_divergence,TA,,,0
inventory_price_divergence,V,,,0
inventory_price_divergence,Y,,,0
inventory_price_divergence,ZN,0.019515173749177127,0.029090605158716754,1444
supply_demand_shock,AG,,,0
supply_demand_shock,AL,,,0
supply_demand_shock,AU,,,0
supply_demand_shock,BU,,,0
supply_demand_shock,C,,,0
supply_demand_shock,CF,,,0
supply_demand_shock,CS,,,0
supply_demand_shock,CU,,,0
supply_demand_shock,FU,,,0
supply_demand_shock,HC,,,0
supply_demand_shock,I,,,0
supply_demand_shock,J,,,0
supply_demand_shock,JM,,,0
supply_demand_shock,L,,,0
supply_demand_shock,M,,,0
supply_demand_shock,MA,,,0
supply_demand_shock,NI,,,0
supply_demand_shock,P,,,0
supply_demand_shock,PP,,,0
supply_demand_shock,RB,,,0
supply_demand_shock,RM,,,0
supply_demand_shock,SA,,,0
supply_demand_shock,SC,,,0
supply_demand_shock,SF,,,0
supply_demand_shock,SN,,,0
supply_demand_shock,SR,,,0
supply_demand_shock,TA,,,0
supply_demand_shock,V,,,0
supply_demand_shock,Y,,,0
supply_demand_shock,ZN,,,0
crowding,AG,,,0
crowding,AL,,,0
crowding,AU,,,0
crowding,BU,,,0
crowding,C,,,0
crowding,CF,,,0
crowding,CS,,,0
crowding,CU,,,0
crowding,FU,,,0
crowding,HC,,,0
crowding,I,,,0
crowding,J,,,0
crowding,JM,,,0
crowding,L,,,0
crowding,M,,,0
crowding,MA,,,0
crowding,NI,,,0
crowding,P,,,0
crowding,PP,,,0
crowding,RB,,,0
crowding,RM,,,0
crowding,SA,,,0
crowding,SC,,,0
crowding,SF,,,0
crowding,SN,,,0
crowding,SR,,,0
crowding,TA,,,0
crowding,V,,,0
crowding,Y,,,0
crowding,ZN,,,0
oi_surprise_60,AG,0.014961009867589758,0.01511485520564273,1448
oi_surprise_60,AL,-0.012988837237391374,-0.058936134231681286,1450
oi_surprise_60,AU,-0.010494090129203009,-0.04599070009143012,1450
oi_surprise_60,BU,0.03899394899765063,0.057748945406062645,1448
oi_surprise_60,C,0.017833034674692015,0.06435558115593677,1450
oi_surprise_60,CF,0.02011168476431059,0.023054143658725993,1448
oi_surprise_60,CS,0.07955650051890836,0.0425813200117943,1449
oi_surprise_60,CU,0.01604419679290449,-0.005433941630427755,1450
oi_surprise_60,FU,-0.016337996188758728,-0.011683921894968469,1446
oi_surprise_60,HC,0.0017495896233566913,-0.019081203554541497,1450
oi_surprise_60,I,-0.026393627057738865,-0.05893404283378599,1448
oi_surprise_60,J,0.004550362058556926,0.0022412954773707795,1450
oi_surprise_60,JM,0.03231168053167361,0.026916753742282837,1450
oi_surprise_60,L,0.0016092046429786982,0.008485351810721116,1450
oi_surprise_60,M,0.0005141191489100113,-0.052542886229043385,1450
oi_surprise_60,MA,-0.006020535046965039,-0.012957506751318435,1448
oi_surprise_60,NI,-0.01570218900348953,-0.01311798359469444,1440
oi_surprise_60,P,-0.008232535268279793,-0.0013200915655866884,1448
oi_surprise_60,PP,0.02357690196531954,0.03220756979597751,1450
oi_surprise_60,RB,0.03573836789142951,0.005586904359224201,1450
oi_surprise_60,RM,-0.010159636652828116,-0.03619704250642511,1450
oi_surprise_60,SA,-0.032265701566245045,-0.03769628486702157,1203
oi_surprise_60,SC,6.230617204287022e-05,-0.00792398253671515,1441
oi_surprise_60,SF,-0.01505387868499052,-0.025426938338251572,1450
oi_surprise_60,SN,-0.020553887842270125,-0.0350352046581809,1450
oi_surprise_60,SR,-0.03186752001315777,0.006918405609580042,1450
oi_surprise_60,TA,-0.01652945423887718,-0.027271988784777903,1446
oi_surprise_60,V,-0.009281150273546009,-0.01985830112076079,1450
oi_surprise_60,Y,0.01862533166828067,0.06706683738726475,1450
oi_surprise_60,ZN,0.024589801455616695,0.017835013858568283,1450
volume_price_divergence_20,AG,-0.013822991712146916,-0.01813620888718998,1448
volume_price_divergence_20,AL,0.05333984981141543,0.04173126341220129,1450
volume_price_divergence_20,AU,0.007114927552783893,0.002642902262985887,1450
volume_price_divergence_20,BU,0.0005835731579153623,0.006485850841770521,1448
volume_price_divergence_20,C,-0.05120712997237833,-0.08173650210442401,1450
volume_price_divergence_20,CF,0.03779799970903757,0.04300501451887897,1448
volume_price_divergence_20,CS,-0.139905401949624,-0.14713663606797642,1449
volume_price_divergence_20,CU,0.06346436315262237,0.023092077669341,1450
volume_price_divergence_20,FU,-0.08040182762050098,-0.07667644056157422,1446
volume_price_divergence_20,HC,0.06532566546110238,0.07755175618086137,1450
volume_price_divergence_20,I,-0.0040420071107630535,0.0010283272672268915,1448
volume_price_divergence_20,J,-0.001527517148764926,-0.013298283770444862,1450
volume_price_divergence_20,JM,0.013145988801347474,0.02591964464620871,1450
volume_price_divergence_20,L,-0.06228880374909384,-0.06317729035706637,1450
volume_price_divergence_20,M,0.052479973591077145,0.043790306160646046,1450
volume_price_divergence_20,MA,0.011887547957756449,0.008481263312434267,1448
volume_price_divergence_20,NI,-0.04703742664103695,-0.053325841926445836,1439
volume_price_divergence_20,P,0.03521177179295198,0.01324088567244541,1448
volume_price_divergence_20,PP,-0.07727012682099879,-0.08332089468656925,1450
volume_price_divergence_20,RB,0.0030327148744594807,0.01602139778024424,1450
volume_price_divergence_20,RM,0.019971335398759525,0.01925279412289149,1450
volume_price_divergence_20,SA,-0.008399653289998057,-0.010622906667913877,1204
volume_price_divergence_20,SC,-0.011157996147992018,-0.012085893095228986,1441
volume_price_divergence_20,SF,-0.08620298810353705,-0.06674840747009803,1450
volume_price_divergence_20,SN,0.04908906513722564,0.024314854485723566,1450
volume_price_divergence_20,SR,-0.07751904413622467,-0.10149746375307422,1450
volume_price_divergence_20,TA,-0.018919305644484484,-0.024698615045577355,1446
volume_price_divergence_20,V,-0.00826024435610029,-0.017316369410325338,1450
volume_price_divergence_20,Y,-0.004786627142852777,-0.015629903939891242,1450
volume_price_divergence_20,ZN,-0.05627050174255824,-0.06641448799208143,1450
momentum_carry_interaction,AG,0.025560909749920695,0.00743106517255689,1436
momentum_carry_interaction,AL,-0.010130778607134436,-0.07600664590317491,1450
momentum_carry_interaction,AU,0.04878524840597984,0.07867654411744597,1450
momentum_carry_interaction,BU,0.07656868812123299,0.005148912051666554,1448
momentum_carry_interaction,C,-0.014553213913644444,-0.00831534904259916,1450
momentum_carry_interaction,CF,-0.003912257786746653,-0.005296420116878601,1448
momentum_carry_interaction,CS,-0.02752688131304906,-0.06833233003217475,1449
momentum_carry_interaction,CU,0.0490744770451322,0.03866780807574113,1450
momentum_carry_interaction,FU,-0.005579155991765307,-0.06011481946674502,1446
momentum_carry_interaction,HC,0.023541898178426997,0.05759892691867253,1450
momentum_carry_interaction,I,-0.000951533296738555,0.005865173698006737,1448
momentum_carry_interaction,J,0.07292043626976798,0.020683213001426528,1450
momentum_carry_interaction,JM,0.06360713703933793,-0.008622409208112794,1450
momentum_carry_interaction,L,0.001038981358173855,-0.03883954529151563,1450
momentum_carry_interaction,M,0.11587028294476676,0.10998182162599968,1450
momentum_carry_interaction,MA,0.051035335792694085,0.0891206888493796,1448
momentum_carry_interaction,NI,-0.02960195152265487,-0.007941383330739458,1440
momentum_carry_interaction,P,-0.04377356365107787,-0.011146000902634684,1448
momentum_carry_interaction,PP,-0.04992952875668735,-0.029368574924925304,1450
momentum_carry_interaction,RB,0.009122289367515512,0.008806716257651186,1450
momentum_carry_interaction,RM,0.07404722479307438,0.12942224300765243,1450
momentum_carry_interaction,SA,-0.014740403698919064,-0.016004192419881564,1164
momentum_carry_interaction,SC,-0.033697261948060026,-0.025655625799869172,1441
momentum_carry_interaction,SF,-0.08433473122124821,-0.0036237608285699914,1450
momentum_carry_interaction,SN,0.16667973097250197,0.15326483514804506,1430
momentum_carry_interaction,SR,-0.07876145986382777,-0.018745935048961215,1450
momentum_carry_interaction,TA,-0.03230741230818379,-0.04056207642473625,1446
momentum_carry_interaction,V,-0.005807301407257765,-0.01703571829078402,1450
momentum_carry_interaction,Y,-0.10272384939204585,-0.047260099128940955,1450
momentum_carry_interaction,ZN,0.04172646414920119,0.008877171646257878,1450
nonlinear_tightness,AG,-0.02891422759006437,-0.025808808549800777,1186
nonlinear_tightness,AL,0.03358963618526374,0.04836622222305557,1433
nonlinear_tightness,AU,0.01863822089663795,0.0952529055604206,1386
nonlinear_tightness,BU,-0.10189021129290965,-0.05473302751181347,1431
nonlinear_tightness,C,0.034843249960168236,0.04001406268290799,1200
nonlinear_tightness,CF,0.05304839928050406,0.03203342719246524,1198
nonlinear_tightness,CS,-0.0018083786691342858,0.07069047584134452,1096
nonlinear_tightness,CU,0.009523510585115734,0.027321473364138392,1433
nonlinear_tightness,FU,-0.006718429868249652,-0.0535177204553588,1398
nonlinear_tightness,HC,-0.03432446559444088,0.04293633262410376,1200
nonlinear_tightness,I,,,0
nonlinear_tightness,J,-0.018557942611245538,-0.015234055520582676,1100
nonlinear_tightness,JM,0.14383459382995425,0.12035385285808801,502
nonlinear_tightness,L,-0.03646650088219643,0.012548633897013774,1187
nonlinear_tightness,M,-0.08597563459754634,-0.04493837739192608,1200
nonlinear_tightness,MA,-0.022257402378066598,-0.048070318502537034,1174
nonlinear_tightness,NI,0.006265751353630499,0.007710986042173599,1423
nonlinear_tightness,P,-0.14992141066893852,0.09078615938082556,1198
nonlinear_tightness,PP,0.026357234464335067,0.018204674609435305,1195
nonlinear_tightness,RB,0.054299484350589906,0.06684136801913407,1200
nonlinear_tightness,RM,-0.01820227806388256,0.01424825499051816,1200
nonlinear_tightness,SA,-0.013506561560726986,-0.14783424349058963,639
nonlinear_tightness,SC,,,0
nonlinear_tightness,SF,0.002529528316261564,0.02849287247756073,1195
nonlinear_tightness,SN,-0.06793508321745391,0.07035224836621051,1432
nonlinear_tightness,SR,0.020217285284850426,0.014837287141057046,1200
nonlinear_tightness,TA,-0.03949053913823656,-0.0471968125758254,1196
nonlinear_tightness,V,-0.033723618477314185,0.08262178166660644,1200
nonlinear_tightness,Y,-0.01647070408945851,0.01150959404079453,1200
nonlinear_tightness,ZN,0.05846871191719785,0.0342614262278943,1433
commodity_network_factor,AG,,,0
commodity_network_factor,AL,,,0
commodity_network_factor,AU,,,0
commodity_network_factor,BU,,,0
commodity_network_factor,C,,,0
commodity_network_factor,CF,,,0
commodity_network_factor,CS,,,0
commodity_network_factor,CU,,,0
commodity_network_factor,FU,,,0
commodity_network_factor,HC,,,0
commodity_network_factor,I,,,0
commodity_network_factor,J,,,0
commodity_network_factor,JM,,,0
commodity_network_factor,L,,,0
commodity_network_factor,M,,,0
commodity_network_factor,MA,,,0
commodity_network_factor,NI,,,0
commodity_network_factor,P,,,0
commodity_network_factor,PP,,,0
commodity_network_factor,RB,,,0
commodity_network_factor,RM,,,0
commodity_network_factor,SA,,,0
commodity_network_factor,SC,,,0
commodity_network_factor,SF,,,0
commodity_network_factor,SN,,,0
commodity_network_factor,SR,,,0
commodity_network_factor,TA,,,0
commodity_network_factor,V,,,0
commodity_network_factor,Y,,,0
commodity_network_factor,ZN,,,0
correlation_risk_20_120,AG,-0.006728474555670455,-0.022399879994699966,1448
correlation_risk_20_120,AL,0.02818858802686382,0.03180439467572028,1450
correlation_risk_20_120,AU,-0.010233345993196323,-0.0011104755893243258,1450
correlation_risk_20_120,BU,-0.10272775128863111,-0.12913236165082417,1448
correlation_risk_20_120,C,-0.013845644504609893,-0.008995597012851636,1450
correlation_risk_20_120,CF,-0.010467041441836541,-0.0377754648082936,1448
correlation_risk_20_120,CS,0.025761331545535494,0.019736531415657173,1449
correlation_risk_20_120,CU,0.006745917490762704,0.011699486777421234,1450
correlation_risk_20_120,FU,-0.06718273339137519,-0.07544215194886,1446
correlation_risk_20_120,HC,0.013089146311729426,0.00789629832857238,1450
correlation_risk_20_120,I,-0.04420022770398556,-0.04178850016311586,1448
correlation_risk_20_120,J,0.03762218291259833,0.017493817288303033,1450
correlation_risk_20_120,JM,0.07914766468669276,0.0503864229991578,1450
correlation_risk_20_120,L,0.11073657719287595,0.12167120935013509,1450
correlation_risk_20_120,M,-0.09436438411028708,-0.05493444884403353,1450
correlation_risk_20_120,MA,0.04678485757354591,0.03649732747854456,1448
correlation_risk_20_120,NI,0.0015762013171308153,-0.045157208424160974,1440
correlation_risk_20_120,P,-0.046173304464184585,-0.05003975524567371,1448
correlation_risk_20_120,PP,0.09194563613721365,0.10149374260222063,1450
correlation_risk_20_120,RB,0.010396180028253267,0.012262109712245695,1450
correlation_risk_20_120,RM,-0.09303832814709434,-0.05091630483865713,1450
correlation_risk_20_120,SA,0.057039690805425466,0.0230281410970026,1104
correlation_risk_20_120,SC,-0.04517091831807371,-0.04406575074349054,1441
correlation_risk_20_120,SF,0.02589356287402429,-0.02381079759351748,1450
correlation_risk_20_120,SN,-0.04365623567442295,-0.07830861570297849,1450
correlation_risk_20_120,SR,-0.0009637502561753034,-0.0056781357020768575,1450
correlation_risk_20_120,TA,-0.03852081761903796,-0.04007378044586288,1446
correlation_risk_20_120,V,0.039334168017053944,0.027051021302617297,1450
correlation_risk_20_120,Y,-0.01329980462552291,-0.031998680395855066,1450
correlation_risk_20_120,ZN,0.0479126165332348,-0.007836741743375886,1450
